ToolID,CycleToFailure,CycleToFailureNormalized,Current___Driving_axle_X_L2___mean_RollingMean,Current - Driving axle X L2 - mean,Current___Driving_axle_X_L2___max_RollingMean,Current___Driving_axle_Y_L1___mean_RollingMean,Current - Driving axle X L1 - std,Current___Driving_axle_X_L1___skew_RollingMean,Current___Spindle_L3___mean_RollingMean,Current - Driving axle X L1 - max,Current___Driving_axle_X_L2___mean_BaselineDeviation,Current___Driving_axle_Y_L2___mean_RollingSTD,Current___Driving_axle_Y_L2___std_RollingSTD,Current - Spindle L3 - mean,Current___Driving_axle_X_L1___std_BaselineDeviation,Current - Driving axle Y L2 - mean,Current - Driving axle Y L3 - mean,Current - Driving axle Y L2 - std,Current___Driving_axle_X_L1___mean_RollingSTD,Current___Driving_axle_Y_L3___mean_RollingSTD,Current___Driving_axle_Y_L1___mean_RollingSTD,Current___Driving_axle_Y_L2___kurtosis_RollingMean,Current - Driving axle X L1 - skew,Current___Driving_axle_Y_L2___std_BaselineDeviation,Current___Driving_axle_X_L2___max_BaselineDeviation,Current___Driving_axle_Y_L1___mean_BaselineDeviation,Current___Driving_axle_Y_L2___mean_BaselineDeviation,Current___Spindle_L3___kurtosis_RollingSTD,Current___Spindle_L3___std_RollingMean,Current___Driving_axle_Y_L1___max_RollingMean,Current___Driving_axle_Y_L1___max_BaselineDeviation,Current - Driving axle Y L1 - max,Accelerometer___Spindle_plusY___min_RollingSTD,Accelerometer - Y Driving axle -X - std,Current___Driving_axle_X_L1___skew_BaselineDeviation,Accelerometer___X_Driving_axle__X___skew_RollingMean,Accelerometer___Y_Driving_axle__X___kurtosis_RollingMean,Current___Spindle_L3___kurtosis_RollingMean,Current___Driving_axle_Y_L2___min_RollingSTD,Current___Spindle_L2___mean_RollingSTD,Accelerometer___Spindle__X___max_RollingMean,Accelerometer - Spindle +Y - skew
2,49,1.0,5213.782025386825,5213.782025386825,13297.0,4422.503177985732,3234.7386194735936,0.0860175545818063,146761.47723524505,12854.0,0.0,,,146761.47723524505,0.0,4569.157342722135,4503.373946076161,4308.164642998167,,,,-0.3710054093470769,0.0860175545818063,0.0,0.0,0.0,0.0,,38097.7521307897,14857.0,0.0,14857.0,,14.350767161805306,0.0,-0.1438521641086512,1.91475418040016,6.650773583069993,,,1978.0,-8.162489286618888
2,48,0.979591837,5201.5476997906935,5189.313374194562,13493.5,4765.472663957506,3564.548480689119,0.1569553714598039,150157.39104572247,13385.0,-24.46865119226277,648.5238487467801,398.2445855360448,153553.30485619992,329.8098612155254,5486.308565142229,5222.735690711928,4871.367537004894,56.048846330575664,508.6655677581368,485.0320985414115,-0.5076755949202838,0.2278931883378016,563.2028940067266,393.0,685.9389719435476,917.1512224200942,2.378529441558928,45970.65665174226,15089.5,465.0,15322.0,953.179941039466,14.544387440385853,0.1418756337559953,-0.1747614451983162,2.070599672473704,4.968899285691823,17.67766952966369,4948.8200870735045,1780.0,-9.30656199938995
2,47,0.959183673,4740.297133390327,3817.796000589594,15306.333333333334,4335.964104539122,3723.369163179466,0.4204495806477021,147033.0459458422,18546.0,-1395.986024797231,863.5381033445623,285.9182462269904,140784.35574608165,488.6305437058722,3760.365842873288,3542.337566943448,4675.495931441893,809.6736481609219,843.0905542532741,819.1830541147133,0.3307036173367763,0.9474379990234986,367.3312884437255,5635.0,-945.556192283378,-808.7914998488468,2.063806021155935,48775.17377693206,17742.333333333332,8191.0,23048.0,3142.3284360486573,18.712431320758974,0.8614204444416923,-0.1068011162623448,53.389359678534255,4.278345367744262,16.441816606851358,6909.619428487871,1703.0,-4.977790886086608
2,46,0.93877551,4456.133220706282,3603.6414826541472,14093.75,4359.117577135133,3175.931906578182,0.4260661633055608,145084.34562023,9360.0,-1610.1405427326777,706.286186197153,309.6643412653155,139238.2446433933,-58.80671289541169,4687.936539563829,4487.194557414636,4211.43972487478,879.3534501116119,689.1327496606727,670.4612222981206,0.2573436992196048,0.4429159112791368,-96.7249181233874,-2841.0,6.074816937433752,118.7791968416941,1.720932690466052,49611.0410730056,18175.75,4619.0,19476.0,2802.3111295262465,11.967553733609922,0.3568983566973305,-0.09907449962747,42.8129964291861,4.103646247963711,15.21786231155129,6867.7939204784125,1687.5,-6.816490102796722
2,45,0.918367347,4638.189147825521,5366.412856302476,14493.0,4390.717720727305,3549.303571156925,0.3951152643095127,145555.0291924066,15579.0,152.63083091565113,611.7116281342227,272.8531409879738,147437.76348111307,314.5649516833314,4643.403943169867,4599.4285790684,4629.085473752747,872.9025493766225,601.1082885527014,584.920108501449,0.3192242520581973,0.2713116683253206,320.9208307545796,2793.0,94.61511711026289,74.24660044773191,2.018542317001909,48057.14187674397,18354.4,4212.0,19069.0,2723.4348165506,16.940312449608793,0.1852941137435143,-0.1119692631735677,38.37282400593845,4.7124657765091404,14.35966573427111,6003.418831917478,1690.8,-8.005567537694569
2,44,0.897959184,4706.222832807396,5553.950450296203,14528.4,4531.755783209123,3453.496345842143,0.4006992539679332,147169.51654164563,13311.0,340.1684249093778,710.7864313556514,286.81176294436096,154833.91398144027,218.75772636854936,5457.404855665513,5188.833202068281,4946.701927507518,923.3712282697792,682.9295291991293,672.9023754895956,0.4789138602953057,0.1139375028739087,638.5372845093507,177.0,705.1903124090904,888.2475129433788,1.7112193529850213,49934.40460716781,19379.6,5126.0,19983.0,2381.668574760141,19.178287803648743,0.0279199482921024,-0.1338791507099444,41.55737877263616,4.15327957771062,14.370107863199909,7347.567920693373,1569.2,-5.922232120033127
2,43,0.87755102,4577.517421606894,4545.786318192047,14405.8,4273.533730565987,3553.7579077154905,0.4160999188583679,145831.49484773874,12670.0,-667.9957071947783,652.7931483270372,283.1800892384256,146863.19638666537,319.0192882418969,4066.785932426785,3864.904040891118,4381.1053957444,884.5216685658631,646.4148988000786,643.3567485705231,0.8780510294713963,0.3048965127899746,72.94075274623265,-220.0,-605.1712912721309,-502.3714102953495,1.8734284321739043,50593.52382019654,20242.8,4781.0,19638.0,2280.142758688587,14.856969229544216,0.2188789582081683,-0.1575821675356644,45.47550313150354,3.965872561963361,3.5637059362410675,6261.920968521382,1530.4,-7.871789359114883
2,42,0.857142857,4686.660395112124,4363.510868115749,13268.2,4256.0560083155015,3123.398265591268,0.2519595563410501,145727.0416609174,12307.0,-850.2711572710759,676.3175557340393,437.8681726972015,140262.08981197493,-111.34035388232589,3681.6389851980266,3412.231664221896,3783.474638516522,802.6068976766181,687.6793701317641,671.0004206365469,0.7954963149948954,0.1267361864369098,-524.6900044816452,-53.0,-1032.944803535805,-887.5183575241081,1.8724473771776533,51752.58115945669,19489.8,4426.0,19283.0,2180.1946014060304,15.444265673228996,0.0407186318551034,-0.2532146901353863,18.93324079222496,3.967251674506485,5.029910535983694,6300.250565826947,1579.6,-8.32011403988914
2,41,0.836734694,5031.223635633631,5326.457685261683,14436.0,4270.278514147853,3576.844502366394,0.2105392619707938,146621.787943992,15593.0,112.67565987485796,671.7460012149322,434.7490234417926,143711.97605876648,342.1058828928003,4604.062843492941,4577.133014835303,4625.908945791435,558.0044136595739,694.5975032111712,676.3040738137096,0.880057208114148,0.2358144394278556,317.7443027932677,2998.0,77.18734609918465,34.90550077080661,1.859962588597248,50742.72367724375,19496.2,4651.0,19508.0,1934.7528265905185,17.575337555969057,0.1497968848460493,-0.2667287375673173,20.56612682506164,4.055521692333516,5.291502622129159,5476.105616121796,1581.8,-7.902251145486701
2,40,0.816326531,4903.623575256439,4728.4125544165145,13991.0,4445.893894589402,3788.926039479835,0.2261265471769155,146970.04692590452,13781.0,-485.3694709703104,858.5563921870457,428.8926764910731,149179.05839067546,554.1874200062412,5663.19050695127,5452.526021626176,4546.7847890273415,522.1439322745456,862.3122274945937,848.5064316747787,0.6210108001659362,0.3492480943559289,238.62014602917407,568.0,972.6920193180176,1094.0331642291358,0.7155965142703912,52545.67809318218,19519.6,4329.0,19186.0,1928.3549206512787,15.801564370506131,0.2632305397741226,-0.2872142138726679,20.37180033498853,3.3726791728550287,10.526157893552597,5593.952647062466,1547.6,-8.892362060125247
2,39,0.795918367,4649.380130273012,4282.733225379066,13745.0,4124.115467377507,3508.080856403474,0.281513339355995,145892.47289746572,11831.0,-931.0488000077584,823.9726063803344,336.9575211666799,149446.0438392463,273.3422369298805,3717.667010157515,3559.4894155748566,4182.757403056919,437.6586540733919,844.1855278654615,830.1800658040015,1.019447197419296,0.3908714637693063,-125.407239941248,-1053.0,-903.7018236503864,-851.4903325646196,2.335019258492124,50693.92762615849,19520.2,5129.0,19986.0,1065.416725980965,14.24051973433122,0.3048539091875,-0.3114862037933025,21.495311084061576,4.253426194864602,10.899541274750955,3973.8129861866714,1586.4,-9.427499237726336
2,38,0.775510204,4566.592452721126,4131.847930432615,13743.6,3993.8865853595607,3227.9794914252016,0.2723890026969821,144293.1090907722,12022.0,-1081.9340949542102,918.2531700483776,420.9809470316373,138866.37735319787,-6.7591280483920855,3445.203839920209,3188.4428998877947,3712.271076893272,504.2240369762417,953.133506270078,934.8138622447076,1.07058210313351,0.2592748294949096,-595.8935661048954,-227.0,-1256.3157013618693,-1123.953502801926,2.274763566893532,50978.05010736959,19308.8,3724.0,18581.0,580.269764850796,15.945732081888403,0.1732572749131033,-0.3268907686331241,21.310154451150257,4.315898370764375,10.449880382090493,4858.774205543189,1710.8,-9.189666319365427
2,37,0.755102041,4786.607454344213,5463.585876231184,14374.4,4201.41958989719,3660.3557293615527,0.2946662542878032,146137.86584683103,15732.0,249.80385084435875,870.8621656873129,392.32124281309086,149485.87359226908,425.61710988795903,4538.887660286192,4496.071882549712,4609.2529469302,629.0591606688462,896.8322819420455,880.7278657818376,0.8404733530423488,0.2381224443910158,301.08830393203243,3101.0,4.720219152346544,-30.26968243594274,2.4331049698208336,46451.82150295968,19386.2,4813.0,19670.0,579.3800134626651,17.0345446599765,0.1521048898092095,-0.2757538779463346,19.2539152298096,5.191962693010289,8.124038404635948,4664.278664500984,1676.4,-7.461437122754727
2,36,0.734693878,4805.939346499765,5423.117146039442,14053.8,4301.512547125676,3733.158297481305,0.3042240187187845,147175.0963574128,14256.0,209.33512065261675,959.473105761758,515.0351899927789,148898.1286116753,498.41967800771135,5279.328899954137,5047.181550153967,5092.585114612452,637.9734311097892,961.3891914374452,948.9002179595756,0.7675373211412992,0.283603261582762,784.4204716142849,1395.0,577.6521322416156,710.1715572320027,2.9331275190347665,49313.332773302274,19360.4,4522.0,19379.0,515.3146611537444,19.775199342406708,0.1975857070009557,-0.2787134149991424,18.768672078499755,4.695831075354858,7.8102496759066415,4608.296733791764,1659.2,-9.32273680912354
2,35,0.714285714,4566.4370136020425,3530.900889927902,13783.0,4057.843037948015,3498.0320412233013,0.3625996601483212,145187.42852541644,12386.0,-1682.881135458923,722.0119247458837,540.088304531028,139240.71923069368,263.2934217497077,4363.830717246528,4207.2954442763685,4006.855820848616,848.2358607573846,739.7002289350584,728.7269624115772,0.7887680111309369,0.6411263015036123,-301.30882214955136,-786.0,-245.65552657029457,-205.3266254756063,2.888276778631633,48529.29461313396,18986.0,2457.0,17314.0,544.7781199717904,13.28142382385692,0.555108746921806,-0.2711028703311456,17.71358169424508,4.8611900264139845,5.567764362830004,5545.631611521417,1675.8,-7.024473592220275
2,34,0.693877551,4733.38223046782,5117.459309707953,13959.8,4131.753281529365,3108.477535451288,0.2843472947630369,145389.92201621507,12558.0,-96.32271567887165,655.8788092396162,602.5368526203068,150458.51129323943,-126.26108402230555,4267.885259148101,3898.033822001616,3733.528215736204,850.9722977288899,691.835885601237,677.3144402241049,0.5421130514734911,-0.0003903631571152,-574.6364272619635,-169.0,-534.1506057436295,-301.2720835740338,2.1982891067127097,52048.369012922485,18721.0,3804.0,18661.0,596.4448842935938,18.15368205672165,-0.0864079177389215,-0.2427303419638849,15.911068551278843,3.8723560595184985,4.9193495504995175,5692.257882962826,1770.6,-8.894042678963546
2,33,0.673469388,5000.870333948001,5469.288447833524,14678.0,4399.644730759896,3797.202773457861,0.2930852189544191,147608.36085928703,15980.0,255.5064224466987,397.2410953448946,555.2674054585204,149958.5715685576,562.4641539842673,4638.141034777651,4608.52251995439,4743.477042659714,824.7408905041423,432.2730264932639,413.4210163759403,0.2818785247218142,0.3029644504518205,435.3123996615468,3364.0,83.14154479077934,68.98369205551626,2.1807572026945525,48685.42831908236,18800.2,4120.0,18977.0,672.3003049233268,18.454199583770308,0.2169468958700142,-0.1983608670628846,15.736980740206656,4.4508146985369486,5.215361924162103,4516.9248289808165,1682.4,-2.801209852885468
2,32,0.653061224,4850.124283304895,4709.855623015652,14295.2,4465.375041584605,3935.204314427997,0.3483858954337556,148065.03462298104,14242.0,-503.926402371173,424.9416350291224,599.2377814866115,151769.24241073916,700.4656949544033,4988.805826324291,4761.05453127611,4941.930822783506,777.9784936422394,454.7735469664316,443.9044845119308,0.2405314674265128,0.5146258267876987,633.7661797853389,1187.0,333.371773275896,419.6484836021564,1.5253461642233512,51580.8206470767,18931.6,5470.0,20327.0,2840.215960098809,17.76846587757172,0.4286082722058925,-0.1979311838204618,16.684390296911403,3.615753524631896,5.099019513592767,4896.460151498323,1699.4,-3.0047946501540355
2,31,0.632653061,4593.245803426852,4138.724746649232,14030.6,4468.71308164222,3688.4824672750833,0.3906871425503204,147634.8145070533,12676.0,-1075.0572787375932,407.447021907892,500.9037348107422,146747.0280320366,453.74384780148966,5226.429933529475,5051.121962514983,4324.9670050308805,756.384418742601,455.9511391932704,448.96514210327314,0.0778731643562397,0.4951094971655861,16.802362032713063,72.0,594.3423325296872,657.2725908073407,0.9928527437777748,49517.955625578245,18891.0,4319.0,19176.0,2897.280673321105,15.865194031867226,0.4090919425837798,-0.2144018251263601,17.319901342163472,4.102233015385227,5.899152481501041,4871.274745691308,1717.4,-4.492069590153378
2,29,0.591836735,5018.834329338184,5658.843519484561,14928.4,4586.567145157752,3798.405355181125,0.3303752152627534,149850.85130265125,16304.0,445.0614940977357,364.7495626384047,498.5457606927809,150320.9032086834,563.6667357075312,4873.080940091154,4851.317170940641,4851.139054947354,624.0398715448059,441.4905590617655,430.1439094995882,0.2670404974042483,0.3395666650657767,542.974411949187,3703.0,343.6147910073678,303.92359736901926,1.0170932844408966,48379.06211537466,19316.2,4583.0,19440.0,2660.3372530564616,18.939445632821823,0.2535491104839704,-0.1976306406937034,17.235549536934876,4.138905036036091,5.932958789676521,1902.327999633466,1784.6,-7.811002223336222
2,28,0.571428571,5098.477144738158,5515.673386707823,15426.2,4817.228632895757,3933.544344148869,0.4015814895702146,149550.2540245506,15113.0,301.891361320998,274.6455945088486,320.5950075504958,148955.52490273624,698.8057246752755,5322.096459920903,5086.832481270699,5200.348955615608,658.4692808291246,200.246389661328,220.04400045091123,0.052097160628241,0.3556410083801913,892.1843126174408,2320.0,619.1568329463926,752.9391171987681,1.6420872406560003,49596.66769162795,19539.2,4919.0,19776.0,2615.376894445617,20.74858493427359,0.269623453798385,-0.1560418321306795,17.099104017043935,3.7327535940742416,5.099019513592776,1890.0438015747736,1698.4,-8.471260937766761
2,27,0.551020408,5092.765307854172,5440.729263413588,14758.4,4949.621042916435,3610.532900810474,0.3747129039270526,150365.70115972098,12553.0,226.94723802676344,257.0183994435806,347.2837734933742,154035.80724440952,375.7942813368804,5513.53693648639,5214.0196113452885,5140.306704518177,641.0302687993423,183.6470831325421,181.465565132823,0.0004960886418769,0.1686215222360101,832.1420615200095,25.0,745.1035948941708,944.3795937642552,1.3559535430539646,52694.94395146853,19599.2,4420.0,19277.0,2114.0982711312163,19.93711690207537,0.0826039676542038,-0.1496405231225925,15.272614834092034,3.0878418556797227,12.786711852544418,2762.2609686258043,1728.0,-9.455459926430851
2,26,0.530612245,5057.890338099842,4535.480774244004,13975.2,4727.9136817047765,3453.652906591952,0.3244634535417093,149642.6814836211,10146.0,-678.3012511428205,586.3671078150132,584.4503261983692,148154.14403023984,218.9142871183585,4030.1021571949946,3696.014826642336,3826.186546278741,677.8308028603409,619.7048111340364,621.3596850623683,9.84363496813634e-05,0.2633785748609824,-481.9780967194265,-2729.0,-775.165032782395,-539.0551855271401,1.3714491401016065,52910.88183208306,18523.2,90.0,14947.0,1203.046632512638,16.1597595792787,0.177361020279176,-0.2221153558825818,12.24812553318554,3.1746070255240464,13.57571360923616,2808.708262278547,1754.6,-9.228332871183255
2,25,0.510204082,5356.709536335723,5632.820737828635,14870.8,4654.29394602382,3992.614074461471,0.2973440483625392,149900.87105078957,17047.0,419.0387124418103,576.2041377301754,555.6804718640724,148037.97586787882,757.8754549878772,4773.371968128049,4733.297202429008,4897.630162408979,493.5283981198813,600.9408264207559,600.007894500012,0.1856438441664682,0.3595124712697357,589.4655194108118,4550.0,226.24365412490715,204.2146254059144,1.3752726658404262,52189.5566232776,18596.0,4683.0,19540.0,930.7152088582184,18.825854518942577,0.2734949166879293,-0.1995001069844756,11.721003254626751,3.1798033883040318,12.144957801491117,2525.9501281173875,1783.8,-7.123209107307297
2,24,0.489795918,5467.035016007047,6210.470917841182,14642.4,4798.00531956793,4034.256655751341,0.2747580060146363,151390.79951871256,15643.0,996.6888924543572,706.9794359646819,603.7177301053001,157770.5455482984,799.5180362777473,5826.504847026469,5562.273496046752,5300.627323433107,601.9283405515149,714.2959064368752,709.5422663466701,0.1042477020100915,0.2266364533262624,992.46268043494,2561.0,1062.1716587279152,1257.3475043043345,1.0636924737998807,55183.96703799885,18627.6,4741.0,19598.0,991.1078649672786,21.534076107694474,0.1406188987444561,-0.1845987817738349,11.579556618640645,2.7593126057161848,12.041594578792294,4110.362328282848,1735.0,-7.869987736150167
2,23,0.469387755,5515.520717709945,5758.10189522231,14339.4,4806.189466405069,3874.9858414664623,0.2418688852570076,151562.46814917633,13496.0,544.3198698354854,710.8475086710454,600.2009934164481,149813.86805505512,640.2472219928686,5366.547596742812,5146.070908697845,5173.6058065498255,613.3179755216884,719.5025214080392,713.2814265483396,0.14155407339275,0.1911954045920475,865.4411635516581,805.0,660.0775671320889,797.3902540206773,1.001016453034125,55298.40614536593,18757.6,5569.0,20426.0,1014.3707409029488,23.01409103857001,0.1051778500102412,-0.1981998023704027,10.995530751244669,2.79623850148345,12.041594578792294,4034.910684746862,1813.4,-6.447967526479614
2,22,0.448979592,5601.089796460614,5868.574657166935,14336.0,4591.486682272664,3815.30147458674,0.2362921363106867,151270.71086025765,12748.0,654.7926317801102,716.1625371619962,676.0789965551439,152577.02079981612,580.5628551131463,4449.099095993258,4123.451198958094,4024.6908009952735,623.8638882356689,753.754664486716,738.4196409870266,0.2432549931917118,0.140737777504406,-283.4738420028939,8.0,-328.41032576785074,-120.05824672887684,0.9671837204627692,55327.88533578973,18643.0,3847.0,18704.0,1362.9655901746005,23.97634827894156,0.0547202229225997,-0.2017031766577697,9.971389484595834,2.9290020275235573,4.49444101084884,3859.8969232872855,1909.6,-4.424089347147606
2,21,0.428571429,5936.124923909169,6210.656411486786,15652.2,4863.18395061868,4417.589954410217,0.2645525846146778,152373.53509200684,16867.0,996.8743860999612,531.3560422173038,522.1423939029519,153668.26518898568,1182.851334936623,5119.788701461686,5096.865310792854,5201.53048838844,265.76140759768265,539.3247637224291,522.5458336282918,0.176337044547575,0.4046808163809371,893.3658453902726,3852.0,583.3213089476803,550.6313587395516,1.1512993189272156,53552.62576024824,19538.8,4569.0,19426.0,677.4694089034548,23.1129066264233,0.3186632617991308,-0.123948432721147,10.844120396800276,3.094208260697527,5.594640292279748,3416.6195097630603,1943.4,-4.5680753587923615
2,20,0.408163265,6109.709970363034,6500.745970097955,15566.4,5102.59626833472,4639.292598281185,0.2763788902773567,155085.1410388985,17099.0,1286.9639447111304,668.5788681241778,614.6906849919965,161596.00560233716,1404.5539788075912,6189.121945351435,5891.4540299020455,5650.933922230249,317.84636038879364,666.2172068460872,656.7329889286975,0.0674342011367601,0.4186439995831306,1342.769279232081,4121.0,1423.3052427051089,1619.9646026293003,1.110339033453326,55730.27200173555,19576.6,4872.0,19729.0,870.0995345361335,24.83053783261601,0.3326264450013243,-0.1053186810112367,8.8367499487283,2.6875641987631846,5.958187643906494,4198.31280281032,1986.8,-3.748494525886284
2,19,0.387755102,6166.250622162382,6493.1741768379225,15707.0,5078.549549643709,4815.548154054392,0.3050921776234745,154301.19254519112,16309.0,1279.3921514510976,653.6435273979421,629.9961714896797,153850.80307976156,1580.8095345807988,5726.879541583878,5431.870742265115,5434.780819492154,357.8929000743732,649.0607528743348,641.2644559907108,0.0671884313910916,0.3702028900568514,1126.616176493986,3264.0,941.938065272855,1157.722198861743,1.3012261392587687,57287.84629921267,19582.2,4769.0,19626.0,3800.946355843502,26.867305405712635,0.2841853354750451,-0.1230941208052007,7.436814957362037,2.3955001816402777,19.639246421387963,4005.924685560154,2090.2,-0.6591386112490564
2,16,0.326530612,6506.748457955776,7460.591074189282,17020.6,5216.912283776215,5347.820273880409,0.3656790118487539,155629.41909809317,19973.0,2246.8090488024573,708.9326919870117,713.2477081934137,156455.00081956526,2113.081654406816,5984.981522528731,5865.888632257344,5831.826905307675,610.2893462150428,726.5210805918906,712.9766837486548,-0.0219966091919791,0.4941295757184447,1523.6622623095072,7373.0,1351.8912377946244,1415.8241798065965,1.2246842504397693,53920.632629454005,19592.2,5619.0,20476.0,3877.66563798376,27.56921502280592,0.4081120211366383,-0.1227249753815578,6.071014509552124,2.7500487194946723,20.218803129760172,3335.738641336733,2147.6,-2.473342853809936
2,16,0.326530612,6794.227234460972,7305.968539692911,18440.8,5601.652805132704,5794.181723260579,0.4394173476709254,157466.1790609656,20063.0,2092.186514306086,500.1809057316423,358.95152438539463,161760.82061417837,2559.4431037869854,6421.419601437438,6069.574224109768,6134.645703262893,543.1556675201707,397.572738124038,410.4592083510501,-0.1596046368453617,0.5094294566152636,1826.4810602647256,7109.0,1595.292281014595,1852.262258715304,1.285613336463446,54234.780149626815,20178.4,6778.0,21635.0,3900.813607441401,28.421187905132832,0.4234119020334573,-0.1037374325331569,5.82084218366893,2.503864808007945,20.144478151592807,3915.462550391645,2288.6,-2.701097464751651
2,15,0.306122449,7075.002788246241,7614.534180413138,18805.8,5768.801721091244,5714.818692333775,0.4391856406091383,158937.630109957,18314.0,2400.7521550263127,273.56613664488697,264.44871798843803,161025.52043394264,2480.0800728601816,6296.116473473027,5902.446797443899,5619.049447536214,543.1276861439693,237.7974991633185,243.29081063558004,-0.1975943518314976,0.4035222810720014,1310.8848045380464,5677.0,1419.0658887403788,1726.9591307508929,0.817397739445221,57822.08332610744,20120.4,4279.0,19136.0,3733.745210910889,31.57729904124418,0.3175047264901951,-0.0917861948078583,5.261197820250332,1.8944382631654928,18.47430648224717,3401.3051819654856,2366.0,-1.8209547934394668
2,14,0.285714286,7253.93890558898,7395.42655681165,18748.8,5502.839523444742,5684.913657225495,0.4559292271774885,157930.4472305319,16906.0,2181.644531424825,573.554568579434,661.0532529199575,156560.0912052117,2450.175037751901,4977.16397777352,4536.935006706266,4396.349511172364,443.2284020345424,619.1876981507373,601.3881390391496,-0.1004060541300916,0.5023619324248817,88.18486817419671,3836.0,93.49425447259364,408.0066350513853,0.8294489101896996,58063.02899243758,19565.8,2099.0,16956.0,3693.746241960863,33.50270224732229,0.4163443778430754,-0.1138154443995341,4.49191569510617,1.8112455356863757,17.421251390184334,3317.178984344355,2497.0,-1.317214197362378
2,13,0.265306122,7629.442159583894,8370.690446812489,20211.6,5676.851095320225,6459.263772511052,0.507181554290592,159364.98613224644,23744.0,3156.908421425664,609.262623412984,795.8918884805928,161023.49758833426,3224.525153037458,6418.363245466442,6310.874069919611,6488.415723034212,463.73851656602767,693.5556700424887,672.9491613856992,-0.0534858239892186,0.6264645256223684,2180.251080036044,10578.0,1811.995924650275,1849.2059027443077,0.8030027451438266,54955.63384021493,20495.6,9418.0,24275.0,1612.7041576185002,31.704305675824926,0.5404469710405622,-0.100481705290763,3.906725830079238,2.096100612743299,5.128352561983204,2692.962051995581,2609.8,-0.2277424302417668
2,12,0.244897959,7712.340895826812,7875.084755403868,21253.8,5822.55730886495,7470.753378030398,0.5537722564875176,160637.27732813222,25524.0,2661.302730017044,723.852794871148,928.145522244596,162816.45679899407,4236.014758556805,6903.299053948866,6520.369169510807,6741.145478971143,470.5705653771733,780.2685007812242,771.0666293125945,0.084292381559045,0.7270830867030731,2432.980835972976,12584.0,2080.42230551825,2334.141711226731,0.5584546960086822,58026.84110737602,21669.0,11486.0,26343.0,1053.7607887941158,29.92827590339008,0.6410655321212668,-0.0919189156821459,3.944660499472084,1.6860170143246616,4.527692569068669,2376.439013696581,2807.8,-0.7189839790464142
2,11,0.224489796,7968.0628907049395,8584.578514083549,21856.8,5868.611062349957,7732.581433651685,0.5768009812298868,160726.70454425423,23224.0,3370.796488696724,758.6876218364531,934.1945473121478,162207.95669478842,4497.842814178091,6725.430330657232,6288.440366036195,6212.385813857258,526.025954592517,800.2836597132484,792.229204197109,0.1544953766449185,0.6245730803271092,1904.2211708590903,10124.0,1825.561048439632,2156.2729879350973,0.6811272668531864,58747.345151806905,21996.6,8416.0,23273.0,749.2061131624575,31.05965357090712,0.538555525745303,-0.0986705343178748,3.567245963523192,1.4913252060126427,4.147288270665502,2292.6837221795013,2851.2,-0.4782588829840008
2,10,0.204081633,8238.779390363481,8968.116678705852,22607.0,5691.851634436056,7607.109822395261,0.621932875131897,160903.93685255368,22298.0,3754.334653319027,838.2847442489364,1024.62447521577,161911.68197544006,4372.371202921668,5457.830969851348,4957.235372390982,4958.756278459718,606.1226189864898,907.5050540709308,892.0742166184027,0.4308873045148049,0.6291817505820524,650.5916354615501,9428.0,535.2687491708666,888.673627129213,0.6763059733747192,59029.16478613586,22372.2,6157.0,21014.0,1736.6632661515005,35.52071284688401,0.5431641960002461,-0.1084161906251795,3.340618108416423,1.511649427355121,2.966479394838206,2458.8022723156846,3030.4,-0.2873617129922579
2,9,0.183673469,8687.289851230926,9637.978861148866,24989.4,6180.286835690295,8271.898653683984,0.6719438264987654,162312.35338867712,28889.0,4424.196835762041,678.2784003741464,919.969458295592,163602.17388582876,5037.16003421039,7238.837202231919,7054.097431862079,7473.298741524218,640.36778151365,773.5089600845984,743.5184446973051,0.5874985842277869,0.7524166892592241,3165.1340985260504,15748.0,2535.670260743791,2669.6798595097844,0.67734970160236,57375.01709735426,24971.4,15095.0,29952.0,1978.5410534027333,31.376921681475856,0.6663991346774178,-0.0980667059351309,3.137883424076427,1.521485101522881,1.9235384061670329,1111.8972192212946,3175.2,-0.1627259472180617
2,8,0.163265306,9067.33745904993,10270.928485907518,26369.0,6509.0365831662,9391.34904549277,0.6750995446744416,164255.3906667906,30590.0,5057.146460520693,1070.664492473954,1225.584584006937,170738.6839789017,6156.610426019177,8440.883959486135,7908.001262013397,8162.639480265585,906.2278813380776,1084.478756731644,1066.6570829482678,0.7221368185431313,0.6422431165007492,3854.4748372674176,17476.0,3455.744662029801,3871.726616764,0.4748809066860859,60971.33545517172,26434.0,16731.0,31588.0,2814.8166370120803,31.87960622363053,0.5562255619189429,-0.1247525524546185,2.9868549018256227,1.0870280359271227,1.9235384061670329,3791.6208367832887,3333.0,-0.0739680668086219
2,7,0.142857143,9544.552413291323,10261.159526610838,27007.4,6641.389544462497,9530.05424217988,0.6573231732691631,165303.2996253529,28132.0,5047.377501224013,1136.5955247838083,1256.0393437314756,168056.00159180566,6295.315622706286,7821.043359402035,7220.453041732992,7317.754432540545,752.9263960839479,1124.8447703331528,1106.0387918515903,0.8178444692831472,0.6382012296766801,3009.5897895423777,15776.0,2742.187111999734,3251.8860166799004,0.5196485718073394,62127.464727574166,26795.8,13295.0,28152.0,2357.403762616832,35.22902675499314,0.5521836750948739,-0.1408235307544997,2.6881585122704124,0.963281591144428,3.0331501776205534,4010.683461327316,3437.4,-0.2014288511134223
2,6,0.12244898,9820.98304494045,9966.73167232918,27390.4,6482.283894345412,8909.560630864282,0.67004221482612,165694.02804479463,25020.0,4752.949646942356,1238.0182406622475,1339.7148945381748,164161.59879199698,5674.822011390688,6027.782710456776,5411.389505473764,5684.921304716406,542.8712302274527,1262.2614427101396,1227.3326972182167,1.1487611676774108,0.6881682881118945,1376.7566617182383,12039.0,1030.0327978542082,1458.6253677346413,0.5342487763943649,62734.77822748609,27056.8,9721.0,24578.0,1413.1023671340995,38.83782665151428,0.6021507335300882,-0.1498206450419225,2.769538019405593,0.9362624264377588,6.782329983125238,3342.931514600071,3608.8,-0.3548796024543424
2,5,0.102040816,10075.914355680196,10242.773232404574,29123.6,6971.052752950527,9129.79616615725,0.7035213776438274,166589.31406161765,31077.0,5028.991207017749,902.8219041776564,1005.3546397388086,166388.11205955513,5895.057546683656,7721.170863084054,7510.548522753709,8120.620866784122,278.31826128009425,956.3147811804596,915.4155340826892,1.1446912291651583,0.7965775646705887,3812.4562237859545,18094.0,2979.113042196441,3152.0135203619197,0.5674483005267404,60626.65578177785,29254.8,17147.0,32004.0,2158.570985629149,37.42973120676681,0.7105600100887824,-0.134564102580406,2.64468233659539,0.9632910993544608,5.932958789676497,2735.0410654799844,3748.4,-0.0256741118485092
2,4,0.081632653,10283.949722197069,10678.155693733235,30298.0,7180.793827213888,10662.031110778797,0.7015231288483839,168217.32427957503,34333.0,5464.37366834641,1022.9059741222424,1261.5591444053064,171742.2249756157,7427.292491305203,8609.915081687393,8064.790051207023,9032.336243007614,298.0112488985575,1065.6524335389802,1025.275030518358,1.2391042776695025,0.7424254452820067,4724.171600009447,21620.0,3584.375632060598,4040.757738965259,0.4930776671868868,63890.52650156301,30393.0,20786.0,35643.0,2684.768202284882,37.3208370059129,0.6564078907002004,-0.186894640037518,2.773058831637267,0.7072344720331333,7.402702209328668,2807.7483973575986,3930.0,-0.2939485142906886
2,3,0.06122449,10320.729779060872,10454.828770226535,30517.8,7033.661599016607,10725.260855954984,0.7261656065162048,166218.32401453904,31246.0,5241.04674483971,948.421224297536,1252.7333481162675,160743.68265372168,7490.522236481391,7806.661812297734,7203.963236245954,8066.248261975128,306.8772534918993,996.8091040135296,950.2017910182554,1.3923334098504812,0.7654555048398538,3758.0836189769607,18575.0,2720.0835210433943,3237.5044695756,0.5946953758846056,65696.86064340558,30409.4,16813.0,31670.0,2488.650899583949,39.23301163333199,0.6794379502580475,-0.1788956955833061,3.0449966279131035,0.6120767736886237,10.526157893552597,4187.554591698317,4126.8,-0.1536610396202858
2,2,0.040816327,10401.815901876183,10666.59014068739,30326.2,6801.293127167216,10083.033444417277,0.7457398297115382,166023.88161684066,27730.0,5452.808115300566,1010.0958382450624,1359.7983378441863,167083.7896033138,6848.294824943683,6715.450386237266,6071.835653244766,6474.934673474313,319.51199965720934,1085.407494051119,1047.25433180305,1.6448981033919483,0.7360723456533471,2166.7700304761456,14818.0,1580.3447527527833,2146.293043515131,0.5971455050503559,65831.25569876106,30475.0,13623.0,28480.0,3925.7992434662265,41.615476756892726,0.6500547910715408,-0.1774580387101344,3.228981372848785,0.5959542359556622,10.353743284435811,4235.956039766755,4492.6,-0.6234418335218181
2,1,0.020408163,10858.143400528515,12248.36916559085,33146.0,7403.531907234242,11123.605113891352,0.772332508257745,167562.06739874344,38884.0,7034.587140204025,849.5483022316495,1220.6245126064234,171852.527701511,7888.866494417758,8874.402694692439,8516.56048511737,9716.78756831651,797.1123551841667,932.2398690051537,937.8244627905124,1.5473325239169309,0.8211316808429291,5408.622925318342,26138.0,4041.2266981893326,4305.245351970304,0.6008980454608676,64119.2698633189,33468.6,24689.0,39546.0,4155.592292321276,44.82903008340051,0.7351141262611228,-0.1664118099085583,3.053197224605036,0.61469498409841,6.79705818718655,4738.414731182811,4616.6,-0.6415482551805516
2,0,0.0,10082.350296694862,6363.807713236294,33170.4,7055.7070307668455,7912.34549578845,1.0058494533823108,162104.91896316217,31274.0,1150.0256878494693,1192.9428304144635,1937.9716795235215,139102.36988164874,4677.606876314856,6108.053666167868,5671.016596381444,4950.657900231748,2159.4528796151067,1229.5556750498702,1219.0534260181944,1.2848938936541106,1.9641622902934168,642.4932572335802,18216.0,1239.9886598594594,1538.8963234457333,0.4727007869426242,68235.76441281899,30780.4,3706.0,18563.0,3327.994696510197,37.42315572952229,1.8781447357116103,0.181939534572664,76.23688271422529,0.5465269198347734,7.155417527999308,13430.926077031896,10371.8,3.1675175029065845
3,49,1.0,5433.442542704746,5433.442542704746,19267.0,5553.006059685369,4286.370030622977,1.0042257362679228,168255.95927013707,18911.0,0.0,,,168255.95927013707,0.0,5643.979812301668,5535.4558605090815,5132.421815437439,,,,-0.2735225582610945,1.0042257362679228,0.0,0.0,0.0,0.0,,57381.57893678,18778.0,0.0,18778.0,,11.330246184063697,0.0,-2.2859649049361868,3.949896994342607,0.4366528402194909,,,1679.0,-9.403661889736233
3,48,0.979591837,5469.323580814868,5505.20461892499,20161.0,5650.906980311152,4379.4912938132975,1.0100903454388457,170427.78479642957,21011.0,71.76207622024413,124.62385839393988,116.15186914948308,172599.61032272203,93.12126319032086,5820.224563037642,5606.116870308476,5296.685364083623,8.689621187167855,49.96487919464085,138.4528097177937,-0.1276263101843607,1.015954954609768,164.26354864618406,1788.0,195.80184125156572,176.24475073597387,0.493633571820178,63835.27281050667,19730.0,1904.0,20682.0,3527.7557313396856,11.38650333220138,0.0117292183418451,-1.6137907084223002,4.364324872013816,0.0876011941641064,7.071067811865476,3002.936385571116,1686.5,-4.989967590134285
3,47,0.959183673,5346.059728211643,5099.532023005193,19310.0,5583.12568579643,3997.396129598769,0.8924479396412877,169070.02398865586,17008.0,-333.91051969955333,192.90451626926173,208.23537548624464,166354.5023731085,-288.9739010242074,5434.882070467363,5263.10126193534,4883.118785083482,256.1431125630623,181.12137424837832,152.86432519607027,-0.0369882404090327,0.6571631280461722,-249.3030303539572,-1659.0,-105.44296291838054,-209.09774183430545,0.3771217152023793,65547.46426896247,19855.666666666668,1329.0,20107.0,3186.965693780423,12.785851821266258,-0.3470626082217506,-1.4576784549685855,11.595018928929116,0.0051719589312695,6.429100507328642,2991.3128753994456,1752.3333333333333,-3.851146833897906
3,46,0.93877551,5260.871806828228,5005.308042677981,17744.5,5365.553621993795,3417.7913493479823,0.741219669589465,166659.44137858867,12115.0,-428.1345000267656,502.5649704056296,424.9249383635786,159427.6935483871,-868.5786812749943,4678.537436825357,4402.217695139452,4325.22174820023,301.4053674002014,553.1389361528675,452.6905636316271,0.2446140966729292,0.2875348594339968,-807.2000672372096,-6219.0,-840.168629099483,-965.4423754763112,0.3219015082413424,67846.71193723992,19759.5,693.0,19471.0,2604.0355060303355,16.879201748688732,-0.716690876833926,-1.1240606981500672,16.295919713527145,-0.0417501102098288,6.218252702059216,5331.624317613901,2074.0,-5.683520859218072
3,44,0.897959184,5429.418202212866,6103.603783751422,18249.2,5503.130738102729,4175.892274443268,0.7826157926128159,168580.8577966385,19527.0,670.161241046676,534.2133844998949,437.9368452254862,176266.52346883793,-110.4777561797082,6087.064898521224,5841.941746991559,5440.246934457648,437.4362295630317,558.0753002936531,498.3310889209061,0.2607940675742013,0.94820028470622,307.82511902020906,1001.0,500.4331428530968,443.0850862195557,0.2815709245708547,68701.34878911215,19853.6,1452.0,20230.0,2424.3703718697766,16.973805080791134,-0.0560254515617028,-1.0677536388117752,17.4971984471279,-0.0594518039573077,5.549774770204647,6220.521983135979,2092.4,-4.521828543918348
3,43,0.87755102,5612.700363726753,6349.853350274174,17968.0,5534.397762089154,3692.830658482448,0.6421824378419885,169272.55986396995,17127.0,916.4108075694276,537.8101716072044,433.0366003906219,171714.46960679415,-593.5393721405285,5701.50695466096,5468.575765681423,4988.8378265974325,577.4949683133931,552.6883158700308,507.07064628173066,0.3482172033097402,0.3020589624137859,-143.5839888400069,-1406.0,156.33511993212414,57.52714235929216,0.0599764261734345,71651.5565618559,19918.8,326.0,19104.0,1647.861735704788,17.536327818363283,-0.7021667738541368,-0.7445234117134081,22.04058739487316,-0.1991459530641801,1.414213562373085,6342.636202295652,2107.0,-5.265329995533598
3,42,0.857142857,5424.554836955755,4564.47698507,17086.0,5164.71067691649,3564.177803870384,0.5618080580655453,166273.0786270331,16118.0,-868.9655576347459,901.3019429465002,590.1555163276398,157602.20413803792,-722.1922267525924,3821.906726248902,3628.657178281759,3932.710038339013,731.5270288403904,895.0267023022045,861.569322157316,0.7068887478384533,0.6140830557275521,-1199.7117770984264,-2622.0,-1652.6335846117522,-1822.073086052766,0.5099729558480736,70057.67286770647,19777.2,1196.0,19974.0,2105.105104264392,11.79363727520163,-0.3901426805403707,-0.9943298752674206,29.27288715060119,0.0434492555559468,1.414213562373085,7623.220639204725,2151.6,-2.7565463010389943
3,40,0.816326531,5745.663173787738,6705.073707165109,17801.6,5334.706898684587,4322.46220805646,0.5903334641181083,168529.30187826813,21072.0,1271.631164460363,1043.801720505499,728.0163183514919,177635.61862928348,36.09217743348381,6304.075140186916,6082.558691588785,5648.122994540465,895.3484484927658,1037.104188314074,1003.496328190158,0.7337353701053425,0.7997901583089865,515.7011791030254,1919.0,744.5381459221071,660.0953278852476,0.5382865828089874,70766.73061113346,20031.0,2598.0,21376.0,2109.10177563815,17.365506437624678,-0.2044355779589363,-0.8532168244672395,29.623300202638944,0.0019563603155943,2.8809720581775875,9377.380167024849,2108.0,-5.209362026083284
3,39,0.795918367,5876.035941134438,5657.171879411488,18750.4,5567.434459152722,3878.459881443784,0.6422513577874642,170787.4228166128,16934.0,223.72933670674135,1001.8979345907084,662.8917244383003,170718.29824011042,-407.91014917919256,5938.582771277096,5662.6718009850365,5078.4161675778205,798.2883238204565,981.4063073320948,957.078918949638,0.4110284380774912,0.5471243277807769,-54.00564785961888,-1475.0,323.46917324119204,294.602958975428,0.5515304982905401,70080.37054991242,19783.8,-543.0,18235.0,2577.036146428683,11.79431319905772,-0.4571014084871458,-1.086086226912378,24.429400199922227,-0.0227320703086221,2.8809720581775875,7868.073391227774,1850.4,-7.653374857250471
3,37,0.755102041,5901.226347695527,6229.555816556863,18799.0,5592.349470492123,4790.905959887829,0.6414176622241383,170367.5401705228,19996.0,796.1132738521164,1030.875829876896,726.8684683329981,174167.11023838798,504.5359292648527,6284.879301169,6196.401882879742,5762.658869750001,825.1109575911494,1038.1708345247632,974.3592152174508,0.2928228814127108,0.9440318068895904,630.2370543125617,1244.0,625.0081995501023,640.8994888673324,0.5706585759734849,67612.67911085088,19742.8,1247.0,20025.0,3105.4301956411764,16.46897955661395,-0.0601939293783323,-1.1615717758259545,26.636340915025997,0.0749710637274373,4.827007354458861,7595.306708775672,1731.4,-7.840699590151518
3,36,0.734693878,5898.524978331518,6336.346503454127,19585.6,5719.609546288417,4469.968785452746,0.7651857225798331,171651.643322246,20906.0,902.9039607493804,1082.8375795145453,761.23819923988,178134.98536541025,183.59875482976892,6337.154647921464,6128.761574354624,5624.45084106567,830.1710138467681,1088.5946364375395,1033.233976001873,0.3142523177701287,0.9208992641922594,492.02902562823056,2527.0,792.6354989135889,693.1748356197959,0.5916978785594491,67877.31660451797,20171.0,2467.0,21245.0,2747.8812383361837,17.29371322130746,-0.0833264720756633,-1.1277015793772691,27.12884884322251,0.0497141629133016,5.049752469181033,8276.014026526438,1747.4,-5.2249784763760205
3,35,0.714285714,6216.619892180024,6154.951554312534,19949.6,6090.023205065444,3971.8138016953935,0.7256630059731078,174382.39049733878,17851.0,721.5090116077881,271.6340687541804,298.9996226208144,171255.9400135018,-314.5562289275831,5727.552415854952,5474.750667052432,5218.813544710722,385.4585418210887,320.26070313270014,262.5417926328421,0.0049796799320941,0.4164694726939261,86.39172927328309,-802.0,199.43470927338603,83.57260355328435,0.3253806340298008,69963.79836083556,20056.4,623.0,19401.0,3269.184179577528,17.659956711594504,-0.5877562635739967,-0.8668530348088878,24.842690304538586,-0.2202608938459496,4.929503017546489,3694.597136402567,1695.2,-2.286984143762405
3,34,0.693877551,6077.907680961152,6011.512651070747,18694.6,5755.547426351186,3258.467584746242,0.5637857091283908,172706.2053607817,14113.0,578.0701083660006,717.1124157734847,759.2006107246433,169254.692946498,-1027.9024458767344,4569.988691780338,4270.683935260442,3844.2303027369935,293.130480503598,775.8465320173777,674.3675221804258,-0.0362484812047378,-0.0095963259145986,-1288.191512700446,-4356.0,-927.840747649183,-1073.9911205213302,0.3570575123310985,69477.47864980748,19480.4,-282.0,18496.0,3237.5232817695683,14.115029211086105,-1.0138220621825214,-1.4213061244431766,24.81467306361971,-0.1082253850901138,6.348228099241555,3228.530241182495,1698.8,-5.1776051995407695
3,33,0.673469388,6215.407196857302,6344.669458892235,19251.4,5840.301230938427,4828.054534184168,0.6350467396692182,173476.88691542408,20241.0,911.2269161874884,774.0006185680826,831.820257479636,174571.70601332237,541.6845035611914,6413.76861027466,6325.639967150288,5873.367669481837,212.95454803240816,853.4056847362505,718.5473687593321,0.0020058289949545,0.903429480484914,740.9458540443975,1309.0,747.2381961773917,769.7887979729921,0.3607545236976852,67344.8518738803,19940.8,1759.0,20537.0,3296.158643026757,16.51181031362758,-0.1007962557830087,-1.2017061215804643,31.018273929187984,-0.0042540519727024,5.412947441089751,2877.002982596463,1653.8,-7.646772001804735
3,32,0.653061224,6293.450395753587,6619.771811038296,19511.4,5872.945948740678,4524.227407844215,0.6247842715261627,174534.29701359858,21174.0,1186.3292683335494,785.6703947112816,828.5125116740122,179454.1607292605,237.8573772212385,6365.677547597602,6125.818119700593,5740.1954586313705,266.08207584264846,843.2356306149323,741.0803434312338,0.1016279224061661,0.8927194661743119,607.7736431939311,2544.0,788.231788561362,721.6977352959339,0.3092215609127948,70288.90605915315,20273.4,2910.0,21688.0,3914.6121519251433,17.555105355090138,-0.1115062700936109,-0.9861467643683128,29.93945144662019,-0.1310512313586778,5.3572380943915565,3747.084455184014,1680.2,-2.327696075786862
3,31,0.632653061,6332.426565469419,6531.227352033284,18887.6,5788.822253850842,3990.303812921428,0.5231720666557587,173964.56668994614,17976.0,1097.7848093285374,745.6633132341005,803.2237944301123,175286.33374714805,-296.0662177015488,5896.519527580191,5659.065997852637,5200.371570609888,282.3085779008966,803.9194400627046,696.5427499307126,0.0720489692417698,0.4128382398402396,67.94975517244893,-592.0,372.0170244644096,252.53971527852264,0.3096691774472209,70354.76874892027,19915.8,679.0,19457.0,3806.6089502337904,17.505349129543934,-0.5913874964276832,-0.9664942233824184,29.41388104902955,-0.1314808777033552,5.412947441089752,3389.23340923064,1651.2,-4.910109514300188
3,30,0.612244898,6227.5889159962935,5630.763306946908,17767.4,5563.2930737181605,3379.6775606068704,0.4867933278943489,173116.5105556776,12975.0,197.3207642421621,931.8370882861336,974.168407582652,167015.65934215914,-906.6924700161062,4559.059676538829,4269.557629316228,3930.797519316872,433.6482469372958,997.446525394535,871.780691508445,0.0960736256139504,0.2345757788868782,-1201.6242961205676,-6403.0,-928.2111913900236,-1084.920135762839,0.273658007192005,69585.79995574927,19637.4,-769.0,18009.0,3311.203965327414,15.78547484721898,-0.7696499573810446,-1.2737303674553329,28.175412354064783,-0.080572733417693,4.636809247747868,4735.105034967827,1640.2,-7.434481067359988
3,29,0.591836735,6293.790770193128,6342.521922054916,19125.2,5845.184797257189,5074.725723872783,0.677989422164764,174610.34581860714,21089.0,909.0793793501698,765.0424653471407,833.9352552074209,176723.86926114556,788.3556932498068,6154.289784470033,6050.885462798937,5916.290447788439,410.8984985483018,828.0632388001409,704.407668885785,0.0596378205617927,0.9463841454374758,783.8686323510001,2433.0,481.6178700459568,510.3099721683648,0.2846286231983687,68061.70519400205,20171.0,2386.0,21164.0,3595.281421530168,16.686771205567837,-0.0578415908304469,-0.7013170541219734,28.85756970984884,-0.0721384139689103,2.7748873851023466,4561.683138848275,1640.0,-5.628138570410295
3,28,0.571428571,6378.803758653086,6769.734401192029,19515.0,5869.109963592552,4841.035067559889,0.6868626801357234,175748.10849624313,21971.0,1336.2918584872823,771.3637810297865,826.8572085329575,180260.51940150245,554.6650369369127,6449.083348854535,6209.549357422239,5828.4310279819,456.6210797852287,807.0113162179274,725.4451495495899,0.1828757167144618,0.9477957703397112,696.0092125444608,3258.0,866.8640278542098,805.1035365528669,0.2708229880808457,71120.61820244248,20612.4,3966.0,22744.0,3412.709847027724,19.49116917171127,-0.0564299659282115,-0.7446022618043256,26.62105329534564,-0.2034797180132674,3.361547262794337,5301.6934179139325,1692.0,-4.48409669583443
3,27,0.551020408,6324.741789802015,6349.461966782937,19110.8,5747.373354293937,4441.035870249629,0.627102761011728,174014.15922024287,18923.0,916.0194240781912,723.2064703157458,793.3677171785685,170784.41434925917,154.6658396266521,5729.300553617716,5497.006240199687,5238.225744249358,440.5006116037831,764.7402258271162,675.7821806172657,0.1313940605079594,0.5939198705543355,105.80392881191892,523.0,179.54874206828663,85.32074131604804,0.2970096169114335,72440.8108291826,20265.2,1174.0,19952.0,1016.2820966640996,20.008199057679835,-0.4103058657135873,-0.8160872545632436,24.97410165596296,-0.2428645521980149,9.444575162494084,5311.733302380517,1729.8,-3.6633327647650735
3,26,0.530612245,6285.767541758406,6336.356111815237,18298.0,5543.401662404131,3774.414196791525,0.5852626227357248,173224.74907551683,13418.0,902.9135691104912,819.3060234415901,963.2840949726776,171339.2830235178,-511.9558338314519,4844.693071398395,4481.7766863822,4006.467614288015,430.1819169161693,888.9890240197675,757.7037819594275,0.1349614317522776,0.2036375484602233,-1125.9542011494243,-4656.0,-647.8414349846225,-799.2867409032733,0.2987763465605981,72015.41794256249,20012.4,-585.0,18193.0,1350.6434762734314,18.02001003760531,-0.8005881878076995,-1.1594492233657392,22.897351093985275,-0.1664177175280445,9.591663046625449,5260.9240240205645,1834.0,-4.312962460335687
3,25,0.510204082,6485.958056526072,6631.715880785243,20485.6,5864.011460192048,5632.032243242325,0.7368478013740569,174924.26167049663,23636.0,1198.2733380804966,645.9222632171294,891.6019802199112,175513.2223170583,1345.6622126193488,6299.997404588131,6210.512881255552,6281.041000267523,234.1476810921876,736.2325828142909,593.112457396659,0.0984753704726106,0.9925016720785388,1148.6191848300832,4535.0,674.8377975495596,656.0175922864628,0.303797189531563,70907.15962643179,21103.8,4688.0,23466.0,1706.4609576547537,17.226343261569237,-0.0117240641893839,-0.7451253103620422,23.01968652035437,-0.1468303986991354,13.423859355639872,3814.5321016724383,1849.6,-4.393122878920124
3,24,0.489795918,6758.717049984222,7706.316889345666,21228.0,6046.452235303429,5789.513420502432,0.7263888008912928,176651.88370104184,25271.0,2272.87434664092,798.7451619319166,966.6576719263496,185361.9794138715,1503.1433898794558,6930.112616400386,6665.187766669781,6354.001263001783,568.0016796329279,853.4487760266973,772.0247711060481,0.227558978761881,0.894089143023655,1221.5794475643434,6145.0,1393.8217456028678,1286.1328040987182,0.2850445430855904,74323.36436569254,22005.2,6893.0,25671.0,1540.841069026906,19.44181465110329,-0.1101365932442677,-0.7455481299932575,20.92335968932452,-0.325482862742307,14.142135623730956,5804.819547265006,1868.4,-4.061327607078405
3,23,0.469387755,6784.440273151221,6898.350517027019,21029.0,5990.732958978762,5312.78842086423,0.6541312794666239,174450.73957450912,21062.0,1464.9079743222728,773.9480424159067,953.2727820999382,169254.7987688389,1026.4183902412533,6181.394972253389,5874.252054462201,5464.465920915385,571.5516351639427,827.2522463113854,748.0167142108489,0.1270596323811322,0.5865081632163669,332.0441054779458,2263.0,588.2676462308755,537.4151599517209,0.3171009179388558,75346.05639329074,21781.4,2847.0,21625.0,3297.011859244667,14.006246761141211,-0.4177175730515559,-0.7705697913597925,16.746481096041556,-0.3648599327675161,14.532721699667963,6130.1781093722775,1854.4,-0.8351466747536093
3,22,0.448979592,6839.212290918559,6623.322055619634,20328.8,5835.422158822827,5060.675066670121,0.6527166779217174,173740.98346359617,16030.0,1189.8795129148875,924.5020699083284,1094.766348622762,167235.63379469435,774.3050360471443,4884.812732282456,4573.010284505959,4288.745847964267,526.9604522581603,984.894801695726,883.3916845984674,0.0373970455774055,0.586846862829803,-843.675967473172,-2978.0,-597.0052587113851,-759.1670800192123,0.3113942575393242,74985.98637276018,20978.2,-2842.0,15936.0,2992.404384437367,13.230243312303044,-0.4173788734381197,-0.9533852427085382,13.504710625354434,-0.3408927895651265,11.865917579353058,6642.732597450935,1830.8,-1.0497877550557908
3,21,0.428571429,7022.790150305959,7254.24540875223,22404.2,6212.28403571568,5918.446911051733,0.7976713296195032,174972.6543713983,24123.0,1820.802866047484,830.5427064063985,908.8133781769644,177497.63756252843,1632.0768804287563,6902.859481582537,6764.875100570189,6413.84823401768,452.7423693289933,883.5147771238442,783.6190011327711,0.0846368647366464,0.9284108069491523,1281.4264185802404,5721.0,1236.4679494796355,1258.8796692808692,0.2837103134789652,73500.95289107741,22247.0,5759.0,24537.0,3199.0547510163024,15.929413079886125,-0.0758149293187704,-0.5790615160126934,10.78173886432278,-0.3638586790607372,10.583005244258365,6745.028568808834,1749.4,-2.774961042958673
3,20,0.408163265,7181.168841399934,7423.609336255118,22753.2,6343.341185495844,6201.352368388216,0.7782167140221741,176325.24559796992,25243.0,1990.166793550372,888.0319207669522,938.4262768259548,182276.1784499164,1914.9823377652392,6931.656277031313,6634.596188224439,6465.142309831225,437.4827382312892,926.002226998612,839.6646271740433,0.2048286097905481,0.8952285940918931,1332.720494393786,6280.0,1330.1235464503789,1287.676464729645,0.2368292516876446,76711.39675430897,22906.8,7987.0,26765.0,4060.7027347492426,15.697720553271449,-0.1089971421760296,-0.6154244923343901,6.443122580104713,-0.4812896191275547,12.12435565298214,7492.069659260134,1779.8,-0.5975778271910288
3,19,0.387755102,7111.667444461675,7358.809904654372,22439.4,6234.434983364303,5853.177403939261,0.7405152594850133,174586.52476851392,23331.0,1925.3673619496255,835.7266109323705,885.9400230165303,176668.3752665914,1566.8073733162846,6439.936896248903,6122.286758248652,5732.727163712445,363.5793805369614,873.873637813324,774.6166154582079,0.1559018071080984,0.705581870337851,600.3053482750056,4576.0,849.2907349451662,795.9570839472353,0.24474722291633,76543.19717859788,22458.6,4652.0,23430.0,3961.51212291468,16.421406509482626,-0.2986438659300717,-0.649769842567214,2.912725616289602,-0.4892083538461725,11.696153213770751,5943.162370624782,1848.2,-1.1628224706558117
3,18,0.367346939,7123.025756540925,6955.142077423267,21437.6,6050.558113546575,5088.895656631883,0.7390815991472629,175236.2098582487,16175.0,1521.6995347185211,980.3499662844166,1102.3052735681767,172503.22421751288,802.5256260089063,5138.733971227384,4740.170142515414,4235.527232718534,364.73179158529786,1043.3956031770313,901.0604460452056,0.1401398007140718,0.5793398615276153,-896.8945827189054,-2746.0,-331.11670285776927,-505.2458410742838,0.2337163015553513,75153.08158760799,21376.6,-2563.0,16215.0,3681.843261194042,15.389118419452885,-0.4248858747403075,-0.9117155785388852,2.8297825732479454,-0.4326190029773913,11.696153213770751,5424.065255872153,1884.0,-1.5892331332238898
3,17,0.346938776,7293.04066033721,7473.396574601068,23228.0,6409.9920502127015,6264.763509437801,0.8110200232283168,177315.0078487773,25122.0,2039.9540318963216,761.6453316180105,1006.7091559366517,177629.62374733755,1978.3934788148244,6854.82712385209,6692.441862495199,6720.298785082692,257.89101404712,849.5856131547582,688.7097299676219,0.3540297582190211,0.9465389832350724,1587.8769696452528,5974.0,1200.164424619251,1210.847311550422,0.2541726690096881,72245.2512925161,23342.6,6988.0,25766.0,3670.2201977538048,16.888477060140744,-0.0576867530328504,-0.6820221788403985,2.6683118532852004,-0.4036398249181651,11.282730166054664,3530.653741859431,1959.4,-2.782888997161815
3,16,0.326530612,7411.494981344173,7846.517013787035,23688.0,6493.077835062012,6522.017765297355,0.8038967036919985,178347.6409288208,26534.0,2413.0744710822883,826.8915636550743,1059.322272089891,182660.80296274569,2235.6477346743786,7254.301232032854,6957.070577882077,6755.200676992306,355.3133990566393,885.631831592418,766.5906478437297,0.4485023246422956,0.8927942092675604,1622.778861554867,8021.0,1651.8968737261885,1610.3214197311863,0.2193547896319317,75080.98752771966,23986.6,8979.0,27757.0,2858.1943076005136,16.792821803561782,-0.1114315270003624,-0.6766878154696345,2.685102238710484,-0.5142162894689666,12.794530081249562,4410.470880509909,2003.8,-1.109136533926443
3,15,0.306122449,7431.947626601771,7525.872562543106,23507.4,6437.784423710089,6167.758126792855,0.7762131998670723,177113.56887292114,23945.0,2092.43001983836,801.3902785016631,1025.5749185738712,176105.8181704182,1881.3880961698787,6650.388613706188,6312.170292808327,5976.105620841932,356.6351394160844,860.11542968061,740.9654482429116,0.3701169730271498,0.7568110749672626,843.6838054044929,5377.0,1053.6564896907676,1006.40880140452,0.2232013732803032,74854.38403545861,23622.8,6168.0,24946.0,2315.857227896395,17.031984384578042,-0.2474146613006601,-0.654876783298125,2.8349611977565985,-0.51948094966594,4.494441010848849,3857.6493749962674,2092.8,-1.177194399009302
3,14,0.285714286,7430.038605374762,7349.264798519336,22396.4,6207.698243989749,5816.166828183826,0.7717351944866492,176142.90847038053,18116.0,1915.8222558145897,992.282479431758,1200.18032502545,171815.07325388835,1529.796797560849,5165.674026690912,4756.440075332013,4515.054024000735,363.2656142406431,1068.624509166476,913.3132422597084,0.3435881356519064,0.6831918434357352,-617.3677914367045,-979.0,-301.14016365653515,-478.3057856107562,0.2128205453847744,74036.02710065345,22595.6,-484.0,18294.0,2363.0064959707533,17.481522595028004,-0.3210338928321875,-0.8468888433555117,2.939660713567262,-0.4420895949929783,5.974947698515862,4444.603109193405,2054.4,-1.9271672779423363
3,13,0.265306122,7689.146358990586,8250.680845502387,24630.8,6684.908355756003,6966.289756531886,0.8348876928054304,177467.5129420419,27211.0,2817.238302797641,971.8672242984978,1051.6292669387944,179126.24657581988,2679.9197259089096,7746.992977381243,7546.013870978984,7179.72015675373,412.6839930310095,1049.3149325282038,892.576948665886,0.5055435578342483,0.8951023531215212,2047.298341316291,8426.0,2054.933855973501,2103.0131650795747,0.2430523835973147,72474.39419256897,24970.8,9313.0,28091.0,3167.982086439249,19.510435922167087,-0.1091233831464015,-0.6038535567299986,2.7874962316199245,-0.4067544060759503,7.300684899377596,3900.12379246276,2046.0,-2.201822962685661
3,12,0.244897959,8020.532917182155,9130.329365558911,25722.6,6843.986699982694,7683.71997186893,0.8181607027608336,179248.19031946262,30062.0,3696.886822854165,1040.933506408339,1204.2965829621885,186533.01063444107,3397.349941245953,7551.528640483383,7123.611480362538,7555.228155589783,719.0594930295065,1090.8256173353036,974.8696185934232,0.6660267867878827,0.8629040330120884,2422.806340152343,11433.0,1995.5561457526965,1907.5488281817152,0.2402980495475276,75892.93419179783,26207.6,13172.0,31950.0,2949.2523967948177,18.5204740228585,-0.1413217032558343,-0.6504512918981813,2.732941177946747,-0.5034163581168842,9.53939201416946,5696.517695066475,1995.6,-1.6123753897083388
3,10,0.204081633,8241.191103000689,8949.807942879705,24999.0,6564.267451810515,7501.00301469553,0.7937389505073673,178102.8940135679,23356.0,3516.3654001749583,1138.5575099048365,1267.5132173837098,176934.32143327192,3214.632984072553,5642.819919715715,5158.392340089497,5315.262362382761,802.6488286521749,1208.7253931096272,1043.6460216840228,0.8889992674345724,0.7706854480002291,182.84054694532188,4403.0,253.30063286530185,-1.1598925859534577,0.2227349258797313,75771.81037409723,25381.6,4849.0,23627.0,3314.9836802011528,28.36726180200253,-0.2335402882676936,-0.6085207990851357,11.411788342951692,-0.4754794057717578,8.648699324175862,5463.128130938148,2060.6,-0.2873415480548439
3,9,0.183673469,8781.44594565024,10227.14677579087,26736.4,7033.850112815569,8716.405898269275,0.809915073199338,180282.59952386827,32316.0,4793.704233086124,1596.4857768578993,1720.7339874604927,187004.3457219201,4430.035867646298,9032.258572042529,8770.48033335202,8748.800215648535,1107.4305015699622,1683.140348715147,1497.1661240426542,0.8982998506326398,0.8376916884271158,3616.378400211095,14064.0,3401.569794716035,3388.278759740861,0.2191844532450502,73615.12095935513,27002.6,14273.0,33051.0,3138.451975098548,28.13977288382421,-0.1665340478408069,-0.5815844104740842,11.806325506352856,-0.471928980756831,4.669047011971497,6526.004166885165,2047.2,-0.550951295224834
3,8,0.163265306,9592.638260254676,11405.226371541505,30337.4,7823.8103596967585,9672.475192620805,0.8262046800703612,185369.78449996805,35962.0,5971.783828836758,1421.698891105438,1507.562936164331,197250.99813438737,5386.105161997828,9160.91699604743,8668.519588932806,9140.55406654944,1218.2855273205987,1465.9138937603984,1357.3690108683677,1.1323243161708714,0.7646398777908517,4008.1322511120015,17026.0,3648.661070749413,3516.937183745762,0.2920399074849077,74953.64176007312,30910.0,19053.0,37831.0,3259.179068415845,27.49600805490512,-0.239585858477071,-0.3519806681342233,12.29811189769242,-0.6074921878854799,7.056911505750941,8254.827904543337,2114.4,-0.4960119946240312
3,7,0.142857143,10376.242154067571,12168.700314566866,31719.6,7929.7363626917795,10435.422429368971,0.7346116190117147,189964.7451138249,34074.0,6735.25777186212,1423.7382220183738,1601.413652341684,202101.04964510404,6149.052398745995,8044.343845781577,7488.720963058558,9001.160772688265,1410.2350932226789,1465.2327737606715,1356.9769669983502,1.1847997540715745,0.4371370478282884,3868.7389572508255,15337.0,2584.563870948604,2400.3640334799093,0.2888407065245617,77320.56913430212,32136.4,15445.0,34223.0,2350.748923215744,30.810459124401262,-0.5670886884396344,-0.3133687617353614,12.435826157972013,-0.8194492746065543,7.035623639735146,9945.918596789208,2267.2,-0.3858644825442422
3,6,0.12244898,10407.768139851887,9287.9592944805,30735.6,7696.99717226278,8504.946763917369,0.7434803695863637,186716.1038685148,25653.0,3854.5167517757545,1608.329160785141,1892.8523307186997,170289.8044078905,4218.576733294392,6245.657360406091,5724.545749534152,5741.02192197204,1391.184566086143,1661.6464073701993,1527.746561017562,1.1312230639197858,0.9072477858853332,608.6001065346009,6513.0,831.8601936076975,601.6775481044233,0.2985685717615501,78065.32242627953,30801.8,6499.0,25277.0,2786.783863165563,32.8481550054454,-0.0969779503825896,-0.2515901192045507,12.891539928884942,-0.8049168925162759,5.449770637375488,13379.61534246386,2420.0,-0.7267138107179026
3,5,0.102040816,10273.018765871466,8276.061072977584,33788.8,8032.380013650271,10136.99219969361,0.867906474417882,185686.4131989593,38965.0,2842.618530272837,1193.892501794682,1521.8045494605128,171785.86808549435,5850.622169070633,7543.178764473736,7355.307513969027,9479.056022344308,1532.4214203020852,1235.0438182028058,1145.0567422671277,1.2510803481830526,1.3928159721578215,4346.634206906869,19669.0,1930.2148398027573,1899.198952172068,0.2956404296751641,76059.67768317538,33988.0,20780.0,39558.0,2190.570633419516,26.994393409543104,0.3885902358898987,-0.2745734606989655,4.693856977819275,-0.8075572205495654,4.159326868617089,14385.65165305149,2620.6,-0.8979913039481551
3,4,0.081632653,10866.86596073231,13196.382750095094,36580.4,8145.712649287043,13091.692163135684,0.8604536305557595,187491.3036399689,46735.0,7762.9402073903475,1296.6987792241312,2147.8902619506366,196028.79792696843,8805.322132512707,9459.727304425003,8964.186509445924,11754.31240308252,1994.3569006358164,1282.986971194445,1279.321534066899,1.5565442322863037,0.8004274691165028,6621.890587645081,28022.0,3968.2329728998993,3815.747492123335,0.2891202494120522,81433.93727617698,36811.8,28392.0,47170.0,3057.8772375620283,26.819878336151376,-0.20379826715142,-0.2829784346643756,4.613479887354006,-0.8800122601884197,4.711687595755902,15159.61964170424,2709.0,-0.0654836908823538
3,1,0.020408163,10905.667086731688,11599.232001538394,39416.6,8222.041294409944,13902.90615307341,0.9535521663469864,185287.34077477365,50175.0,6165.789458833648,1531.8516195296284,2760.645260832467,186231.1838084109,9616.536122450434,10084.89065574013,9851.23244530568,12874.629898930963,2026.963059135325,1591.8190076560136,1366.489237060589,1.7373579641320909,1.2301325567469867,7742.208083493524,31207.0,4030.304296363918,4440.910843438462,0.3071230280813674,79085.55278602258,39574.4,32866.0,51644.0,3589.839940721589,26.58166368271169,0.2259068204790639,-0.2638005370658701,4.552635722064663,-0.9065762577297144,4.098780306383846,14097.757225740575,2794.2,-0.7112105218884904
3,0,0.0,10207.133206956994,8676.030915693394,44612.4,7863.085321827168,11999.874336854502,1.4524704522496117,174856.3183715159,60559.0,3242.588372988648,1657.0135654784845,3246.7855058764885,149945.9376288154,7713.504306231525,6891.435911276867,6685.62361370105,6021.954114039302,2044.2443969674955,1678.902289888102,1608.5221595040769,2.227964653454454,2.931728477341413,889.5322986018627,41316.0,789.7840080347214,1247.456098975199,1.1446202832543844,78492.1933857163,38631.4,10730.0,29508.0,8523.489936639802,24.31670241983774,1.9275027410734904,0.0373286879629307,218.5604943441517,-0.3231477949267818,5.504543577809156,17331.87682405652,8824.2,3.1062590683257487
4,40,1.0,5659.331129819377,5659.331129819377,17745.0,4573.619835514164,3233.1011924892136,0.075628917630181,149867.84276631734,16983.0,0.0,,,149867.84276631734,0.0,4730.440884257189,4630.963661462485,4307.051950934591,,,,0.7007633411585652,0.075628917630181,0.0,0.0,0.0,0.0,,30470.571898655733,19440.0,0.0,19440.0,,16.56945404245042,0.0,-0.0866391780628665,22.06102211891224,15.070950445063914,,,1990.0,-7.474503466355238
4,39,0.975,5461.944839115851,5264.558548412326,16672.0,4743.295730364622,3511.4005019716,0.1621357487560419,146865.818113958,15106.0,-394.7725814070509,339.20581760316685,508.86505811271087,143863.79346159863,278.29930948238643,5210.150351947443,4992.439199124042,5026.69581753536,314.8206859917392,255.60180391353967,239.95795170530823,0.413742555999401,0.2486425798819029,719.6438666007689,-2146.0,339.3517897009151,479.7094676902534,8.989429014091256,44356.63993581556,19936.5,993.0,20433.0,156.270598642227,19.506218749376185,0.1730136622517218,-0.0806790326527504,21.5552374704228,8.714464230204888,0.7071067811865476,3882.207261537158,1805.0,-9.359913240573531
4,38,0.95,5315.49917173712,5022.607836979658,15630.0,4677.375899054857,3284.7610930647143,0.1279298110577836,145886.60651867176,12572.0,-636.7232928397189,250.4521323389694,361.6868531277487,143928.18332809937,51.659900575500615,4845.44397920374,4605.588157297882,4603.339105378966,362.6028525476098,216.39555182631943,204.5145025982932,0.3370679590074543,0.0595179356612669,296.2871544443751,-4199.0,-28.083599078838237,115.00309494655085,7.661462415959889,50307.99163375384,19381.33333333333,-1169.0,18271.0,131.19578245253695,19.497053778356705,-0.016110981968914,-0.1191288922031777,21.200978193941584,6.245112807160562,3.7859388972001744,3268.4656860598798,1675.0,-9.458195080666806
4,37,0.925,5259.118287720551,5089.975635670843,15075.5,4735.9439470800335,2983.6944024439144,0.0881135755966621,146077.9747743266,12564.0,-569.3554941485336,283.4570206961311,296.45404156797287,146652.07954129114,-249.4067900452992,5321.2614860408885,5000.755074375321,4593.795247802661,337.5680269436758,218.6957445667109,203.97300355668656,0.3699906737663365,-0.031335130786702,286.7432968680696,-4333.0,338.0282556414013,590.8206017836992,6.427682245198573,51140.264185387074,19047.25,-1395.0,18045.0,125.64632903511352,23.61623389609598,-0.1069640484168829,-0.1241468520162116,20.79427882011665,5.506347822349704,3.201562118716419,2675.980120307521,1664.25,-9.436620365608787
4,36,0.9,5282.05686304829,5373.811164359247,15390.4,4686.917649676807,3464.4726737401584,0.1171296899953359,146041.4604655387,15938.0,-285.51996546012924,299.4751241040135,281.5629351135524,145895.40323038693,231.37148125094475,4643.259069932552,4570.757294994675,4374.225488310832,303.318209135441,216.96608702439573,207.89812125245487,0.3421150357389763,0.2331941475900312,67.17353737624035,-1095.0,-82.80737545026659,-87.18181432463734,5.566687561282998,49867.4689280152,18847.6,-1391.0,18049.0,376.7342564726496,18.29532984915901,0.1575652299598502,-0.1374257945627437,20.48898805836344,5.487984157072235,2.880972058177581,2322.2658444561407,1722.8,-6.650845588262658
4,35,0.875,5247.602148145532,5487.057555305587,14487.0,4777.038651952801,3541.0006068861103,0.1312581929046831,146484.05887265518,12830.0,-172.27357451378975,317.6097287288141,241.95026402616327,152080.83480189976,307.89941439689665,5367.453099612549,5093.1563242094735,4766.0961425102805,226.847186195082,244.85833410090277,241.46288049389307,0.0439923185376997,0.1462714321769166,459.0441915756892,-4517.0,450.6050113799738,637.0122153553593,1.5210977935588397,54197.7857992534,17973.6,-4370.0,15070.0,478.406417181041,14.382017938021193,0.0706425145467356,-0.1599810522920048,16.636543926759764,3.1609688415154205,3.7416573867739342,2934.379410626147,1665.6,-9.67630244542908
4,34,0.85,5000.08727235507,4026.984169460016,13945.4,4625.77796258202,3588.504722394762,0.1544275632147879,145901.87326841746,12817.0,-1632.3469603593608,562.3035733746766,140.23466588380978,140952.86544041013,355.40352990554857,3993.623644404383,4167.226021802203,4620.233155570597,487.6227854007827,372.0581999065937,348.2815172979283,0.1822165180987349,0.3644894314324269,313.18120463600553,-4854.0,-416.9516571529912,-736.8172398528063,1.477887090805782,53408.95605107256,17858.0,415.0,19855.0,426.3199502720937,15.879304109919085,0.2888605138022459,-0.0843188309021304,15.712021479044202,3.241791601519607,5.549774770204634,3523.006661686472,1633.6,-10.95453035237918
4,33,0.825,4650.89773593721,3276.6601548903586,14736.2,4322.692225911035,3533.4634204194977,0.3197892227954493,144732.5251426514,16855.0,-2382.670974929018,1055.150030956448,212.37413485460945,138081.44269926904,300.362227930284,2834.907740167073,3028.527671423599,4231.652405473053,843.1868435733367,836.9220534089424,800.8777315299868,1.3670563291316178,0.8863262335645739,-75.39954546153876,-245.0,-1543.51228243376,-1895.5331440901164,1.015654982037031,50251.17032401324,19063.8,4860.0,24300.0,735.425523081706,23.20417565903242,0.8106973159343929,-0.0778305327634063,22.06669866348685,3.665742614901713,4.219004621945778,5166.008800732354,1688.0,-12.698698124807036
4,32,0.8,4479.208435222357,4231.529132096579,14783.6,4094.530949247929,3798.588572748962,0.4371145172473425,144246.12936783483,13582.0,-1427.8019977227978,946.9609762152857,236.5320297470752,144220.10066720826,565.4873802597485,3819.5674466299993,3799.994486542636,4246.278193528145,841.2007218949975,781.8965938848381,752.1639956965963,1.250246067866533,0.555291341472764,-60.77375740644675,-4096.0,-802.7781276741343,-910.87343762719,2.320124533460901,46958.76432670552,18418.0,-4624.0,14816.0,739.532284623194,13.176162350750376,0.479662423842583,-0.0347538962556235,18.652392898438062,4.697271571340655,3.999999999999978,5062.058657622692,1768.2,-8.803997779682073
4,31,0.775,4493.054468923551,5443.041332865213,14199.8,4304.463851573026,3574.3261892548862,0.4290102782211552,144766.81032528108,14059.0,-216.28979695416365,1086.2187937043352,363.1836486281151,148498.80801761834,341.2249967656726,5354.619737640037,5516.078005808943,5089.1294162459335,902.1027502693818,998.7510613865747,997.0411792267608,1.1387375565564124,0.1926729524590944,782.0774653113422,-4014.0,966.8571361752174,624.1788533828476,2.501468541741205,49939.67641917158,18655.2,-205.0,19235.0,868.3989866415099,21.685483739490223,0.1170440348289134,0.030704638902085,18.64196491001286,4.06295479781432,3.6331804249169615,5421.11840545093,1668.4,-10.112688113522085
4,30,0.75,4307.74595267686,4560.514974072132,14003.0,4330.923019000117,3438.6884470274454,0.4235823543405813,143087.68743062392,12274.0,-1098.816155747245,1016.367864881451,355.5548780792845,143685.22032861388,205.5872545382317,5065.447940336771,5156.027355357455,4690.576992266223,791.8635139418003,1011.220786005879,1022.3513302604412,1.152564973173784,0.1191318127740476,383.52504133163166,-5501.0,582.9008485154345,335.00705607958207,2.594523519146104,50806.18472326065,18654.6,-4373.0,15067.0,851.5733673618504,14.15602949394266,0.0435028951438666,0.1034333595168174,18.913516046164357,3.87415536879304,3.84707681233424,3953.5909194713904,1655.0,-11.362551787305696
4,29,0.725,4387.950830496568,4428.008558558558,13579.6,4496.818559647059,3206.6484122247257,0.353269591127256,143236.42445193703,10640.0,-1231.3225712608182,1036.3821692713534,354.6784232357336,141696.55054697554,-26.45278026448796,4798.780469755469,5010.869111969112,4562.441730976604,780.6349064209426,1046.3013132651502,1053.820972472383,0.9240597622740272,0.0129256153657999,255.38978004201272,-6971.0,412.52604608171714,68.33958549828003,2.6124759534749518,51253.58036452629,17658.2,-4567.0,14873.0,1068.2538555980036,14.6343731117944,-0.062703302264381,0.0450260493607046,16.155396355967305,3.842351152257741,2.408318915758408,4002.049014518541,1735.2,5.246491617748767
4,28,0.7,4467.371612061475,3673.764062714895,12786.6,4553.523748705485,3785.1731795436567,0.3340419932375066,144129.2550474612,13334.0,-1985.5670671044816,850.7341270175428,368.1687929973082,142545.59567688993,552.0719870544431,3362.19269472333,3345.479140879292,4176.617948985157,680.5481724395139,938.765699801294,958.4835533538431,-0.2255185351197256,0.7901882441158276,-130.43400194943388,-4210.0,-1259.986337141634,-1368.2481895338592,3.4891505920996915,49067.896888342846,15723.8,-4812.0,14628.0,832.0328719467756,12.501206844451824,0.7145593264856466,0.1235726829010847,6.458338031053148,4.9859427424752365,1.483239697419057,2791.7889670916484,1741.8,-9.15133389987018
4,27,0.675,4661.886886156653,5204.105502572468,12802.4,4858.093034192316,3654.948659678875,0.2607010456823033,144922.2746743408,13598.0,-455.2256272469085,806.8497990262945,344.4119027906676,148185.19880160622,421.84746718966153,5209.22719287238,5333.525975655666,4879.415917752325,722.1146387141816,874.3660592391712,886.8769336752365,-0.3567981357081179,0.1885866036967471,572.3639668177339,-4017.0,720.0682997600243,478.7863086151911,3.057831842057773,54341.03744976531,15748.2,-4502.0,14938.0,901.495867988312,15.378316591925968,0.1129576860665661,0.146001026331282,6.527891275810068,3.6912990132365535,5.983310120660624,3200.9401746727035,1650.2,-9.868191010647342
4,26,0.65,4550.133128798092,4884.272546072409,12596.8,4742.977086985534,3626.159782408719,0.2480594529517,143355.0773434612,12694.0,-775.058583746968,741.3529165019187,261.9207481008571,140662.8213632205,393.05858991950527,4830.42429094236,4974.990981571036,4686.449568784744,605.4299645213684,805.5600699931955,810.2011593935125,-0.4181894851532788,0.1294649888060779,379.3976178501525,-5042.0,391.2774001413054,99.98340668517083,3.343120982404667,56013.25641317239,14843.0,-4731.0,14709.0,765.5711593313847,15.714512151039177,0.0538360711758969,0.1494957088941009,3.294592346556896,3.348878710679062,7.231873892705805,2712.3586459953403,1742.0,-11.102664453784156
4,25,0.625,4359.573944776135,3607.719053962349,12714.8,4672.794427043917,3459.0142948536286,0.3359899069610143,143088.28112251186,12956.0,-2051.612075857028,704.6273932576444,306.0885208154998,142351.2392238671,225.91310236441493,4548.2327896046445,4872.912282906477,4204.057325982646,718.1384631773221,780.6975717475634,780.0608779826438,-0.2975395725649148,0.558784082820619,-102.9946249519453,-4911.0,231.9875488073476,-182.2080946525448,3.462808061051632,53876.85105709192,15595.0,-613.0,18827.0,754.912710185754,17.23445409787672,0.483155165190438,0.1360987748071261,6.862218391424724,4.020097071508021,6.655824516917476,2684.8718166340173,1768.8,-8.196376489693183
4,24,0.6,4252.407821538151,3892.1779423686335,13499.4,4396.101816917287,3838.642981947581,0.4889742045061744,143433.19559856888,14594.0,-1767.1531874507432,794.4253867587859,316.89339249455185,143421.12292726067,605.5417894583675,3610.055162502764,3630.968187289656,4288.133730038454,754.1014278738802,883.7661699444559,880.0760741180787,-0.2068630959444136,0.7778471030916009,-18.918220896137427,-3048.0,-970.9370045514312,-1120.3857217544255,3.647354968506348,49701.16005559538,15576.0,-4662.0,14778.0,570.6126532070597,14.767705497023211,0.7022181854614199,0.1562625901419753,6.862387499607886,4.997193481149168,8.54400374531752,2549.9995070502227,1753.6,-8.201665301579093
4,23,0.575,4577.910573572101,5301.277822884649,13801.4,4723.2406510826,3915.8504517904826,0.3832795112693359,145358.74093573046,14902.0,-358.0533069347275,608.2579629750591,316.1546194362626,152173.32236269792,682.7492593012689,4871.9642463608425,5074.15458446906,4848.932195672915,778.2755160435397,663.289159688714,651.4134024997072,-0.4085581985956107,0.2617147779316351,541.8802447383241,-2700.0,375.7078336849309,141.5233621036532,2.855440501207359,53099.06292891926,15784.2,-3771.0,15669.0,1318.416929502955,17.319836825697475,0.1860858603014541,0.135816476362836,6.641904222919568,3.748606311526639,10.568822072492267,4754.644387794841,1801.4,-8.659213760156778
4,22,0.55,4457.916662592424,4604.135947674077,13691.8,4642.605276623527,3859.380348946645,0.4016157293924671,145455.1492131871,13213.0,-1055.1951821452994,526.9761991649892,268.7836408562928,148667.24018888955,626.2791564574313,4768.901302281926,4996.546283803602,4491.804055622131,703.9026016191839,607.4099897610784,584.6829249982062,-0.3937142948892444,0.2802676943124025,184.75210468753997,-4565.0,316.8914274646595,38.46041802473701,2.68007360566929,50652.509069068605,15773.2,-4557.0,14883.0,1556.4880982519592,16.394404103911715,0.2046387766822215,0.1279483341712384,6.693092263209563,4.141430183933916,8.746427842267934,4914.164355634574,1847.4,-10.438408469042614
4,21,0.525,4430.1079544073245,4745.229005146915,13324.4,4541.961265025692,3516.245283360784,0.4027850529861508,147066.66455485017,10635.0,-914.1021246724612,505.7793236707988,264.0684943327974,148720.3980715356,283.1440908715704,4261.565769756988,4612.27985536517,4259.433038403422,691.2855520203169,589.2246318410698,558.0397109348347,-0.3252758744280182,0.1353116067744968,-47.61891253116937,-6879.0,-111.94265784786694,-468.8751145002016,1.96523974980228,47654.35036289776,15745.6,-4869.0,14571.0,3341.378413170229,17.816138275079936,0.0596826891443158,0.1340531097447461,6.514034638761797,4.6559462032501004,5.147815070493473,4161.484683594948,2246.8,-3.484293650156022
4,20,0.5,4636.431038802725,4639.334475939354,13745.4,4442.772430071593,3937.5145057776335,0.403989470341194,147460.1400822294,14596.0,-1019.9966538800228,500.6908300578999,235.3227875913331,144318.6168607632,704.4133132884199,4320.409184794551,4347.610415293342,4479.632312384592,542.9656012383904,583.5317169183577,543.3447941640621,-0.364959736667602,0.5648061695958345,172.58036145000096,-2806.0,-263.95662596315015,-410.03169946263824,1.8702977792315312,47296.184835624765,15035.6,-4163.0,15277.0,3284.790449937408,16.941832140514915,0.4891772519656535,0.1318707739754283,2.469167428125819,4.484339308897882,3.7013511046643135,3841.480001648064,2265.8,-7.801198348779066
4,19,0.475,4885.410288705423,5137.07419188212,13926.0,4687.343701738927,4152.778735830659,0.3254653792183065,147858.32396264464,15478.0,-522.2569379372562,283.0059876906907,294.61212559376366,145412.04232933692,919.677543341445,4758.857162276051,4958.978712992415,4979.119671758622,323.9553161541517,307.79004227806723,283.9800099455693,-0.4977250546869631,0.3852266474771637,672.0677208240304,-2145.0,251.91935378524067,28.416278018861703,1.2243873852581235,51760.20992900154,15349.6,-3092.0,16348.0,3143.7461252461208,16.842786424309907,0.3095977298469827,0.1233828118249687,2.448244686755519,3.327942507721464,6.670832032063148,3364.339338590712,2367.4,-7.764304360296205
4,18,0.45,4949.1537379284455,5619.99506899976,13676.8,4755.3975734396345,3996.23007883388,0.2977096142045325,147867.17816969278,13678.0,-39.33606081961625,368.9456322947327,280.55410313904554,152217.59339793856,763.1288863446662,5158.974317707085,5413.919357600246,4770.316384030615,446.98456822138905,405.89548546972594,385.1932652434482,-0.5349088025659636,0.1229359528627651,463.2644330960238,-3946.0,715.9771921884694,428.5334334498957,1.271658280771064,52276.48532079435,15112.0,-4959.0,14481.0,3120.636601720873,19.86337482609265,0.0473070352325841,0.1281836798566773,2.40805906561208,3.2476004126278566,6.670832032063148,3147.9456598075594,2385.0,-8.333965090403797
4,17,0.425,5020.719117030989,4961.962843186795,13229.8,4713.365403377136,3665.45720527416,0.2757322326477116,146586.85779234944,10898.0,-697.3682866325817,370.4859146319568,284.847031805833,142265.63830217285,432.3560127849464,4462.421054404582,4810.250193700522,4451.480182069853,407.38017983472025,399.3993802725786,378.1660538024484,-0.4390927947977367,0.1703807865282979,144.42823113526174,-6800.0,106.730577152166,-268.0198298526075,1.2679497489199518,53733.52366555364,15157.2,-4331.0,15109.0,4447.868174755183,21.13460074951488,0.0947518688981169,0.1011360152920197,2.34203116846657,2.907642245498076,6.418722614352466,4098.304141965687,2490.6,-1.5005356309910471
4,16,0.4,5224.007074006211,5761.668790023026,14238.4,4814.295544259494,4374.692869541914,0.3458080746274002,147268.3974395177,15943.0,102.33766020364963,352.7967585933966,248.09559834752395,152128.09630737684,1141.5916770527,5002.416676471083,5007.135821974217,4936.118018488269,463.49423418344094,384.6985057892935,361.1602286279812,-0.4612380253438338,0.48569081667294,629.0660675536774,-1836.0,392.7080465639237,271.9757922138933,1.658538444370327,51856.67539070478,15658.8,-2361.0,17079.0,4139.779788829353,21.662900265766016,0.410061899042759,0.0868570161958299,2.2191517360034623,3.339327903775821,9.449867723941953,4661.530321494481,2101.0,-5.17340408582567
4,15,0.375,5570.122759705142,6369.912904434009,15120.2,5203.6658381872585,4923.79034765256,0.3209780869847248,149246.21002057602,18822.0,710.5817746146322,619.5092968318577,452.8986157525189,154207.6797660549,1690.6891551633462,6099.671756604916,6186.687746693941,5684.606166061668,492.7528065677545,556.3464325242064,630.2862353584655,-0.5400061043681247,0.4406562313824573,1377.5542151270763,1603.0,1682.894843675671,1369.2308723477263,1.4376219215738428,53785.05152636462,16520.0,143.0,19583.0,3919.433096762846,21.592291136053387,0.3650273137522763,0.0495166631568497,3.722865363720915,2.7436935932591533,9.449867723941953,5302.420918378838,2147.8,-1.10767711015213
4,14,0.35,5837.738158746924,6475.151187091027,15224.8,5425.186360326008,4827.378198103571,0.2971208958629502,151275.5753325016,15869.0,815.8200572716505,629.5991242845213,470.1435000803236,155558.86888896502,1594.2770056143572,5671.902600294631,5815.977080407003,5243.350249929652,548.5474045253764,566.4156989816905,658.1872190987418,-0.600967343028505,0.2659406918682908,936.2982989950606,-1622.0,1359.521964478984,941.461716037442,1.348187999038729,53558.83729258998,16604.4,-2670.0,16770.0,3726.896725158881,21.285960429074937,0.1903117742381098,0.0180372344668467,3.686540304915504,2.8710749823875434,8.689073598491378,5579.1415960281465,2205.8,-1.5638807490446618
4,13,0.325,6002.540626998074,6444.007410255514,15495.4,5515.67607778873,4893.594797130776,0.360459794155383,150988.99137974816,14865.0,784.676280436137,629.9650755907602,467.31159503065817,150784.67363417108,1660.4936046415623,5151.485371736167,5487.07326365829,4792.631904364655,593.9998380022345,566.2990262489394,665.9420088995981,-0.5275730363720373,0.4396304443249289,485.57995343006405,-2593.0,1168.4257795020894,421.0444874789773,1.353373792560698,53444.813315246975,16806.6,-3948.0,15492.0,3757.926449519733,24.98620037532005,0.3640015266947479,-0.0486632975267128,3.743133329263163,2.857052720636541,8.526429498916878,5561.915585068094,2263.8,-0.8233770135039293
4,12,0.3,6402.073383509143,6959.626625742145,17173.8,5790.576662914241,5816.343341319584,0.4287463860539404,153029.49762466009,18986.0,1300.2954959227682,452.9110280930443,447.784187368914,152468.1695267327,2583.2421488303708,5763.534189027888,5931.117378970376,5811.161067040757,419.20165124541074,454.9979127013252,497.24403711629606,-0.5231639957364805,0.5118137460210849,1504.109116106166,1592.0,1481.2335027797171,1033.0933047706983,1.369861446341092,50528.13641862306,17916.6,1219.0,20659.0,2638.022990802011,31.00501941095008,0.4361848283909039,-0.0654281745529802,3.734019902436748,3.1929125197760304,8.012490249604046,2069.3956138194776,2326.0,-0.9402652740396648
4,11,0.275,7022.507967836609,8863.84171166035,18209.4,6376.556547446342,5956.0914055571375,0.3773588141323478,155146.59660323302,20805.0,3204.510581840974,718.5844576221807,691.3548521888935,162713.59120024147,2722.990213067924,7087.292263322043,7558.741574164123,6642.680089687713,1026.0386776068708,802.2326070694525,869.8452415681468,-0.5471784064275725,0.2287529570649772,2335.6281387531217,3342.0,3322.6074692244256,2356.851379064854,0.8229914043441022,53676.63987172474,19057.2,3342.0,22782.0,2217.252872362552,35.5594717248522,0.1531240394347962,-0.1299035263398198,3.989847822656548,2.509271589724135,6.730527468185526,4171.331111579688,2488.4,-0.6689700926669968
4,10,0.25,7353.46491040171,8024.697617259507,18490.6,6615.580381595403,6423.356556904865,0.3686825020604846,155896.2455342987,20356.0,2365.36648744013,787.3747006324552,727.9314927207695,157955.9244213832,3190.2553644156515,6660.699324093671,7109.117396053799,6135.706543097965,1026.808826076504,899.7192162220005,985.1703110186684,-0.5074623765485926,0.3972746710231412,1828.6545921633733,3009.0,2878.0140144209754,1930.2584398364816,0.9669029537522388,54817.50897289165,19477.4,2244.0,21684.0,2319.493974986783,33.410109760702255,0.3216457533929602,-0.1550682219820005,2.747351729204471,2.3748303927597854,7.700649323271376,4255.000401924703,2658.4,-1.1894383872140477
4,9,0.225,7544.877000509636,7432.211637630662,18900.0,6653.536286405135,5972.201269391702,0.4235987697779763,155726.04947079142,17869.0,1772.8805078112855,799.4137512800947,717.726701899956,154707.88857142857,2739.1000769024886,5583.167909407665,5888.126202090592,5308.073785114294,912.8047010953346,888.9174684121311,955.514186528796,-0.4350384758745185,0.540522030455749,1001.0218341797026,425.0,1549.301488527648,852.727025150476,1.0144566679560625,55147.51874133151,19786.0,-1127.0,18313.0,2428.1884605606683,32.5814807571567,0.464893112825568,-0.1858717350505837,2.902810139208597,2.2451712551539424,6.457553716385164,4269.312860403456,2697.0,-1.1347018153398687
4,8,0.2,7828.580958928988,7862.527202352277,20542.8,6740.115727616049,6720.5624314608,0.4719281119076018,157170.10462385154,22855.0,2203.1960725329,622.6331733330923,557.0617372510864,158004.94939947175,3487.4612389715867,6225.148861238932,6192.764805555094,6584.748987114169,696.4997250598669,754.6352952935545,867.868928102184,-0.2931857946560172,0.6812771549730571,2277.697036179577,5621.0,1601.3229855566533,1494.7079769817428,1.1243270881832876,53878.33967744427,21539.8,4821.0,24261.0,1596.1081730258725,29.91448320230388,0.6056482373428761,-0.1529895545949648,2.876297432522885,2.420749175792257,8.324662155306951,3568.722501257904,2770.4,-0.4289616457232781
4,7,0.175,8209.005838698593,8861.751024590163,21645.2,7026.971525431688,7133.0659947020295,0.4735144592125236,159288.02036455568,24432.0,3202.4198947707864,661.6117913165532,703.386833714444,163057.74823025335,3899.964802212816,7190.072963238947,7334.245777446597,7192.189631179005,605.060147141037,734.0864453921548,820.4870483818233,-0.2656076269836563,0.5197454825456941,2885.137680244414,7104.0,2915.5124918579177,2459.6320789817573,0.9183244845661328,57220.31952009505,22558.2,6311.0,25751.0,4633.026732061881,29.967729298656923,0.4441165649155131,-0.2192264915325016,2.902338224354483,1.8098265945690213,8.324662155306951,3448.982142904665,2820.0,-0.0990063193243459
4,6,0.15,8090.641026607424,8272.017651204511,22110.8,6926.487545775615,7311.85791076666,0.5485973529796839,158647.27100585029,23277.0,2612.6865213851343,669.8276729582932,701.1218225794044,159509.84440671452,4078.7567182774474,7126.796066119939,7249.846008457202,6618.229811834324,501.520574861068,665.8407854746941,710.8575435981747,-0.2565800915834589,0.6041674259007783,2311.177860899733,5670.0,2820.187570944063,2396.3551818627493,0.9483501866333472,57454.87265531558,22705.2,4077.0,23517.0,4611.985873785824,31.469383706873856,0.5285385082705973,-0.2617567506237451,3.0159278607812667,1.695158588316565,9.61769203083566,3106.657087845255,2884.2,-0.3628793827418736
4,5,0.125,7908.630548870802,7114.645228576395,22511.2,6525.95713710732,7459.1332090268115,0.6495931614608966,158054.3977213187,22415.0,1455.3140987570189,740.9986225988157,867.4292180114059,154991.5579987253,4226.032016537598,5811.022654846746,5746.889680746277,5247.477609415896,660.7230889235011,757.0732995670561,884.0807819940671,-0.0938247447307479,0.9022537134292048,940.4256584813048,5011.0,875.3619710794974,1080.581770589557,0.9278776084397732,57256.367871919865,22560.0,1518.0,20958.0,4424.815216480796,30.34694854504833,0.8266247957990238,-0.212617271175798,3.5369439740843185,1.798927125976265,7.905694150420934,3332.755508826672,2891.8,-0.0981445643762597
4,4,0.1,8251.926439067274,9148.691088613028,24160.4,6654.530068306542,7604.576722937293,0.6771233463217541,159532.86315803646,26284.0,3489.3599587936515,598.5560289874694,807.2652425529885,162100.21575501736,4371.47553044808,6825.245769684828,6712.239240868601,7254.41402614177,784.5393088744441,681.269812837074,857.1493934063103,0.0850090030382828,0.6781729547600365,2947.3620752071783,8671.0,2192.166144523757,2094.8048854276385,0.9275008885529016,55609.38407356343,24238.4,7265.0,26705.0,3181.830558027877,32.31718741617227,0.6025440371298555,-0.1527711986016174,3.578169972533831,1.8479490593879824,7.791020472312967,3050.624588360288,2881.4,-0.3027052741978177
4,3,0.075,8648.90731397619,9847.431576896854,25201.0,6941.982191083061,7990.255037506769,0.6487695300769336,161402.3530093197,28017.0,4188.100447077477,671.6773586790541,954.0510145638716,167352.3986558878,4757.153845017556,7591.345800461024,7115.158631213272,7715.058568919342,1019.5587650690602,651.6961403229113,896.2158034615884,0.1334283111485886,0.5395080737489546,3408.006617984751,10824.0,3038.5835994392464,2860.9049162038345,0.5214841189990178,58554.816529941934,25081.2,9035.0,28475.0,4278.822186069431,31.97121042284362,0.4638791561187736,-0.2056138800582169,3.9586149567140794,1.3588812379390165,6.058052492344362,4555.943402200587,2991.4,-0.9205578198740176
4,2,0.05,8705.919161307012,9146.810261244276,25234.2,6864.123783782628,8218.98220777875,0.6561833101879803,160958.2616247826,24979.0,3487.4791314249,663.8397778644437,931.6952372458376,160837.291307568,4985.881015289537,7105.427080527875,6571.9857931591705,6860.06875953926,1055.7346172765735,591.0765181473952,852.6498864697663,0.2793581472782588,0.5568143831009268,2553.0168086046688,7270.0,2526.220455355752,2374.986196270685,0.5844987570241723,58876.675994671576,25237.8,7094.0,26534.0,3042.797807939264,30.51026501314858,0.4811854654707458,-0.2020301832396455,4.001463734551106,1.3116238529780817,4.277849927241452,4485.934532609172,2976.6,-0.1405328724227724
4,1,0.025,8703.113752928357,8257.99060931123,24853.6,6576.9185418813095,7179.622702255429,0.6555075808855155,160375.3831324309,21341.0,2598.659479491853,778.2872966663224,1114.472352160501,156595.45194495612,3946.521509766216,5878.586267923574,5263.119875753964,5393.474390676068,1044.7857297750943,756.275504876024,871.278544049259,0.4288822526447566,0.600788779388455,1086.4224397414764,3767.0,1384.1613614374735,1148.145383666385,0.5849667361495338,58649.00169071357,24675.4,1265.0,20705.0,3054.211567655389,33.96516481351374,0.525159861758274,-0.1218000487141619,4.072593349371078,1.307250973473201,0.8366600265338585,5066.107389778835,3023.4,-0.059758651876829
4,0,0.0,9592.137185955866,11559.762393713938,27574.4,7476.091657483319,10897.480112780013,0.614135349512489,158844.78695934848,35858.0,5900.431263894561,1275.5049513231108,1339.6852926555318,147338.57713331308,7664.378920290799,9337.257383085333,8244.063562860614,9084.298517652527,1486.3640069689004,1072.915600229178,1505.377623472374,0.6074630524199944,0.6953925565640722,4777.246566717936,18615.0,5371.227549089539,4606.816498828143,1.1154233107651852,55956.14265333735,28989.6,23089.0,42529.0,3979.933454217544,61.51228779877115,0.6197636389338912,-0.1144011829036358,3.6958764607325647,1.6159859074457992,1.6733200530680483,7767.192681908751,3817.0,-4.298822498986576
5,53,1.0,4361.156473809,4361.156473809,18913.0,4327.741976485542,4283.541807863522,1.0932603406293004,158213.62448974603,18203.0,0.0,,,158213.62448974603,0.0,4397.599973112366,4328.187871232676,4964.597093119154,,,,0.552006849434028,1.0932603406293004,0.0,0.0,0.0,0.0,,50453.87560375555,19386.0,0.0,19386.0,,11.875480360782378,0.0,0.019749739953525,5.356149127867377,1.247508476361733,,,1717.0,-5.434368282074932
5,52,0.981132075,4948.186217942734,5535.215962076469,19597.5,5097.364538133974,4450.8296742736775,0.9596173821644564,164057.30395557656,20134.0,1174.0594882674686,1035.7870741665283,219.0987386450172,169900.98342140712,167.2878664101554,5862.424101129417,5666.776422132421,5274.449500809776,886.5521794738305,946.525041559884,1088.4106645915365,0.283994501726235,0.8259744236996126,309.8524076906215,1369.0,1539.2451232968642,1464.8241280170514,0.9991174803275616,60049.40021336978,20174.0,1576.0,20962.0,452.5483399593904,11.793659447348846,-0.2672859169296878,-0.062444200763868,4.834335968808457,0.5410257308200972,2.1213203435596424,8869.730449500768,1813.5,-2.992820763111556
5,51,0.962264151,5086.29602841786,5362.51564936811,19032.666666666668,5178.327116128036,4201.063795380514,0.7985054614271481,164300.3511984923,17981.0,1001.3591755591096,741.8460887349273,193.31222096078807,164786.44568432376,-82.47801248300766,5334.277951062113,5129.7564399032,4919.267314770121,687.4006878866164,673.6371352830179,782.2938734929661,0.0815287451850836,0.4762816199525313,-45.32977834903341,-1010.0,1012.5102956306182,936.6779779497474,0.7925334067702267,63045.25021878628,19750.33333333333,-483.0,18903.0,1312.099589716167,11.614410182054094,-0.6169787206767692,-0.0889600824416854,4.564057330951569,0.3336682849295337,3.0,6290.856562242423,1833.0,-4.000660818528163
5,50,0.943396226,5073.7997903865535,5036.311076292636,17158.5,5123.977002155687,3669.760879077037,0.6336966856537448,164140.04654337929,11295.0,675.1546024836362,622.9809753767624,451.2554151790984,163659.13257804027,-613.7809287864852,4906.794082198385,4599.274647462938,4207.269385188634,561.8357361153554,592.8167895363282,647.9235108341481,-0.0579528154774631,0.139270358333535,-757.3277079305199,-7377.0,633.1846837530984,509.1941090860191,0.6586597149897856,63924.65173269175,18357.0,-5209.0,14177.0,2108.313919541711,12.261238927895889,-0.9539899822957656,-0.078939704871847,4.4887728640531375,0.2722411880601325,4.69041575982343,5165.371214836859,2107.25,-3.5540788553135463
5,49,0.924528302,5105.464226177993,5232.121969343746,17760.0,5158.349409744133,4781.515912349898,0.7276211398829,164343.4279737173,19998.0,870.965495534746,548.7785448566103,448.6869451339152,165156.95369506936,497.97410448637584,5349.761437813265,5264.437419862455,5334.327803755508,488.3062700960615,534.6120706493617,566.3576334224404,0.0715992864783131,1.1033189567995207,369.73071063635416,1253.0,968.0970636123712,952.1614647008992,0.5815932061013219,62615.951102326086,18911.8,1745.0,21131.0,2170.985605663934,12.155314946097317,0.0100586161702203,-0.0720266288112781,4.306173323551851,0.2214943807312068,4.08656334834051,4483.700974886915,2034.0,-5.243870686921966
5,48,0.905660377,5463.371187098926,6150.691278413671,18304.2,5485.424497707812,4777.017740679927,0.6776721049418202,167609.95169740278,21375.0,1789.534804604671,443.48807427013327,536.4006332442933,174546.24310817345,493.47593281640457,6003.801117738729,5759.216346928905,5591.836882011757,397.97841799708254,465.1265651584201,420.0881294767344,0.0376254548434686,0.8435151659239014,627.2397888926025,2721.0,1635.3754398183964,1606.2011446263632,0.21863774432881,66965.56539005894,19563.8,3260.0,22646.0,2378.861807671896,12.512090520656203,-0.249745174705399,-0.0914826635352215,4.119070403012807,-0.1227839627400557,5.890670590009258,4287.461910712034,2070.6,-3.764740362972282
5,47,0.886792453,5417.038535342015,5303.552703291912,18108.2,5379.579274176009,4494.170497414398,0.6380351061837926,166524.3628722886,19180.0,942.3962294829116,392.5962995884647,523.5439128193856,164473.03929583606,210.6286895508756,5350.39573795509,5107.7838456507525,5024.450552542622,399.5120216059645,414.5148468520802,362.6618893402555,0.0030259431820648,0.6277894299094746,59.85345942346794,389.0,1010.0190056378495,952.7957648427246,0.2280940677397171,67830.21893573669,19395.8,736.0,20122.0,2398.656332199342,12.063128298499766,-0.4654709107198258,-0.0797850932226287,4.252660261202372,-0.1430785796803517,7.791020472312981,4145.028417195438,2101.0,-5.043812130204047
5,46,0.867924528,5385.686151965833,5205.753732487201,16824.8,5319.51688192513,3723.189051077377,0.5662492320934958,165752.80936803058,11269.0,844.5972586782009,433.7568811558372,618.0336997367801,160928.67816303382,-560.3527567861452,4984.66197614887,4707.399123210399,4295.303103471964,405.03418011419393,465.23159079961954,394.2921319957578,-0.0177517961519687,0.1173522495010466,-669.2939896471898,-7427.0,712.1983343762258,587.0620030365044,0.2273453005276457,68596.04546846505,18622.8,-4348.0,15038.0,2145.0666190121,12.687761109826065,-0.9759080911282538,-0.0847092283204849,4.181465448155966,-0.1454604828335604,7.259476565152615,4928.400760087717,2088.2,-6.990791824907195
5,45,0.849056604,5526.637568991427,5741.068161420604,18803.6,5425.665891822399,4867.905880276051,0.7560351232824847,167012.5732332162,20801.0,1379.911687611604,373.1933402388773,513.9931380924065,169957.9519039682,584.3640724125289,5567.888149881403,5407.829572408487,5436.701554687071,382.5783479035168,386.9944522693103,341.5323621378429,0.2100733212467593,1.0881998142784803,472.1044615679166,2517.0,1163.92973323944,1170.288176769037,0.2953687221513347,67299.79863102673,20080.4,2079.0,21465.0,2201.004497950879,11.458395299179424,-0.0050605263508201,-0.0974139834298065,4.023699332642964,-0.1012647300710397,7.635443667528427,5110.775516421835,1854.8,-6.774675138866836
5,44,0.830188679,5792.004444895346,6558.956348863342,19192.2,5661.44221611042,4847.062159710049,0.7078201507650366,169455.49569326878,21996.0,2197.799875054342,576.9745317104585,573.6196565543091,177371.56599533235,563.5203518465269,6468.776327541995,6238.369147434235,5707.869083423002,539.1536284553129,588.9214867454813,563.9782665383407,0.164810570670351,0.8622440942122797,743.2719903038478,3196.0,2146.978685052476,2071.176354429629,0.3263945547935307,70724.48412721683,20494.6,3816.0,23202.0,3718.234957610936,12.560714938349523,-0.2310162464170208,-0.1283679283028751,4.025706396008989,-0.2001622227699867,8.378544026261359,6952.496472918572,1862.6,-1.5771336635694375
5,42,0.79245283,5633.386790775997,5357.603007816925,17389.0,5542.157494603342,3990.592527140939,0.5813313809783521,166804.78343166583,12636.0,996.446534007925,590.5669001821794,562.5236608844943,161292.6818001586,-292.9492807225829,5094.7710433896,5255.767191571315,4711.964280202714,539.9549700111191,564.094969133612,547.0398554502291,0.1322367544627172,0.2110713169904794,-252.63281291644037,-6295.0,1038.951832283009,697.1710702772343,0.2931636425904656,69419.75770397208,19877.0,172.0,19558.0,4461.611950853637,13.990938677269272,-0.882189023638821,-0.1132585538907522,5.755690524283632,-0.1079621780122428,6.496152707564684,7228.848729943468,1871.4,-1.0032388964842804
5,41,0.773584906,5646.638826597697,5369.812882400411,17822.8,5552.540108537405,5096.613296721539,0.6865643376110334,166956.72514039528,20850.0,1008.6564085914106,587.4659780322262,630.2254113207795,165232.74783948352,813.0714888580169,5412.220057222507,5380.436857163818,5673.52106179326,546.1203341869947,548.5857096676107,542.6658010370252,0.3019522842954726,1.1539542130728813,708.9239686741057,2558.0,1061.932075308163,1014.6200841101418,0.2982280883396443,67134.12652098808,20361.0,3156.0,22542.0,4380.614112199338,12.570002092030998,0.0606938724435808,-0.1272852940318005,5.335178254149733,-0.0215464441152324,5.5677643628300215,7144.321684752017,1821.4,-4.395726587724205
5,40,0.754716981,5978.668858619116,6865.903892594296,20166.8,5870.17643113966,5140.886962549796,0.835392092655605,170396.7711890213,23002.0,2504.747418785296,628.0730541250523,481.08192018675913,178128.90840616374,857.3451546862743,6455.014920653174,6562.02535648574,5976.909694031397,691.3880891240315,590.345207605103,626.0188112554629,0.4787261978384049,0.8614910247239052,1012.3126009122424,4293.0,2300.3799473875038,2057.4149475408085,0.4054919778225089,67805.29875934504,22274.0,5217.0,24603.0,4874.241961577203,13.45701174908309,-0.2317693159053953,-0.1273258556707937,5.095442686088131,-0.1278530320856444,7.190271204899018,7608.353076469702,1806.8,-0.5635974485489411
5,39,0.735849057,6146.727120095228,6581.359468801164,19913.4,5979.0095017227095,4633.343859695564,0.7302202099640651,170701.86771623808,20259.0,2220.2029949921643,615.1591360707152,480.34571158118194,171483.43454005214,349.8020518320418,5796.758262082348,5954.541416530228,5462.793711446476,710.556228722546,556.4076042503582,590.0323386510479,0.3762590054931227,0.5623404008207797,498.1966183273216,1250.0,1708.0950861546862,1399.158288969982,0.3525895490458083,70749.08043997029,22253.6,1977.0,21363.0,2890.9181413523247,15.296767664202848,-0.5309199398085207,-0.139240973602879,6.304994903643644,-0.29952747633157,5.890670590009253,7614.646422681295,1898.0,-1.1961294699168457
5,37,0.698113208,6023.075440884669,5940.6979528105485,19978.4,5885.543556911163,5347.769892792056,0.7821913966332878,169400.38175835513,22254.0,1579.5414790015484,530.4044708226982,522.8753684629452,170864.1362059176,1064.2280849285344,6038.280423948016,6012.443678632263,5982.245530995709,659.3658454083188,528.3136909806899,525.344929629274,0.3983536802998244,1.122100027558394,1017.6484378765545,3521.0,1679.648960994743,1640.68045083565,0.3404918114101914,68227.14023264917,22267.4,3885.0,23271.0,3547.3479248587923,15.96301267066818,0.0288396869290936,-0.1372673876693252,6.11553484756144,-0.23901207513492,7.53657747256671,6583.0876838696495,1921.2,-3.7284497180790015
5,36,0.679245283,6385.963146540246,7172.041536094809,22426.6,6188.198955034383,5592.975329248282,0.9206739946727788,173288.11638003384,24218.0,2810.885062285809,521.5607022478912,325.332110933306,180731.35490855225,1309.4335213847598,6727.88231439804,6821.364651586804,6312.244787897977,706.0190404120706,563.4214638764793,584.3004812827243,0.4878795742560748,0.903484307187934,1347.6476947788233,5946.0,2552.2288228991083,2330.282341285674,0.3612191636142596,70742.16464959017,23538.8,6529.0,25915.0,3475.073625119327,15.912393132167498,-0.1897760334413664,-0.1754996595134966,4.059106376105495,-0.3736776809795709,8.07465169527454,6204.871627809296,1911.4,-0.6366431650972656
5,35,0.660377358,6718.587518828487,7032.93474384162,22542.2,6380.470099035623,5195.081135049117,0.813924999975392,175454.07154237744,21766.0,2671.77827003262,366.0736596562741,315.14878580196125,176062.52365120145,911.5393271855946,6115.450506271724,6270.746320084631,5746.457258865192,481.6072510778013,367.56984240018494,377.3788214195901,0.3494505698003887,0.620209239585947,781.8601657460376,3136.0,2023.287795314367,1717.8505331593587,0.1996644602983115,73861.34783302557,23603.4,3479.0,22865.0,3259.34498020691,16.319006327042707,-0.4730511010433534,-0.2031381322168721,4.05061664719941,-0.5131988630943993,7.797435475847174,4301.051133656891,1982.0,-0.1762326511893506
5,34,0.641509434,6629.273650381334,6419.334550358529,20871.8,6233.083198637042,4687.566090514454,0.7415245942974376,174206.93552261434,14678.0,2058.1780765495287,442.4997151069138,580.3940769055174,171893.2283073482,404.024282650932,5544.736004210249,5726.893592526808,4781.45441323117,484.16859806960537,418.6872190380229,399.7220031464941,0.1607559821640882,0.4994889963341331,-183.14267988798383,-4059.0,1563.4454453945982,1147.1360310978837,0.2045816862702564,73376.55278749992,21864.6,-3477.0,15909.0,3218.1164211383,16.281809729232336,-0.5937713442951673,-0.2037962844091382,4.099279675695346,-0.4511469660466738,15.8113883008419,4309.372952725091,2069.8,-0.4743838639693774
5,33,0.622641509,6534.3118089771215,6106.550261780105,21852.8,6160.5766327806505,6056.387490219628,0.8659732125224942,173634.11626755827,24715.0,1745.3937879711048,457.3450682773415,636.6802425014748,168619.33826477188,1772.8456823561055,5703.119087509349,5614.777711293942,6339.222915988444,536.8170499675119,482.5085768526748,470.9753604328079,0.4203519916870323,1.1845834919460618,1374.6258228692895,6155.0,1345.5622568727222,1305.5191143969832,0.2457845685743741,72068.59172750294,22687.0,6089.0,25475.0,4313.9598166881415,15.724817603533848,0.0913231513167613,-0.2347106896285608,2.629096946601598,-0.3608863271087942,13.164345787011223,4990.252269751969,2029.2,-3.39785803674676
5,32,0.603773585,7026.626671000826,8402.27226292907,22860.6,6513.584316799597,6469.057724624086,0.8149962915703695,177025.92799752188,27310.0,4041.115789120069,916.671643646858,816.001668257155,187823.1948557356,2185.5159167605643,7799.268675321517,7421.3558116202,6951.393145849836,905.9290598779796,758.7607760371587,842.4372951204627,0.4517689302692521,0.8672154227977714,1986.7960527306825,8560.0,3444.6873810894785,3401.668702209151,0.2941140361215083,76185.41939612156,23848.4,9692.0,29078.0,4345.843266847066,23.011081947137136,-0.226044917831529,-0.226150484380556,6.233666151840133,-0.4938702063146462,13.55359730846391,7788.856302985885,2047.2,-0.9198767629213672
5,31,0.58490566,6845.9502713865895,6268.659538023628,22853.2,6428.32550542011,6359.890384781194,0.8130474560252919,174950.40649564718,24249.0,1907.503064214628,897.1476525805838,820.066653488289,170353.74739917883,2076.3485769176723,6409.440716390841,6140.81337061387,5553.209560580182,945.9672376968724,717.7110851340176,817.2831399045955,0.5507805486671083,0.893740129462546,588.6124674610282,5909.0,2125.934766001674,2011.8407432784752,0.2795928380383508,75801.87464147604,23655.6,5565.0,24951.0,4696.556323520456,16.749736724545425,-0.1995202111667544,-0.2232596125894769,12.038941160908688,-0.4712016284631553,14.686728703152385,7739.084209564557,2095.0,-0.2319795004246574
5,29,0.547169811,6761.197878172063,6609.172777768986,23507.0,6446.891717982633,6155.324301389413,0.9175308943076972,174499.6396268112,25331.0,2248.0163039599856,894.6298338500368,865.6053358496063,173808.68930702156,1871.7824935258916,6562.358595369594,6413.207751103796,6546.142253986619,948.8921634005002,722.302136204223,816.141856214639,0.7369556635095074,1.1426264309979737,1581.5451608674648,6405.0,2116.1188581269816,2164.758622257228,0.2785478831183155,73098.22836270908,24305.6,6729.0,26115.0,4782.219411528499,17.059855913268702,0.0493660903686732,-0.1821028962608867,11.89679011569201,-0.4450309047618071,14.536161804272822,7735.324650177818,2197.2,-2.0554639941523494
5,28,0.528301887,7095.360292420812,8090.146621602268,26070.0,6703.6301279726,6612.363520882564,0.9924910370385291,177194.27792260677,27441.0,3728.990147793268,805.9885887199106,566.8149489785167,185366.419786326,2328.8217130190424,7250.48417494916,6906.629049351244,6906.514840786009,1078.897375440701,695.4149976952535,799.3647426372322,1.0709947148577512,0.8742897099882919,1941.917747666855,8756.0,2847.137495344436,2852.884201836794,0.307818730597426,74576.93263367044,26927.6,9633.0,29019.0,4066.972301356376,17.40828581092926,-0.2189706306410085,-0.1525112008828639,11.843305021393553,-0.5448281907379593,6.580273550544834,8714.77340248344,2194.0,-0.4193237105542101
5,27,0.509433962,7244.340531847973,6851.451458915911,25980.4,6789.875210177032,6306.736930622499,0.917407267786436,178497.55695778618,24363.0,2490.29498510691,676.7167147657965,594.7237293253002,175135.73344066888,2023.195122758977,6146.584244273085,5804.096178289976,6059.648500657045,931.4950498036033,637.9943124329648,673.8128145841506,0.9221765094397468,0.8091646456855964,1095.0514075378906,5707.0,1776.7876678948778,1748.984271160719,0.1806785713917029,76634.796730325,26966.4,6283.0,25669.0,4149.612234896169,16.552611431872823,-0.284095694943704,-0.1229353891666444,11.976111711561789,-0.663549579432684,6.618156843109711,7466.347625345959,2207.4,-0.3111240747050837
5,26,0.490566038,6910.678610644231,6733.962656910364,24044.2,6362.270887895611,5547.097257395405,0.8703368059082152,175347.74046188034,17617.0,2372.806183101364,577.1263970357036,866.9555180103453,172074.1123762064,1263.555449531883,5679.736390588532,5218.5282596354,4698.315509342816,673.9911559368517,635.3957040405583,563.8173378934806,0.6858703997344293,0.6318631134066676,-266.28158377633827,-1121.0,1306.665769682376,1282.1364174761666,0.1643724683290227,75103.0499984046,24578.4,-2248.0,17138.0,4184.204787053327,16.689563420264882,-0.4613972272226329,-0.121288262340742,8.393650760546853,-0.5918595987242282,6.942621983083906,5636.204331471523,2270.6,-0.4872647654247852
5,25,0.471698113,6828.615346051423,5858.343215059588,24262.8,6214.282248498927,6272.350539256533,0.9496209450130771,174388.39572202292,25657.0,1497.186741250588,646.4813607776517,875.6958254431792,165557.02369989167,1988.808731393011,5758.39505687974,5679.254672264356,6623.271228734105,822.9434974885633,660.4120903190072,627.3560451027349,0.7253035125910247,1.2901608249868564,1658.6741356149505,7002.0,1385.9915690182495,1360.7950837673743,0.2943266687967934,73310.51400835077,24906.0,7203.0,26589.0,4836.132618115427,16.73308624124627,0.1969004843575559,-0.231922882713312,3.929196560944095,-0.4873164800594144,6.572670690061984,6857.587658605317,2247.2,-3.030539937116953
5,24,0.452830189,7246.033662090287,8696.264357963311,25021.0,6447.009304389154,7179.108469724841,0.8919165091194985,176493.3383052154,28566.0,4335.107884154311,858.8296616818795,1003.8259526639032,184333.4022229841,2895.5666618613186,7521.528001600092,7355.223012743585,7267.339942733506,1082.6116139441465,897.8869704094244,893.2848880104015,0.7387301864662555,0.85410425153008,2302.742849614352,10196.0,3279.7541375781184,3123.928028487726,0.3326305203101832,76696.42269208095,25802.0,11209.0,30595.0,4782.765758428901,17.885449105597633,-0.2391560890992204,-0.2852373926928381,3.984174584590056,-0.5812852948885944,4.60434577328852,8363.661386911095,2135.8,-0.1952320417697816
5,23,0.433962264,7258.786555161139,8153.911086956522,24664.6,6442.850739215704,6880.51786173787,0.8677689529737551,175524.9202547825,25292.0,3792.754613147522,804.5621324442363,957.5335153531306,180524.3295341615,2596.976053874348,6981.674875776397,6832.032049689441,6478.541807644188,1061.8636977200115,883.5650491345293,889.0878025518542,0.6076835325264518,0.7535519292595749,1513.9447145250342,6974.0,2826.344669477191,2584.0749026640315,0.3256350585026737,76765.62389260414,25514.0,8193.0,27579.0,5219.503759937335,18.033304086101783,-0.3397084113697255,-0.3298252789960899,4.100830723308527,-0.5727092622498434,5.504543577809137,7608.643201584999,2108.8,-0.0958877626691628
5,22,0.41509434,7345.209110589157,7283.564236055999,23488.6,6437.037213755386,5999.742866473198,0.8490572554310146,174896.8757538809,18609.0,2922.4077622469986,837.7329943649536,1098.1271587440176,171995.51093616075,1716.2010586096758,5863.133583060855,5692.482587854354,5047.029560873718,1052.864114004552,896.6802244753648,891.9434969684705,0.3988438099878728,0.7156061579718943,82.43246775456373,-173.0,1747.7200405932808,1465.5336099484894,0.3193654306217296,76098.58748947771,24200.4,-285.0,19101.0,5264.740572905751,18.160873711373583,-0.3776541826574061,-0.3172794081910862,4.1179392877998335,-0.5341945608111459,3.507135583350003,7770.874050203735,2156.2,-0.2919584401715372
5,21,0.396226415,7414.753973726853,7081.686972598844,25285.6,6682.495577925298,6653.171426216645,0.9425675731794264,175436.59314463625,26623.0,2720.5304987898435,766.9269424442535,855.219526389588,174772.69932998324,2369.629618353123,6927.242154167062,6803.458297778199,6961.522512524154,1039.9532858733835,750.9430603558424,777.3557448927234,0.685767363839405,1.0994147021487266,1996.925419405,7864.0,2533.9575905319352,2529.6421810546963,0.3229951684539023,74216.46672893204,26370.2,8601.0,27987.0,5355.200397744232,18.468977521859856,0.0061543615194261,-0.4196457752998282,4.037833605496946,-0.5222652291348722,5.449770637375464,7572.111907897259,2085.0,-2.0643218755485995
5,20,0.377358491,8058.093452455551,9075.040608703086,26451.8,7116.973593112818,7783.499727243822,0.867596553574263,179662.94745968626,31016.0,4713.884134894086,727.8950575789738,1007.6244990747236,186688.7952751417,3499.9579193803,7741.270211735203,7602.79732694993,7644.275824558617,843.8656504945354,735.5322123475989,704.1826254142785,0.6864099871533185,0.9153057269610398,2679.6787314394637,12833.0,3558.3816449558526,3343.670238622837,0.2344700834494152,77815.08173475502,27527.2,12988.0,32374.0,2928.392528333587,18.818825764490988,-0.1779546136682606,-0.3004462898076941,2.628008858813635,-0.7040171452124427,5.7183913821983,6424.236511425249,2144.2,-0.0682015680375716
5,19,0.358490566,8023.454175860723,8523.067974989166,26014.6,7022.570532003794,7320.357122949876,0.8499078176879344,178656.11454805546,26675.0,4161.911501180166,670.6930534490403,953.468148947352,179299.23766483006,3036.8153150863536,6995.3481087104565,6767.678728409584,6624.812536258469,816.212020943693,680.987232029278,651.6638634046157,0.6864699948998189,0.7656605720984365,1660.2154431393146,8010.0,2807.738832032999,2597.748135598091,0.2185897971287158,77754.47319530266,27297.8,10062.0,29448.0,4223.263406419256,18.9616614140386,-0.3275997685308639,-0.2613782498915106,2.8222446789754967,-0.6798546740509263,5.504543577809133,5807.235165515669,2210.4,-0.2935538087581159
5,18,0.339622642,7882.057345325187,7446.92693427884,25167.2,6787.058546612691,6481.162226019351,0.8670306884476066,177201.0994516575,21068.0,3085.77046046984,835.7773589169768,1173.030707132426,173249.25405217172,2197.6204181558287,5762.168956565784,5610.28058123338,5038.80411999799,853.5772911652763,840.1602820914666,790.2918539427349,0.5369634523655482,0.8391662830579356,74.20702687883568,2737.0,1648.784742521676,1364.5689834534187,0.2252645011312466,76588.57063522188,25610.4,-244.0,19142.0,4135.805459641444,19.761741308058472,-0.2540940575713648,-0.2402610766100308,2.7676671118141205,-0.6240049241177547,4.7644516998286175,6135.856859432462,2324.0,-0.1671115214490779
5,17,0.320754717,7877.941718392595,7262.986101393041,27124.6,6915.129176718967,7077.032571975798,0.9517971055714824,177944.13407188034,27840.0,2901.829627584041,709.7900096097184,997.9511247651776,175710.68403727497,2793.4907641122763,6741.695439221424,6629.684530246168,7208.378453554236,837.0749118750842,710.8581187007999,691.9068622945094,0.8552268832489476,1.139438243591274,2243.781360435082,9614.0,2388.0731911246603,2344.095466109058,0.2666418439975889,74762.27363723321,27529.4,9310.0,28696.0,4259.434798186255,19.086572024352925,0.0461779029619735,-0.2756982320952719,2.705345674899386,-0.5841881879423599,9.370165420097978,5586.24337448175,2278.2,-1.3600832100052744
5,16,0.301886792,8225.960654259232,8821.781651932028,27689.8,7024.004344975666,7183.791477821436,0.889877132598371,178899.18010469666,29233.0,4460.625178123028,739.9036592961018,1033.3626448925486,179547.92949406485,2900.249669957914,7291.779558787078,7136.729350849651,7314.768632112095,794.0837805810039,740.0287112135405,723.5062011064639,0.9198150032592076,0.7898148372831693,2350.1715389929404,10690.0,3078.3334318154302,2894.179585674712,0.2539702305437454,77327.31786908869,28254.0,12224.0,31610.0,4069.884273538988,18.897853517989365,-0.3034455033461312,-0.1717802468947581,2.818947558673768,-0.6441740433888136,10.644247272588128,5281.746691354719,2351.6,-0.211231525854752
5,15,0.283018868,8139.231436983508,8641.394522324461,26984.6,6889.378793169324,7577.873800986097,0.8655617233043991,177830.30745119983,27728.0,4280.238048515461,593.8139081577019,915.4889198726607,181344.43200765763,3294.331993122575,7036.460631136911,6875.48943988143,6783.546633076561,693.6269018123872,585.7550208729258,569.1425223462132,0.8408211487712098,0.7937286804911798,1818.949539957407,9307.0,2885.2538859241413,2638.860658024545,0.2060182815434285,76804.40293298416,27589.6,9666.0,29052.0,3919.212676035836,20.4085658162721,-0.2995316601381206,-0.1758649601428629,3.001872308569921,-0.6076770207497996,10.61602562167216,3046.040790257044,2345.6,-0.1366276573708272
5,14,0.264150943,8007.002691525275,7861.9242476980035,25912.4,6678.5782489702815,6927.708295700476,0.8802883079887452,176773.34877055796,21402.0,3500.767773889004,691.8020867567895,1091.87668342783,174014.44426162072,2644.166487836954,5863.970604056577,5673.550517355947,5255.265473632847,668.0655120138592,702.1214038896661,645.2995126338077,0.6968037252501652,0.8392934955201681,290.6683805136927,2649.0,1753.7361110377942,1466.3706309442114,0.1907217764835682,75949.74638961599,26110.0,2664.0,22050.0,2963.550708187727,21.222281786614936,-0.2539668451091323,-0.161075161608821,2.9441653787844237,-0.5799106270793704,10.10940156488008,3189.257817282448,2321.0,-0.1136164739298373
5,13,0.245283019,8025.521141906317,7539.519186184055,27536.2,6934.325525624639,7512.62780246043,0.944361337260972,177646.24244399712,29287.0,3178.362712375055,596.9290661421398,950.8564824539252,177613.72241936755,3229.085994596908,7309.765870199511,7204.606308650737,7701.180046693473,630.912096840653,619.3986841972469,542.7479999395058,0.985378221479372,1.1595314294190688,2736.5829535743187,10856.0,2927.521125793458,2912.165897087145,0.187951133162406,74410.10701162415,28461.4,11513.0,30899.0,2545.2131148491235,21.14466353888397,0.0662710887897684,-0.1680789916105753,2.8228751496485502,-0.5852859507176124,10.425929215182684,2612.4333535033093,2226.6,-0.9289206651247666
5,12,0.226415094,8509.241714119682,9681.58896245986,28571.4,7222.621862928709,8739.941758950044,0.9021032256623616,179777.84895405616,33381.0,5320.43248865086,785.4958555238896,1161.457376568142,186368.71658757,4456.399951086522,8024.971979880076,7874.650004262696,8319.975383248193,815.4367216015207,804.5961416621783,743.4110183852782,1.0754775537497063,0.9281476855982218,3355.3782901290388,14790.0,3829.5548776450096,3627.3720067677104,0.1687563766481675,78164.7694204123,29778.6,15896.0,35282.0,2894.98799652088,22.177103302085108,-0.1651126550310786,-0.1474831252157395,2.8254722500682723,-0.7175342299941729,6.833739825307945,4674.94861587992,2252.6,-0.0411882164151886
5,11,0.20754717,8642.509310927477,9488.119635971,28942.6,7266.329088842169,8553.370202199749,0.908709862037954,180324.74008748133,30797.0,5126.963162161999,791.8096965821528,1160.904061374655,182282.3851611908,4269.828394336227,7381.402498843128,7223.221348141293,7303.853631836569,918.7445884190706,810.4421397938627,763.0577724670748,1.1165095129334142,0.8228480191611315,2339.2565387174145,12546.0,3296.8695613827285,2983.8025257307627,0.1864553957203178,79511.78250197365,29779.8,12230.0,31616.0,3031.563425033357,21.98008990879695,-0.2704123214681689,-0.163416327003625,2.903829372177218,-0.7523445418381073,4.764451699828621,4818.661412323282,2250.6,-0.1412455685315709
5,10,0.188679245,8607.18603142149,8464.77812479453,27823.6,7111.765434803259,7350.350130437184,0.9133297193292966,179186.75849888954,22601.0,4103.621650985529,893.7267519979497,1390.4264518929765,175654.52406469855,3066.808322573662,6211.908573870735,5998.465119337235,5396.173111220603,923.7570306334694,923.1619156031752,849.8913023260303,0.978435186542106,0.816827966947893,431.5760181014484,3712.0,2112.4356157295942,1814.3086007583695,0.1911168893173758,78561.32423644609,28373.4,2634.0,22020.0,2935.4688722587366,21.37274483148131,-0.2764323736814075,-0.1647106266979848,2.903193166876832,-0.7266196547526762,19.80656456834449,5241.241972036005,2224.4,-0.233099362581908
5,9,0.169811321,8625.883784974672,7955.413015463918,30346.4,7341.049204878366,8332.256900914768,1.0004394345236816,179453.28270191638,33204.0,3594.256541654918,651.7187179712707,1251.1254265770312,175347.06527675502,4048.715093051246,7270.57118311242,7171.68742329406,8546.270046470194,888.187360108715,679.0760208505212,628.171985809742,1.291652630958596,1.2748420714920927,3581.67295335104,15263.0,2900.154961413329,2872.9712100000543,0.2319083792667625,77367.18890192159,30788.6,14740.0,34126.0,4754.599278593305,21.89937391929632,0.1815817308627922,-0.1953229457865834,2.748981521783323,-0.6899395399960511,19.5320249846246,4993.8503227766505,2209.8,-1.351280767120382
5,8,0.150943396,9311.855212375143,10969.376323186412,32119.4,7555.022186958299,9974.724700037736,0.944919659353619,183372.37953136145,38249.0,6608.219849377412,1026.429089276243,1523.061329427996,197209.2065665929,5691.1828921742135,8997.533909455176,8680.183960289456,9358.25675612436,1139.3601563883674,988.8509063084846,760.0213540233913,1.4609294093158651,0.8819325535687554,4393.659663005205,19721.0,3997.3860361931256,4599.933936342811,0.4091063757941242,79844.56154528647,32454.8,19844.0,39230.0,4628.173019669855,21.353656776911706,-0.211327787060545,-0.1684296699373228,2.818970614275395,-0.8896682613659707,22.89759812731456,9162.840408712664,2277.0,-0.1115103091087612
5,7,0.132075472,9160.553809978968,8925.081950478982,32122.4,7211.208374421463,9499.894295720123,0.9665996356871982,181520.29836638892,33338.0,4563.925476669981,1018.1264900553556,1503.2289925864782,177108.31076270744,5216.352487856601,6987.550096843428,6740.283044547977,8034.871214176634,1128.8408127396829,979.844387576073,806.8434006918615,1.642781692964975,1.0365475672661189,3070.2741210574795,14805.0,2110.485814960827,2589.9501237310624,0.407219291682048,79660.55331246773,32385.6,15550.0,34936.0,4384.3882697589615,23.29898681737878,-0.0567127733631815,-0.1776352932438592,4.439848269312793,-0.8681783881650095,20.909328061896183,9254.90322579744,2293.8,-0.0980001340735803
5,6,0.113207547,8967.088660383833,8520.793887995322,31017.6,6756.199545426549,8713.524948613003,1.0055525547403033,180111.7837204646,25815.0,4159.637414186322,1190.5964636848453,1698.0596146864978,175239.81193156895,4429.983140749481,5986.708875566604,5703.730691621582,5990.1230688593205,1146.110610637988,1173.003146702327,1102.6813784134613,1.6900011574766136,1.017612614426657,1025.5259757401664,7022.0,1021.8254164081554,1589.108902454238,0.4080804397483606,78782.63404892854,31395.8,7281.0,26667.0,4162.13955796775,23.02302276505739,-0.0756477262026433,-0.1650277395129846,6.2768037421740885,-0.8481523016944553,20.29039181484673,9651.01704810955,2366.0,-0.1125168357623602
5,5,0.094339623,9127.17030298107,9265.186337780717,33544.4,7145.603176704329,8690.722145108624,1.059283220165375,181790.14937910973,35040.0,4904.029863971717,1246.9162373443928,1309.4654561001796,184046.3523579244,4407.180337245102,8686.637500652321,8523.654008732408,8901.583243473433,1112.3510371067148,1250.9635025484206,1290.9035293937975,1.8305878927927663,1.0854812940732506,3936.986150354279,16346.0,4059.4537721184897,4289.037527539956,0.4120129726439344,77445.08709861874,34154.2,16426.0,35812.0,4685.53828284435,25.50729432879276,-0.0077790465560498,-0.1568669947493565,7.983723638233364,-0.8420813881416944,15.33949151699623,9371.587494606643,2381.6,-2.302498954777143
5,4,0.075471698,9805.57147137161,11347.418857416613,34578.4,7457.708979854538,10180.146796258754,0.9827367005420732,185320.62129291857,38825.0,6986.262383607613,1448.9424135039812,1460.5956492707198,192999.4248457992,5896.604988395232,9361.202646865082,9115.878495718309,9593.99639420608,1251.3879227555124,1460.8315696144275,1489.1920578223742,1.8140039493471711,0.8921094733755845,4629.399301086926,20433.0,4460.683977164377,4963.602673752716,0.342860178561447,81322.55881096596,35570.8,21823.0,41209.0,3681.058991649004,25.559820753314987,-0.2011508672537159,-0.1382890475465281,9.41741464415332,-0.9614791456179278,14.202112518917716,9843.99198297748,2351.0,-0.2524864397812861
5,3,0.056603774,9865.72551792143,11270.146555935517,34013.0,7310.835743382963,9931.443366724956,0.9637618847339772,183965.1869296081,35289.0,6908.990082126516,1356.1127715811128,1364.0537551883424,190432.0347500407,5647.901558861434,8246.06054388536,7955.7662269988605,8510.639472835663,1319.0313357069956,1379.5139895330226,1416.703963861048,1.784177417884663,0.7870584745282762,3546.0423797165085,16894.0,3263.0198538352524,3848.4605707729934,0.1855273244900006,83436.91686997391,34977.6,16878.0,36264.0,3168.617947938814,24.869231201755635,-0.3062018661010243,-0.1516234850791163,10.556684742801462,-0.8740187622788579,5.029910535983666,8164.178782046473,2309.4,-0.3538034916974486
5,2,0.037735849,9985.97549956219,9526.331858682785,33165.6,7184.399257310026,9555.769420908477,0.9604994754340256,184523.52104474689,28818.0,5165.175384873784,1437.8364585472973,1601.073151569961,179899.98133840115,5272.2276130449545,6549.071562091096,6218.784005233971,6362.328875944096,1243.460360806636,1477.7252862095656,1537.1417482383906,1.668707473045727,1.0202355207663605,1397.7317828249415,10568.0,1478.3033845961454,2151.4715889787303,0.1885362455502663,83353.23498979498,33849.8,9911.0,29297.0,3516.8643704299966,23.636169837824863,-0.0730248198629399,-0.1648187420792638,10.410938143313848,-0.8632290629387238,5.029910535983666,7662.510454374777,2297.8,-0.2547804530400321
5,1,0.018867925,10220.889799354536,9695.365386957052,35413.8,7867.050334195999,9330.217627117998,0.973660324428981,186503.18452167173,37003.0,5334.208913148052,1124.2246073895276,1285.118645690795,185138.12931619323,5046.675819254476,9174.519230434707,8992.089672447684,9328.262242451136,969.945039768732,1177.7462069861235,1249.5968740653968,1.5651755508687022,1.0834168594014328,4363.665149331981,18263.0,4435.080800838026,4776.919257322342,0.1938337961721649,81674.06258445767,35946.0,17762.0,37148.0,4001.596656336065,27.489688178166308,-0.0098434812278676,-0.1546702168631706,10.287451977937948,-0.8539841121591139,5.029910535983666,5484.595398324161,2281.4,-1.84726932667662
5,0,0.0,10201.82700017493,9169.872341882685,36308.6,7756.400206151049,9638.613096721225,0.9858355734077356,185326.9867686432,39154.0,4808.715868073685,1119.6795232359675,1294.1290550509052,178165.36359278156,5355.071288857703,8605.236037393419,8255.623120912234,9015.55796555778,1011.4595356998636,1163.1356007170111,1216.0691633662225,1.9294601282138,1.1463575389670235,4050.960872438626,20820.0,3506.2031318937343,4207.636064281053,0.1481572293238341,83737.17438725723,36890.0,21146.0,40532.0,7238.670299164065,26.38680858724536,0.053097198337723,-0.0944806593703757,14.460425335188592,-0.8938143185548271,5.263078946776257,6541.189349558441,6692.6,6.058678381796673
6,29,1.0,4939.4206984510565,4939.4206984510565,14065.0,4122.039957039051,3678.5380332670993,0.3226151005875188,149294.61806709293,13903.0,0.0,,,149294.61806709293,0.0,4250.7517662655855,4165.927486616657,4282.62091946705,,,,-0.2913699227710431,0.3226151005875188,0.0,0.0,0.0,0.0,,41654.97817714112,14635.0,0.0,14635.0,,13.750005975370929,0.0,0.1800442073207696,2.1341273738216806,6.382050112955783,,,1865.0,-7.63419295989109
6,27,0.931034483,5069.054887618324,5198.689076785591,13673.0,4584.57605537386,3697.4156989121648,0.2250414052052623,151358.20452746272,13232.0,259.26837833453465,647.6510467077759,257.736129353395,153421.79098783253,18.877665645065463,5166.668660204853,4899.895064274421,4647.114849112168,244.6842506351112,518.993451332869,654.1248233522216,-0.5478152073772298,0.1274677098230059,364.49392964511753,-784.0,925.0721966696174,915.9168939392677,2.5057094917939824,49064.85874100163,14681.5,93.0,14728.0,123.74368670764582,14.357104951326717,-0.1951473907645129,0.1899930935034975,2.3361914712123992,4.61024593962476,5.656854249492381,3122.1254883025704,1760.5,-11.449291576126354
6,26,0.896551724,4785.985503400757,4219.846734965624,13724.333333333334,4400.243136347956,3657.751050807196,0.3008006666955742,147285.0980716161,13677.0,-719.5739634854326,629.0232102158918,229.10494751213795,139138.88515992282,-20.78698245990336,3961.82817467866,3916.389602978342,4705.336930868401,580.7321948673616,511.2501919841056,562.0280396676119,0.2527802340547625,0.4523191896761981,422.71601140135135,-238.0,-90.46265874290202,-288.92359158692534,1.9947219721328069,51282.66713667439,16437.333333333332,5314.0,19949.0,258.06265389112986,26.87446852146662,0.1297040890886793,0.1654241160336196,12.054911888695676,4.081213578460794,4.041451884327381,7830.836098805016,2875.6666666666665,-11.658059635561
6,25,0.862068966,4883.420413385306,5175.725143338955,13988.5,4417.847457657257,3921.838887721128,0.3094637504255253,147758.35501239673,14681.0,236.30444488789817,517.7827014859005,188.3481530427025,149178.1258347386,243.30085445402847,4591.184586846543,4511.161669477235,4588.947291857405,513.0507682056827,427.4258860859221,460.242682465954,0.0900176266004676,0.3354530016153786,306.32637239035466,716.0,348.62046454610936,340.4328205809579,1.6441024965890148,48574.58152122625,16048.75,248.0,14883.0,628.0660793260527,26.83124581746404,0.0128379010278598,0.120970228420427,22.69732868285365,4.193532902136608,3.55902608401044,6458.014143985506,3566.5,5.655492399797717
6,24,0.827586207,5092.326977493078,5927.953233924161,14285.8,4611.879547919547,4074.857654729969,0.3027123162969272,149264.2720995732,15312.0,988.5325354731048,600.4567310878006,295.74111859733927,155287.94044827909,396.3196214628697,5385.5643189846505,5252.056738253775,5107.623249714541,614.7597194489096,539.8583819961514,589.1602119376022,-0.0670340742999642,0.2757065797825347,825.002330247491,1410.0,1265.967951929657,1134.812552719065,1.5142404105430345,49838.83161455007,15995.6,1148.0,15783.0,592.1661084526871,15.052021702405446,-0.046908520804984,0.0788473078379467,18.716783725256384,3.963046782617941,3.11448230047949,6321.703105878028,3154.0,-12.4310012736892
6,23,0.793103448,5198.326768398983,5469.419652980588,14126.6,4842.6322436788905,3804.3657253103984,0.2684226156157502,149643.4528599735,13018.0,529.9989545295311,593.0876700059329,208.88427151237715,151190.52186909466,125.82769204329908,5258.220615014602,5122.352825974918,4866.65173087814,621.0801199814251,539.5976735092472,575.1210943080247,-0.1326933845058972,0.1511665971816341,584.0308114110903,-796.0,1153.7634787967163,1007.4688487490166,0.8832489551953281,52429.05711823555,16091.4,479.0,15114.0,778.9003787391556,14.306988858328657,-0.1714485034058847,0.0048371837334898,18.86374657595621,3.1069704465563803,3.701351104664356,6370.999666080417,3100.2,-12.28060749679134
6,22,0.75862069,5184.019244974113,5127.151459661232,13691.0,4792.71940902125,3557.123410053195,0.2686243586844155,148562.55604213025,10943.0,187.73076121017584,570.3425319160548,246.1221793555208,148017.30689861605,-121.41462321390418,4747.029158009649,4627.99732366095,4480.055352013312,619.3218947133375,533.1643589914379,563.6535270762979,-0.010418839076298,0.1284764251663322,197.43443254626163,-2962.0,675.508023381416,496.2773917440636,0.8810073022219577,51885.287463116605,16082.8,50.0,14685.0,1082.5118936990946,13.918052350953529,-0.1941386754211866,-0.0483926981195849,18.972533944734387,3.2350596359116963,3.4205262752974184,5860.487830754955,3050.2,-11.252652812923303
6,21,0.724137931,5398.236378772586,5290.932403957992,13966.0,4879.136572459302,4024.6048218356814,0.2510938704984742,150879.34388380343,14717.0,351.51170550693587,379.1655851211304,257.7271315554795,150722.82436828886,346.06678856858207,4594.430541274042,4520.728958414106,4581.058339961064,304.0745279625552,353.21246849890275,436.583982543633,-0.4671112286321115,0.3646667487464914,298.4374204940141,1137.0,341.6231584473544,343.6787750084568,1.595603927713367,49281.21078943111,15131.8,559.0,15194.0,1041.596995003346,16.828089108416428,0.0420516481589726,-0.0869027006179088,13.591016093308658,3.885333104887025,5.272570530585624,2510.904398497396,2658.2,-11.370068615973322
6,20,0.689655172,5605.541961175966,6212.253055355859,14373.2,5107.864763827575,4383.1763396535935,0.261519143970627,153105.83896190935,16572.0,1272.8323569048025,424.47711992715824,331.21766673498297,160310.60122526804,704.6383063864942,5584.697902666208,5478.4747601037725,5254.099942035254,437.24200921807,410.952282228481,467.56119752432136,-0.525737822015099,0.3875793689761427,971.4790225682036,2752.0,1492.2614213874797,1333.946136400623,1.7396664024361217,52848.97035561521,15716.8,3173.0,17808.0,2646.340265347599,15.985935264479131,0.0649642683886239,-0.1262375834127817,3.241429464845829,3.3745987549293366,6.22896460095897,5128.390039425489,2061.0,-6.413295710567216
6,19,0.655172414,5538.495854739127,5592.722701739965,13973.0,5077.263860208926,3990.1253141818192,0.2509751931617129,152519.62533450863,13325.0,653.302003288908,403.3541895370759,300.85259106670054,152356.8723112755,311.58728091471994,5212.853678586108,5067.078675160981,4833.906287769271,402.93755520770577,390.4388096788548,449.29274029528233,-0.5091217119322147,0.222986825737964,551.2853683022213,-591.0,1112.9634338364112,962.1019123205224,1.823555366167644,53081.8701919696,15690.4,1016.0,15651.0,2474.8026790029144,16.505021492126005,-0.0996282748495548,-0.1259440216502143,3.082587171668831,3.1996431576703825,6.180614856144972,5063.732424751624,2097.4,-10.635829242706114
6,18,0.620689655,5537.355384801345,5463.717303291674,13795.2,5022.901110024699,3887.683210853798,0.2630469514952178,152034.29322613592,11964.0,524.2966048406179,395.9193630961695,344.2114072213051,148763.86132723113,209.1451775866985,4892.536243619081,4721.101249779968,4404.9896047935945,403.7960163037295,390.8174117721389,435.4969760415064,-0.4488015441595602,0.2115253888491589,122.36868532654444,-1685.0,881.9497278755771,641.7844773534953,1.7840014577484464,52928.32301223555,15574.2,-102.0,14533.0,2368.344632860683,18.200737884906644,-0.1110897117383599,-0.0892889984195621,2.9464969142009174,3.2577848419321818,5.319774431308142,5338.645959183124,2123.6,-9.475225787795864
6,17,0.586206897,5699.377461299022,5937.2618421496245,14808.8,5081.585897137396,4396.029970148317,0.316178729414837,152629.31140205817,15981.0,997.841143698568,369.9402747199279,320.4715476833503,150992.3977782273,717.491936881218,5145.691075823472,5018.634503219716,4834.169681074734,361.84627638095776,365.2890436768807,416.9114249377179,-0.4998016859213771,0.3941353147644283,551.5487616076844,2106.0,968.9319589449016,894.9393095578862,1.9281100533062483,50552.03803489912,15984.8,2103.0,16738.0,2264.137076238981,20.17286262527064,0.0715202141769095,-0.0797513507662355,2.7394789689697747,3.534239195529493,4.969909455915661,4780.785898414624,2299.0,-4.684870673965589
6,16,0.551724138,5867.958202226316,6133.836108594458,15332.4,5304.043857938394,4200.093012486757,0.3039539361004281,153217.52164164983,17535.0,1194.4154101434017,286.0562365357818,327.10438138770854,153663.875566247,521.554979219658,5529.084538723484,5393.923990127777,5122.210686243081,338.2747678748819,305.973611590982,278.5646298722986,-0.5545577781277018,0.3035427821744469,839.589766776031,3755.0,1453.912962452342,1278.3327724578985,1.2156269020478887,52810.83089390323,16556.4,3417.0,18052.0,1531.6577620343269,18.635751305219017,-0.0190723184130718,-0.0918342114296126,2.296606744188169,2.9952793437101013,4.527692569068696,4608.004601917329,2069.6,-6.405693843858874
6,15,0.517241379,5881.631026301015,6280.617175729352,15174.0,5308.859578691931,4665.548331865238,0.2891159789021412,152217.08483722075,15544.0,1341.1964772782958,278.9895960370236,284.4762638980972,155308.41720312287,987.0102985981384,5558.176790850568,5410.846767566087,5076.178072419131,351.53697665552863,288.0083309351672,285.3935752582053,-0.5688815359006092,0.3133895829847083,793.5571529520812,1960.0,1516.340025155169,1307.4250245849826,1.2993329468993229,52775.65078457715,16393.4,2358.0,16993.0,548.6289274181611,21.75861090196777,-0.0092255176028104,-0.0542339678525881,2.245731436898295,2.9228893611286404,3.563705936241077,2455.728526019029,1943.0,-3.549741260319973
6,14,0.482758621,5984.787936146617,6108.507250967969,15328.4,5283.232459122964,4738.583117912449,0.3324452923145308,152319.69802016104,14007.0,1169.086552516913,298.5355772548714,295.8268905989913,152869.93822597677,1060.0450846453496,5034.114677930306,4905.206054206265,4676.129570183137,313.7230599561658,304.4012762603116,299.1070752688304,-0.5823997985250202,0.4396333927999118,393.5086507160868,181.0,984.827835991572,783.3629116647207,1.2823119088821282,52971.67126033162,16249.4,296.0,14931.0,3733.5142292483633,22.70492429931164,0.117018292212393,-0.0306124404333362,2.3515305047975765,2.947756578070196,4.1833001326703645,2490.835872023582,2056.0,-0.6496950333263141
6,13,0.448275862,6185.166648881555,6465.610866966375,16780.4,5296.934769652287,5392.284519765189,0.4108515548854621,153377.19076793228,19491.0,1526.1901685153189,235.3142517292361,287.0782578961207,154051.32506608745,1713.746486498089,5210.851374787426,5126.254264114092,5424.340325314015,208.8828630724432,225.32499904708772,284.320472410804,-0.5343536547367036,0.6035567017038151,1141.719405846965,5575.0,950.461280522196,960.0996085218404,1.24484249696143,51066.94468216538,17239.0,4846.0,19481.0,3746.611509083909,23.35379425725881,0.2809416011162963,-0.0488010720418788,2.3865595695843558,3.068170096013684,3.9623225512317743,1374.5564368731889,2153.0,-1.5485741427254471
6,12,0.413793103,6493.94254402911,7481.141317887394,17870.4,5523.5901248710425,5765.224597430762,0.435406448633059,155437.68111138995,21388.0,2541.720619436337,432.9820011498952,472.9553998883393,161294.8494955157,2086.6865641636623,6167.088627304434,6068.5306738913805,5948.915046303128,562.8354448328199,437.3304082870032,470.10096987609046,-0.5154869278776751,0.516909783502413,1666.2941268360782,7556.0,2102.2087350386773,1916.3368610388488,0.8626353166466186,54542.9720884311,18167.8,6747.0,21382.0,4024.881389556716,22.235247886310898,0.1942946829148942,-0.038046142882004,2.3773909491156786,2.4203555859036814,3.9623225512317743,3181.234139399879,2144.8,-0.2134382150525333
6,11,0.379310345,6699.642908847692,7162.337932687369,18125.2,5610.173150039083,5797.203776902262,0.4697366299614042,156030.08314745408,18590.0,2222.9172342363127,472.0648224148598,478.81279265815976,156625.8857465676,2118.6657436351625,5914.687129797651,5784.015475742117,5512.0695225762265,582.6981630928332,473.5210899527807,519.4346407642602,-0.4875003987853407,0.4751936888161731,1229.4486031091765,5029.0,1886.8280882925476,1663.9353635320658,0.6733041009173545,55548.06656447649,18365.4,4405.0,19040.0,3843.388569999135,22.73413697256244,0.1525785882286542,-0.0091512114598033,2.384850107432479,1.969744706471502,5.319774431308138,3092.0949270100477,2209.6,-1.1132174023781376
6,10,0.344827586,6867.7340445675245,7121.072854328513,18147.4,5658.259693093976,5202.393159384497,0.4974135038682753,155822.7863700269,16059.0,2181.6521558774566,473.4138196095355,471.83355413889336,154271.93331598706,1523.855126117398,5664.931457458276,5540.794781251162,5134.358503165648,544.3001244705827,473.78551962235366,533.6336259672188,-0.3673731803031142,0.4517739525190636,851.7375836985975,2071.0,1756.772740429633,1414.1796911926904,0.6486053104922411,55489.92415820762,18760.4,4333.0,18968.0,2952.899727386624,30.141341165202604,0.1291588519315448,0.0014693117857239,3.513421416032409,2.021842194626165,5.385164807134487,3153.0370186615232,2284.4,-0.9594476808383244
6,9,0.310344828,7018.2968265656,6861.321160958353,19576.0,5667.996107152268,5800.555741477393,0.5444645631421314,155756.62908341008,20831.0,1921.9004625072969,405.0383817629069,388.48966468229486,152539.15179289275,2122.0177082102937,5295.441437530149,5275.009872969931,6077.966718510956,333.46913602498586,380.29729651059847,521.3610897813363,-0.1188507255730892,0.6748886891691922,1795.3457990439056,7324.0,1033.5099062830268,1044.689671264564,0.8324887455719454,53668.60734422984,20706.6,10027.0,24662.0,2433.0428068572896,24.750541984614628,0.3522735885816734,-0.0199570167266873,4.371268187682863,2.197508357866945,3.768288736283332,3293.4549678564126,2238.2,-0.6561919412330434
6,8,0.275862069,7250.812095916153,7628.187213719138,20330.6,5863.218784452887,6899.644000977197,0.5505468811119598,156532.37833116905,23041.0,2688.766515268081,477.7674400026034,540.9865886276278,157930.07130488215,3221.105967710097,6549.956345659703,6473.261199865937,6544.821066218389,278.4245281081114,464.8752676975204,414.41717833511245,-0.0360192605356541,0.6339682915529574,2262.200146751339,9348.0,1926.5746670252995,2299.204579394118,0.8297879997041495,56179.99540580704,21757.0,10098.0,24733.0,3324.9856089914133,26.42321299128988,0.3113531909654386,-0.0907324011562156,5.084735527157176,1.8013065271322035,3.974921382870335,3259.893154191451,2264.0,-0.1302468247852303
6,7,0.24137931,7169.992903424589,7077.045355429568,20510.0,5743.660116687146,7327.010654942682,0.6054788913717629,154163.40468152077,21990.0,2137.624656978512,475.7936628419872,542.424246802778,149449.98124727432,3648.472621675583,6151.563290449193,6069.659561709551,5975.763260340835,258.2114337379783,465.0213473498527,367.8346584279337,0.1488682077545479,0.7915698348014284,1693.1423408737846,8453.0,1504.415396209968,1900.811524183608,0.9343240334853398,57139.16616296468,22062.0,8272.0,22907.0,3374.282338512888,26.135914434861064,0.4689547342139096,-0.231872559583591,6.0005058490343925,1.6489056099253567,4.14728827066552,3659.882771151736,2363.6,-0.199643864569347
6,6,0.206896552,7142.847237963193,7026.609605380392,20981.0,5526.255840532618,7193.120898854947,0.6908480496324692,153125.9381119216,21021.0,2087.188906929336,478.4394012883338,706.3446847370262,151438.55289857156,3514.582865587848,5803.117121260024,5732.602966113874,4837.386295705339,274.64136466491715,466.8171716207969,476.9508234594971,0.4393761074386441,0.902039480119704,554.7653762382888,7384.0,799.8067075199124,1552.3653549944383,0.9245912792858436,56373.42253237737,22477.4,6482.0,21117.0,2271.858204202014,28.147327921972803,0.5794243795321852,-0.3436976058870824,6.576302805299098,1.6758794010997509,3.435112807463508,3374.2256554221053,2410.6,-0.2462634316499519
6,5,0.172413793,7513.007666658702,8971.874997806055,22766.4,5688.086231271441,7242.983960845155,0.7235339646506004,153580.29948207212,24744.0,4032.4542993549994,700.6753051219558,832.3752697576471,156543.7401667398,3564.4459275780555,7129.63106625713,7060.104449319877,7081.568269605728,861.7417724891204,684.6871828999022,707.8583895251408,0.5427846270878265,0.6152035276097196,2798.9473501386783,10998.0,2565.92469412374,2878.879299991545,0.960872763244796,55508.12653180221,23997.2,11932.0,26567.0,2569.7926959192646,32.56159008456244,0.2925884270222008,-0.4148393120856052,5.55168796972787,1.7531652497478212,3.435112807463508,3629.297680567867,2681.4,-0.5816326028004407
6,4,0.137931034,8409.578506564845,11344.17536048907,24382.2,6214.026016065992,8683.227592133298,0.6760164133317283,157251.54033752772,28956.0,6404.754662038013,1354.649208094508,1194.5027529514937,170895.35607017076,5004.689558866199,9229.859459100271,9066.61412718453,8025.859656136432,1756.030692035127,1318.3631877366056,1088.0816278586017,0.5271919225907657,0.4373009325748325,3743.238736669382,15403.0,3663.208830255786,4979.107692834686,0.5862572929672415,58992.54134427448,25175.6,15919.0,30554.0,2774.3864727178875,35.347065494474066,0.1146858319873136,-0.5186752259186876,4.832725391776537,1.3024129529338877,3.1144823004794557,8336.431840031206,2980.4,-0.3993596633303752
6,3,0.103448276,9174.744688641067,11454.018124100256,25431.0,6445.672128940915,9068.770530039315,0.6330174205656031,158613.6549459175,27566.0,6514.597425649199,1593.139099540905,1257.2061005229514,164740.64434683105,5390.232496772216,9026.488354065928,8814.584585286626,7359.254623426221,2090.71634718113,1535.5005716775418,1164.658306962908,0.5723362014059628,0.4189733277223305,3076.633703959171,14592.0,3084.805231399914,4775.736587800343,0.6584265083142979,60543.81500055152,25798.6,13213.0,27848.0,2044.841240781299,37.80330257648923,0.0963582271348116,-0.5866605041642372,4.433164426346012,1.2223917249277594,2.999999999999966,9106.762971352293,3285.0,-0.1886643577526283
6,2,0.068965517,9851.680165936144,10461.72274190494,25834.4,6461.515479802189,8304.532341434735,0.5955677349358132,160741.12772126854,24262.0,5522.302043453883,1414.16712326041,1316.148256382421,160087.34512402953,4625.994308167636,7665.949782238213,7464.570535883356,5608.919413621718,1789.1715721414178,1361.923050611906,1151.1890304326455,0.6185770761022858,0.6043214066524788,1326.2984941546683,10470.0,1583.632150516336,3415.198015972627,0.6335432150083128,60152.11276361957,26071.4,9636.0,24271.0,1462.6174482755223,36.83724904400686,0.28170630606496,-0.5771591750364704,3.7478818732030432,1.2708435061369057,2.5099800796021863,7359.717656634776,3494.0,-0.2082793102449404
6,0,0.0,10514.53218109476,10340.869681173475,29068.0,7223.611415407792,11381.942138448216,0.5959735126874268,163625.8518851595,37558.0,5401.448982722419,1026.3426096802898,1606.6287714176835,165862.17371802643,7703.404105181116,9411.236725663715,8496.619590253364,10019.57592546142,914.011389773892,873.9328193003774,1138.3096650000236,0.6018005089732321,0.9040683688777724,5736.95500599437,23552.0,4610.28638554793,5160.48495939813,0.7846121618883487,61396.41455974591,29348.0,22865.0,37500.0,3972.1234497432224,33.45458337978062,0.5814532682902536,-0.5266403256759833,4.778881468834122,1.0107557187597938,5.31977443130813,5434.8652414522985,4850.2,0.2999307795797153
7,126,1.0,4725.049948754677,4725.049948754677,13885.0,4497.272637467123,3175.37693462219,0.7235649981865558,154256.78058357927,13664.0,0.0,,,154256.78058357927,0.0,4558.934677648395,4481.733672499167,4283.676560935528,,,,-0.0490932882076333,0.7235649981865558,0.0,0.0,0.0,0.0,,35791.76127440009,15330.0,0.0,15330.0,,11.354798609661373,0.0,-0.1737412350529888,3.5125568059752323,5.404407354421858,,,1643.0,4.534222533806105
7,125,0.992063492,4567.821946609729,4410.59394446478,14210.5,5017.466287880661,3043.7374196739124,0.6908635989611607,154639.90088113231,14269.0,-314.4560042898965,649.8730509712337,449.3624793869462,155023.02117868536,-131.6395149482778,5477.993960152696,5409.239371437536,4919.171073706148,127.41113261280852,655.8455693084886,735.6649154751955,-0.0922225580890398,0.6581621997357655,635.4945127706196,651.0,1040.3873008270775,919.0592825043004,2.802123478193548,46596.21571826269,16782.5,2905.0,18235.0,1199.9602076735712,12.805195152411889,-0.0654027984507903,-0.1960922203107707,3.4114547824315733,3.423006841269166,15.556349186104043,218.64127522694235,1539.5,-5.737321162393721
7,124,0.984126984,4518.727864397814,4420.539699973986,14042.0,5098.133482899428,2792.550409405607,0.6485237576556334,155946.23489097386,13507.0,-304.51024878069074,586.1341758879751,323.2240260546103,158558.902910657,-382.8265252165834,5648.66852617279,5590.788218631673,4704.046213685758,90.18137937126528,594.8709652490262,538.6306925780875,-0.2139228456599632,0.5638440750445791,420.36965275022976,-180.0,762.1952354698369,1089.7338485243945,2.242228822081676,49702.42015909497,16396.666666666668,295.0,15625.0,852.1519817497345,12.952311881499506,-0.1597209231419767,-0.2488926734608302,3.44662087621503,2.817024966663434,12.701705922171763,2582.2701015361963,1550.3333333333333,-7.742311423999107
7,123,0.976190476,4470.839853847242,4327.175822195525,13889.75,5196.472315208059,2628.9436354429354,0.5489211536920391,156129.5082676447,13044.0,-397.8741265591516,489.9542984815853,264.1907094399548,156679.32839765731,-546.4332991792548,5438.481904189818,5333.555759122992,4611.337227940468,101.9970169661308,493.3496230223787,481.76493481510335,-0.2642953342475275,0.2501133418012561,327.6606670049405,-452.0,994.2161746668309,879.5472265414228,1.8792158854126075,51503.55245885435,16102.25,-111.0,15219.0,1831.323201039802,13.043046839741084,-0.4734516563852997,-0.3188904847861038,3.2942834400495844,2.6050546757392685,10.843584893075407,2149.1105600247856,1528.25,-6.863133642802506
7,122,0.968253968,4420.891952476649,4221.100346994279,13297.8,5153.683313418753,2457.381327006138,0.4076717501234624,155571.7668316906,10915.0,-503.94960176039785,426.9933231036775,236.30186356235524,153340.80108787396,-717.9956076160524,5387.834724436525,5320.27840820282,4497.439971112801,109.80889441185816,430.4154608501853,428.050911322096,-0.2832498749970603,-0.157325864150844,213.7634101772728,-2955.0,485.2546687944041,828.9000467881297,1.6718949719215508,52352.304917918416,15859.8,-440.0,14890.0,2054.122854164278,12.717486032851305,-0.8808908623373999,-0.3412035224924433,3.244439903044875,2.433798412118783,10.08959860450355,2126.9034440329465,1495.0,-7.375398075584066
7,121,0.96031746,4280.402593153504,4022.603152138952,12555.6,5302.363124941088,2233.069814506104,0.1610693043950843,155102.69928364633,10754.0,-702.4467966157249,171.22108038742434,181.15433151337072,151911.442843358,-942.307120116086,5174.263782566742,5099.761209392087,4472.404904569661,168.40066339634762,176.95965824471858,223.08849253361305,-0.3102283948400385,-0.509447230455335,188.72834363413315,-3711.0,743.3990576116803,615.3291049183463,0.1945952364243821,56375.2603972091,15815.8,-220.0,15110.0,1637.176013750507,12.716033614751147,-1.2330122286418908,-0.3578184835257391,3.221616305542836,1.698843240021155,9.833615815151616,2445.4990348223305,1464.8,-7.551333586376304
7,120,0.952380952,4143.528972942916,3726.22584341184,11739.4,5102.026261407011,2203.503763306752,-0.0408099767241264,153724.24178883858,11348.0,-998.8241053428368,266.63514033893296,157.48448815264413,148130.73370464673,-971.8731713154384,4950.5739019732655,4910.993730108211,4286.822071816202,255.97370203512395,257.6569383908318,364.1376195718668,-0.3000376190463022,-0.3512342058602885,3.14551088067401,-3430.0,38.70298315668333,391.63922432487016,0.2557558107525883,55411.16681976322,15186.6,-241.0,15089.0,1842.6149082214656,12.543390325180033,-1.0747992040468444,-0.3687973222772246,3.4156174537766204,1.8613584889014516,10.124228365658295,3897.657999047189,1522.4,-6.152868946017535
7,119,0.944444444,4193.189996548776,4668.844818003286,11893.4,4959.648774415186,3273.063507261038,0.0099303805708585,152838.6946343223,14102.0,-56.20513075139115,341.97010762585774,123.45867979663844,154131.16713807543,97.6865726388478,4606.861788718304,4531.4753282363545,4375.383247662929,264.04632694649905,332.9937062830277,421.7968675844536,-0.2320675338215476,0.8175458615195041,91.70668672740068,590.0,50.30780051071906,47.92711106990828,0.6413738134878029,51612.91633679534,15047.0,-403.0,14927.0,1960.9681792420809,11.658730207546062,0.0939808633329483,-0.334712967258908,3.4740103300729466,2.196164011076074,10.40192289915668,2940.3239985709965,1497.6,-5.994667571160349
7,118,0.936507937,4296.272481548913,4842.588247196208,12361.2,4957.830200333869,2997.9099130455984,0.1045753584944418,153876.2687455181,14752.0,117.53829844153096,336.19387000673515,271.7576643101391,161867.19895363625,-177.46702157659183,5413.766909469303,5375.246704821367,4986.278782996014,383.7491025771111,342.59035561977447,418.9405176066144,0.1092718756469343,0.7233382314191724,702.6022220604864,1887.0,985.1233042602444,854.8322318209075,0.6863557212949952,51633.85430120199,16072.4,5016.0,20346.0,2150.28037706714,17.8042441909815,-0.0002267667673834,-0.2248617323977918,7.676282048870175,2.129769164865839,9.273618495495707,4836.03088170114,1495.0,-6.168354732752963
7,117,0.928571429,4310.251610087611,4290.995989687769,12884.0,4966.848583252288,2754.554819985797,0.2430039554365547,154855.20592696936,13447.0,-434.0539590669077,335.0348523562173,271.38367718634294,158235.48699513034,-420.82211463639305,5382.256774563162,5330.9745345173305,4522.538594825523,385.3357569579933,344.7456978467278,420.0888398189068,0.0996381647269504,0.5348171205597206,238.86203388999547,-341.0,530.3465833865012,823.3220969147669,0.653010384034912,51695.959119348016,16118.0,-212.0,15118.0,2147.232474605393,12.908526659590844,-0.1887478776268352,-0.1383551187940376,7.789125723751174,2.2131842702574147,10.545141061171254,5076.752219907699,1520.2,-5.555153420328537
7,116,0.920634921,4384.982900339035,4396.25960339607,13390.0,5026.200832136546,2550.600277669558,0.3869517196873115,155644.33318089467,12431.0,-328.7903453586068,371.2614881225169,275.0098775367279,155857.07911298462,-624.776656952632,5456.21308555483,5391.156177640562,4420.870920138612,351.5176438078382,378.3213012876766,484.4771659087369,0.0509519216660768,0.210291590798449,137.19435920308388,-1181.0,1040.1603020329658,897.278407906435,0.6274807128664361,51903.148732518974,16188.6,133.0,15463.0,2092.129417603032,13.583321921099955,-0.5132734073881069,-0.1460785737842041,7.970987126223534,2.2442067192485844,9.710818709048173,4900.625518444019,1508.6,-6.938522221168004
7,115,0.912698413,4431.053540050663,3956.579041969983,13479.8,5059.645317370401,2475.2334441782778,0.4472756053922055,155654.4738250047,11184.0,-768.4709067846939,359.6868751245354,257.3837722335129,148181.43692519696,-700.1434904439125,5048.9439801084445,5031.511188999731,4384.281566801086,275.3803986234382,366.2818604727677,446.4554486513693,-0.0076960700913066,-0.0496147773358187,100.60500586555828,-2981.0,205.9254093259633,490.0093024600492,0.8429241878271421,53905.62097686783,16132.6,-521.0,14809.0,2027.189063703729,12.41461576368732,-0.7731797755223745,-0.1571883115715887,7.8855480292055,1.989990591364902,6.058052492344392,4968.865182752749,1495.4,-8.725494509221214
7,114,0.904761905,4292.00647496438,3973.609492571869,12622.2,5180.507813606591,2215.0414215199467,0.1829669328277835,154919.44012084455,10726.0,-751.4404561828078,203.6496551808997,259.18986926997127,150455.99861727442,-960.3355131022436,5048.457296289151,5002.694031770532,4364.20699009367,329.64506256581,192.52386015294172,342.9833577843684,-0.004507141920279,-0.5039975013026057,80.5304291581424,-3698.0,654.6202816916657,489.52261864075535,0.4409697070603927,57430.14629430566,16122.2,-455.0,14875.0,1127.2179469827486,13.06748605356169,-1.2275624994891614,-0.1480073957554592,7.765769691154435,1.693162264803624,5.941380311005182,5419.2472558639,1503.8,-8.886178795572484
7,113,0.896825397,4043.3707564319857,3599.409654534238,11453.8,4936.871481522685,2211.045588801317,-0.0473870487494667,151558.2821623196,10436.0,-1125.6402942204386,303.34140356254545,112.11840245612775,145061.40916101172,-964.3313458208733,4700.074676125848,4641.122516964837,4212.576242809976,290.53979534753324,300.3106369228711,480.15997822182334,-0.2433377609103471,-0.4284316764670789,-71.1003181255519,-3955.0,-233.05835615928845,141.13999847745254,0.4430645547552034,57676.26823179833,15082.0,-185.0,15145.0,1619.1595968279353,12.555653154083744,-1.1519966746536348,-0.1929999393386739,3.676430076600589,1.7309581749065397,6.058052492344387,5016.227080348719,1571.2,-9.105756632482388
7,112,0.888888889,4156.190749998115,4855.095957518417,13002.2,4886.834432909343,3571.4204569829662,0.0528281244964944,150137.102933893,20382.0,130.04600876374025,289.49736893324126,311.639441096671,151129.59085299727,396.043522360776,4817.2129065230665,4773.30764244668,5019.346957392229,389.4509535158733,286.81548596592086,481.3733096511672,0.2668714025049172,1.0358929867895268,735.6703964567014,7401.0,280.1613403197962,258.2782288746712,0.9719460015672288,55836.11135606127,17191.0,10333.0,25663.0,1804.510238264112,23.370072129511584,0.3123279886029709,-0.1973948110741404,33.14521263570559,2.0241001346973717,5.770615218501405,3687.831341207439,1597.2,-7.084269478618406
7,111,0.880952381,4362.601091026476,5428.311308537871,14411.0,4866.079644437123,3115.8770002366987,0.2118962807934272,151581.9161430684,18746.0,703.2613597831942,236.7917280815272,372.81662334898414,163081.14515886162,-59.49993438549154,5311.85035386237,5305.0858906791145,4958.649980745132,677.0830096221418,255.9928924053784,447.34380906140575,0.8669724390880595,1.0056323722831129,674.9734198096039,5863.0,936.386359671862,752.9156762139746,0.9840796543744452,55928.88746109461,18944.2,8899.0,24229.0,1178.1711250917676,29.131981001048047,0.282067374096557,-0.111718568176348,50.8105618440052,1.9817348940431536,6.841052550594827,6778.738398207359,1608.4,-9.323583431102795
7,110,0.873015873,4510.159804655712,4694.372610116167,14995.6,4914.589774913936,2814.039492312814,0.3463011809205267,153547.1632268093,14201.0,-30.677338638509354,271.86682423975844,357.2641242978323,158007.67234390127,-361.337442309376,5278.484027105518,5257.552758954502,4549.5136765764,665.9398722789855,291.3411430025332,438.3253682083605,1.0042377246971306,0.6224097232996786,265.83711564087207,-58.0,448.476061710031,719.5493494571228,0.9103805551033542,55171.75342836429,19663.8,3077.0,18407.0,1240.9485081984674,18.95593961210568,-0.1011552748868772,-0.0450682718053101,56.19133886039656,2.045906653076245,5.477225575051655,6889.499176836092,1582.0,-8.307828359290287
7,109,0.865079365,4624.480967183775,4545.215305212183,15509.0,4937.355418175335,2552.2908663968155,0.5231811026060433,155051.00139681684,13769.0,-179.83464354249372,274.8748219616815,339.2171648371933,157975.18946731236,-623.0860682253747,5120.112081050082,5065.465368930802,4484.833704328019,601.1455413422592,293.0516935667273,456.31830754117,1.1787927165548513,0.3804021071249773,201.15714339249095,-1131.0,768.4484979986601,561.1774034016871,0.9619076305796168,55849.39605437469,20481.4,3633.0,18963.0,1669.2626216386686,19.192868183500995,-0.3431628910615785,-0.0086213780086144,61.02387117878694,1.9562293349861013,2.236067977499774,6829.168335697913,1578.6,-8.663426136816595
7,108,0.857142857,4793.646543920155,4445.237538216137,15973.2,5046.943008544103,2367.532646650445,0.5908590514503731,157588.11497203173,12458.0,-279.81241053853955,198.004909798108,285.0656337802309,157746.97703708627,-807.8442879717454,5200.724810580885,5158.971985909877,4402.199293101376,347.81549966234866,210.6846516690956,289.5752228573731,1.2511750201717402,-0.0900419322454305,118.52273216584764,-1634.0,314.8795956845452,641.7901329324895,0.9607875208771822,55996.3937132423,21255.8,3687.0,19017.0,1578.5526598754952,19.207512237295774,-0.8136069304319864,0.0416734643661613,65.68357067221426,1.963712855670128,1.673320053068127,4391.725438004032,1572.2,-8.104647592012189
7,105,0.833333333,4760.03596337521,4687.043054793686,14740.4,5013.593388582501,3373.8537364562794,0.5584305257323374,158126.41234357894,14932.0,-38.006893960990965,257.9205547536052,229.2590450194367,153821.07771073325,198.4768018340892,4675.378838300725,4612.339635521424,4416.187779614287,365.653405343066,277.1924505929705,334.49193537474474,0.7685170951174161,0.8737503581993489,132.51121867875918,1237.0,113.4132405117889,116.44416065232964,0.7889122307637524,54935.89617742896,19103.4,-429.0,14901.0,1504.5163010084004,11.80363992901735,0.150185360012793,0.0270775649598331,36.3158396000011,1.8839617575468857,2.509980079602205,3518.81842338131,1538.4,-6.255400557559498
7,104,0.825396825,4611.079458011993,4683.52878172179,13694.2,4993.883451960484,3028.279879998198,0.4863813144819789,156985.1853301602,14279.0,-41.5211670328863,255.8575215285977,99.62941327509,157375.01009176782,-147.09705462399234,5300.697731370597,5239.9980354692,4642.957005476205,93.65010387214151,265.2432054545571,305.16978312837466,0.1713304496899777,0.6453863160313207,359.2804445406773,632.0,837.8366765617802,741.7630537222012,0.8813022221452324,55600.86672536604,17382.6,295.0,15625.0,1467.5159283633006,13.057103068135252,-0.0781786821552351,0.0014391693299767,18.41111770325629,1.7532944925398048,3.6742346141747486,1765.7635666341737,1585.8,-9.1188019369872
7,103,0.817460317,4532.565495623057,4301.802798171492,13815.4,4982.502671814761,2948.012690722788,0.4909934927162069,156086.6412090735,14126.0,-423.2471505831845,251.2834617603048,96.89787629345447,153514.9517384679,-227.36424389940203,5247.785011774484,5201.663748441612,4522.335732966408,112.00694377449668,256.2225884274821,308.45702280096515,0.0079219086676983,0.6454706144708188,238.65917203087972,548.0,391.5721609814154,688.8503341260885,0.96756836333192,56412.7288898976,16687.0,-401.0,14929.0,1543.4528823388164,13.018742607544867,-0.078094383715737,0.0146888647555525,13.047602446738908,1.6546355447057954,7.563068160475603,1969.915674416384,1611.8,-8.830538456616383
7,102,0.80952381,4480.1795500044045,4283.285577118915,14002.8,4953.265721628119,2766.2051113172206,0.4776558469345716,155050.6249222915,13322.0,-441.7643716357616,251.5589488176075,103.7129269147132,152795.10803340218,-409.1718233049696,5076.352847042393,4987.033082137973,4412.50071759692,149.81561647804682,257.8699269536904,280.5683890107017,-0.2282964927609003,0.3137138782168007,128.8241566613924,-194.0,622.2637470654499,517.4181693939972,1.025560404934677,57086.60410477221,15889.0,-357.0,14973.0,1487.5405204565018,13.267638900632068,-0.4098511199697551,-0.0148833591783478,8.233695450605836,1.5612165877250868,7.155417527999314,2230.621571384783,1634.4,-7.983921145169823
7,101,0.801587302,4409.153751480962,4090.108545598925,13877.4,4930.76944517676,2499.0360495497885,0.4919177967972002,154057.4617548107,11596.0,-634.9414031557517,245.20850316696013,145.9471999478219,152781.16119968236,-676.3408850724018,5070.606377130292,5027.031427524281,4249.509380639898,196.94381542926783,249.25896550796423,298.63916906928773,-0.421587003146023,-0.0187321829322876,-34.167180295629805,-2261.0,202.39821342775213,511.6716994818962,1.0199654454668088,57350.47801183515,14917.8,-1169.0,14161.0,1517.4896375263984,13.434261820758335,-0.7422971811188435,-0.0420387841831167,3.561169869456312,1.4271094109202125,5.585696017507563,2038.1740148491567,1598.8,-6.763092771357545
7,100,0.793650794,4223.662101231596,3759.5848035468575,12659.4,4917.476953880015,2446.791003183459,0.2397683331284369,153466.83820165656,8320.0,-965.4651452078192,344.2611946350774,237.08237997406465,150867.95994496255,-728.5859314387312,4438.72325332518,4342.162482800795,4037.07722504353,327.62314016909244,361.85168687914194,317.3414170964554,-0.3538858691330775,-0.3869969601444674,-246.59933589199815,-4853.0,46.95078402806121,-120.2114243232154,0.4237363731288284,59202.26913738786,14793.0,-1053.0,14277.0,167.41266379817685,12.811534240292032,-1.1105619583310231,-0.0448751929500926,3.4813173320172752,1.153527827595599,11.278297743897344,2397.665441087644,1633.0,-9.792120898501295
7,99,0.785714286,4009.293952345768,3611.68803729265,11740.6,4679.992087078593,2287.0127781647266,0.0372300924924842,150800.76717373767,10370.0,-1113.361911462027,355.3552507715453,211.81171615923748,144044.65495217338,-888.3641564574637,4563.400623562175,4512.086118174113,4066.074884663864,300.58919817655953,367.2154180626777,367.0796524576439,-0.3086373257052527,-0.367304887148443,-217.601676271664,-3962.0,-349.58765744532866,4.465945913779251,0.4631885545669158,59325.05444804522,14529.4,-1023.0,14307.0,131.48840253041877,13.527765853407423,-1.0908698853349987,-0.0804427886427729,3.608355125534688,1.277123197558986,11.260550608207394,3809.880483414432,1610.2,-6.957547274602011
7,98,0.777777778,4174.698096163098,5128.823517258143,12218.6,4706.344063217762,3703.736971450647,0.088628114186787,151017.17757956864,16175.0,403.77356850346587,311.1475688713491,426.5431217123328,154597.00376762275,528.3600368284569,5041.73224355858,5024.243570734079,5082.898688859656,506.7111530834901,326.7302419706914,389.8445955084868,-0.1001016466405358,0.9024607229423328,799.2221279241285,2938.0,523.3320416772622,482.79756591018486,0.6398304380999884,55138.0115554525,16406.4,8984.0,24314.0,1435.6443849366049,17.886722426282912,0.1788957247557769,-0.2378228676059162,11.666242050639308,1.623011933368527,9.528903399657263,3936.739675700104,1570.2,-5.153159569614874
7,97,0.76984127,4299.510922314178,4907.349707874313,12807.6,4841.645913422255,3206.065988084255,0.2494932759119033,155484.53589905743,16203.0,182.2997591196363,482.0694497073244,504.1701937130556,175131.89963084614,30.68905346206475,5654.137284539139,5702.156003836874,4962.311002326699,606.0762424062005,532.5337075866393,619.0928653291286,0.0914337329621075,1.1180396868423823,678.6344413911711,2751.0,1298.7729980879158,1095.2026068907437,0.9205654380916448,56328.22471490681,17656.6,5894.0,21224.0,2122.795515352339,18.186259073945408,0.3944746886558264,-0.1963224344884934,15.9190545280857,1.4593768619625582,8.074651695274522,11655.018470976278,1528.4,-5.599379007437749
7,96,0.761904762,4452.892610675255,4857.016987404312,13515.6,4934.715293214307,2979.1572089296137,0.4005188321227713,157324.34723471032,14835.0,131.96703864963547,545.7084520499203,495.33284784473005,161980.21787794688,-196.2197256925765,5514.736740980206,5407.380249473909,4733.401685789221,657.2991815669666,576.7042057023798,627.3369873022111,0.2664692442175004,0.7363955981220521,449.7251248536932,1279.0,667.7451123880119,955.802063331811,0.9273045410910948,56009.88488805634,18547.8,3287.0,18617.0,2394.350057948921,19.091398427053,0.0128305999354962,-0.1657941745694044,20.38560450415697,1.4427506283293414,7.014271166700055,11861.879940970468,1536.2,-6.388591667465293
7,95,0.753968254,4633.386642906479,4662.054964702981,14537.4,5055.050861080874,2815.8690217096128,0.5469015616131774,158123.80318184412,13877.0,-62.99498405169561,439.9353789659543,407.11029693405726,154865.23968063135,-359.50791291257747,4973.461604858349,5041.413915348809,4473.844790070989,528.3798990352177,448.5738010759147,590.3217658868448,0.3563635341640337,0.344916687307563,190.16822913546093,256.0,648.6286233608926,414.526927209954,0.9430653867123908,58592.66982350427,19440.0,3408.0,18738.0,2397.7324079221185,19.29755989449369,-0.3786483108789928,-0.1374344455476828,23.90689499191824,1.2067016170587603,3.5777087639996226,11456.299080345712,1543.4,-8.619176636651032
7,94,0.746031746,4801.02834361611,4449.896540840803,15092.0,5148.630567513076,2665.4720281876266,0.6156215595086464,159356.48755563112,12569.0,-275.1534079138737,323.6722188465285,301.57409308309366,150208.07682110844,-509.9049064345636,4991.337552076758,4881.910459537937,4384.035726085902,187.7745276258646,336.0564932339587,424.2499412129437,0.4665428474254776,-0.0237048976710978,100.35916515037388,-1189.0,118.31087471568208,432.4028744283624,0.9615512782877036,59581.03082218885,20231.0,2932.0,18262.0,2385.7729355494,19.31372083811204,-0.7472698958576537,-0.0915706045809974,27.690569137128527,0.9624443368395968,3.420526275297364,9796.79882123991,1559.6,-8.832585914864257
7,93,0.738095238,4678.411480763937,4515.739202997275,14204.4,5147.943589449866,2392.1041626080773,0.351996981190782,159837.51319856435,12858.0,-209.3107457574015,365.952746838668,275.65230298494566,157002.13198228882,-783.2727720141129,4831.532595367848,4902.70841280654,4288.017240854011,185.6187711480443,356.7386088504511,424.5117781117072,0.563349507481139,-0.4156621686469891,4.340679918483147,-1500.0,519.897151361215,272.5979177194531,0.5160352753056149,63272.12289636642,19129.6,3477.0,18807.0,1407.3450181103428,19.99940792621753,-1.139227166833545,0.0568643968699653,22.78305208406443,0.7226454432512279,3.911521443121549,9532.850813391558,1648.6,-6.763865239922353
7,92,0.73015873,4507.893948084484,4054.7620444770446,13393.4,4835.54457803252,2283.10397972786,0.0447488457092552,154899.70089150622,12470.0,-670.2879042776322,319.23561100997915,232.08623464996705,150442.83809555563,-892.2729548943303,4662.8546327476415,4548.609242156504,4106.587003972792,270.20918385933135,310.3769206446371,402.5044908770559,0.5867041377439117,-0.4182009905652518,-177.08955696273551,-1304.0,-263.22205899881374,103.91995509924618,0.5919097605409006,61730.80735752008,18437.8,2435.0,17765.0,1595.350180994756,20.76957918642397,-1.1417659887518077,0.032835546106323,22.597652820990557,1.098102851089256,2.683281572999698,5155.723330687338,1733.0,-8.72441439052588
7,91,0.722222222,4577.886011700543,5206.977305484614,13847.4,4805.643602213768,3745.39533811208,0.089493613144574,153804.3229922008,16665.0,481.92735672993695,158.59696949856948,312.6024001353087,156503.3283814196,570.0184034898898,5061.342541785723,5029.915290666801,4942.340465392434,313.21418165407664,199.28876590378584,376.6314957511872,0.5494866638638193,0.960119435298646,658.6639044569065,3549.0,518.2402332942493,502.407864137328,0.9728594282479414,58687.08027586712,18519.8,3697.0,19027.0,2200.0777713526404,18.30108278064955,0.2365544371120901,-0.0006742927711285,25.509914313046945,1.4404482418644886,2.6076809620810084,3434.006093302795,1748.4,-8.385002631044085
7,90,0.714285714,4653.386666238178,5039.558237391152,14230.2,4908.865068241141,3194.441634842244,0.2224726230268156,155706.70165300046,15846.0,314.5082886364753,322.5963492985087,387.9232157068395,164377.13298462977,19.064700220053965,5520.874875810882,5574.067149786687,4945.727151200682,367.1945705419548,373.1031770736336,531.9110590211362,0.5251888511174616,1.009811736718771,662.0505902651539,2170.0,1164.7359534977531,961.9401981624868,0.888419737758796,57727.963549110944,18530.0,3459.0,18789.0,2206.1810442481824,19.75560731048853,0.286246738532215,0.0048587408552677,24.59692902867576,1.5640620887644954,1.414213562373012,6041.405761219839,1776.8,-8.066555099226877
7,89,0.706349206,4700.382780943778,4684.877114368805,14781.4,4998.812078784578,3014.6608600774634,0.382262759407164,157540.2138927909,15203.0,-40.17283438587128,370.7547452174636,391.5344624855964,159375.63802006055,-160.71607454472678,5428.696005697668,5331.261113419194,4791.814213078834,359.616049796908,394.8149243359017,507.37776872864345,0.5130002793926113,0.7752457842306443,508.1376521433058,1567.0,568.0459274328714,869.7613280492724,0.7301043837479906,57410.06103836572,18738.6,3975.0,19305.0,2185.709838931051,18.83443757763812,0.0516807860440884,0.0078064667976322,23.78372424906549,1.6746819174948175,2.489979919597702,5316.034993655464,1808.0,-8.11656568953422
7,88,0.698412698,4768.404258815661,4855.846592356688,15326.4,5079.259993630376,2820.787925517849,0.5545846791693383,158339.52667467706,14576.0,130.7966436020115,341.15253908480634,349.099528760086,160998.69589171975,-354.5890091043412,5258.651910828025,5313.395318471337,4597.570947397098,354.40236263058085,392.1196478866371,541.7412979930103,0.4023421471454866,0.4459474301638821,313.8943864615703,1225.0,922.1367255902024,699.71723317963,0.7478987792625124,57181.08005100612,18758.8,3578.0,18908.0,1225.61425415993,19.32758884367552,-0.2776175680226737,0.0361877536912332,23.440915332779404,1.647555694416679,2.302172886644219,5584.924695112352,1759.8,-8.437178321961227
7,87,0.69047619,4926.249942193295,4843.990461365217,15428.8,5221.179596745709,2677.9354682447365,0.63793412764554,159958.54530403414,13229.0,118.94051261054028,176.7761917994143,193.53078433227523,158537.93124234094,-497.4414663774537,5369.756665452257,5251.486072930812,4526.159655800454,119.4825074301771,194.65921669314667,307.099398925434,0.36292097387886,-0.001453748184243,242.483094864926,-792.0,446.3759565778546,810.8219878038617,0.7803830827993946,57272.938170636095,18890.2,3092.0,18422.0,1234.4737745290506,19.9974813397824,-0.7250187463707989,0.027868127618787,22.469664118883266,1.4514211916579185,1.9235384061670815,3066.2365352645475,1758.2,-8.58666689950387
7,86,0.682539683,4774.611536311097,4448.78527607362,14497.2,5227.784697831654,2523.826325223546,0.3649243760011976,158806.97569223266,12544.0,-276.2646726810572,267.5231894180436,189.9108986644652,150745.48032241222,-651.5506093986442,4835.402166818953,4909.867445503198,4504.132935056595,217.1514765682968,238.7206553566732,301.8808603311676,0.5743208751526112,-0.4049293229230663,220.4563741210668,-1109.0,551.2657387239751,276.4674891705581,0.2179107602622109,62002.46165617318,19060.2,4547.0,19877.0,691.4951192886334,20.10063290941232,-1.128494321109622,0.0529145424895403,18.141816860758748,1.037884607214488,1.9235384061670815,5130.588091607143,1774.0,-8.775666595574712
7,85,0.674603175,4618.860649144335,4260.803801557347,13853.8,4994.72736401081,2316.1444479239776,0.0597491381086637,156851.9900079525,12585.0,-464.2461471973302,262.05198086644924,171.14701307774823,154602.20456322894,-859.2324866982126,4950.790676323574,4833.561698799687,4318.082113274202,239.60277384644405,237.2820064793698,331.2295292321414,0.6572962374703708,-0.5160644527438984,34.40555233867417,-1047.0,-0.5507156064677474,391.85599867517885,0.4739473208869925,61780.23781907186,19108.6,3701.0,19031.0,837.6325566738686,21.184203129237,-1.2396294509304542,0.0685352089062343,18.144116702325874,1.1712048061592228,1.9235384061670815,4360.818904620402,1752.8,-9.347615358765884
7,84,0.666666667,4792.488306430792,5553.015400801095,14268.0,5009.966964421269,4030.2403514251614,0.1076091997418052,156739.5014547947,17246.0,827.9654520464182,220.62837414806427,310.92795966376985,158813.19525427168,854.8634168029712,5179.035161993612,5146.656112153323,5142.344282888375,393.1139465417578,210.5923438207752,336.99211025454656,0.6278627422360891,1.014546092396352,858.6677219528474,3638.0,644.2439294851665,620.1004843452165,0.7063756069407479,57920.00565011741,19083.8,3851.0,19181.0,1362.4321267498071,16.934976009489876,0.2909810942097962,0.0003904686308735,18.76325536069477,1.46127580105014,1.9235384061670815,4345.814230082659,1757.0,-2.5974560533262223
7,83,0.658730159,4941.352123776411,5600.165679084776,14834.8,5114.590671158587,3507.7862046516625,0.2430197994920543,158386.7389675625,17704.0,875.1157303300988,378.699049004015,386.6534843526709,169234.88345555883,332.4092700294723,5793.867615136403,5846.660838955706,5137.222316531328,531.0123493581248,400.6534843566063,524.7739856670692,0.5986021691346568,1.1230004289151276,853.5457555958001,4059.0,1445.2552592767906,1234.932937488008,0.7766609911768391,58474.39617956207,19161.0,3964.0,19294.0,1239.1092365082277,20.43228169095517,0.3994354307285718,-0.0919158418613934,18.35743060630861,1.3673107887214178,1.9235384061670815,7026.7132280282985,1782.8,-0.5160081721545616
7,82,0.650793651,4995.716586955154,5115.8127772589305,15706.0,5176.294089169577,3376.732515564899,0.4459305076969224,158806.0506060894,16950.0,390.7628285042538,413.494064657197,387.597632675915,160634.4894349755,201.3555809427089,5602.345902404856,5494.904477002101,5031.95745392093,539.3287956986867,422.99704248104285,517.7403006378555,0.5646449550639258,1.013099792840097,748.2808929854018,3564.0,754.8930466328075,1043.4112247564608,0.9058027509352568,60487.42628390981,19229.2,3433.0,18763.0,1231.4087461115432,19.35394239948924,0.2895347946535412,-0.1327247828731947,17.791452957700947,1.2374315667981128,2.0736441353327253,7053.007793942126,1804.0,-7.707077174610042
7,81,0.642857143,5191.634233614364,5428.373509369676,17510.0,5259.515405170101,3671.407635656085,0.7779129452510256,160506.13608821196,21203.0,703.3235606149992,337.6570357048866,347.3783183772124,159245.90773302506,496.03070103389473,5265.715837186664,5327.465958870772,5029.157137746091,468.36309435766645,378.8813091672452,525.455954088673,0.5090263260543765,1.25498286484745,745.4805768105634,7911.0,967.3723187265978,706.7811595382691,1.01205093140143,61005.976412120544,19325.2,5027.0,20357.0,652.6689819502709,22.470405869530207,0.5314178666608941,-0.1685320646899332,25.060384411833308,1.1230085580565226,9.476286192385704,5619.061848904084,1877.4,-8.412621482480526
7,80,0.634920635,5285.890370217678,4732.084484573908,17859.2,5335.378786487279,2889.0402988516166,0.9262840645093242,160864.29758758802,14330.0,7.034535819231678,266.0655080275747,229.28435539778425,156393.01206010912,-286.3366357705736,5251.8360718501735,5143.556009316275,4587.252251750424,301.3792464758626,292.996748127086,400.2624021628925,0.4036583538955302,0.2257911435475939,303.575690814896,699.0,378.76619097942057,692.9013942017782,0.9610468239096424,63312.475758730856,19251.0,3330.0,18660.0,1412.936587395203,19.78457005702987,-0.4977738546389619,-0.2624112540679775,25.140471062440675,0.7544655555225319,9.989994994993742,4913.514390137146,1883.4,-9.699922083048085
7,79,0.626984127,5130.660863548453,4776.86786745497,16841.4,5354.83942194874,2486.144322042774,0.637809799234997,161201.09941395078,12231.0,51.817918700293376,300.0124648773578,308.6617432715092,160497.20438608553,-689.2326125794161,5047.480578853293,5131.145641413447,4444.501877901007,362.14981042334415,296.3051390415468,390.7324753430771,0.5754788619082711,-0.4278252339752829,160.82531696547903,-1451.0,741.5471067924673,488.54590120489775,0.3396655223107949,66716.0826609563,19320.0,4196.0,19526.0,1262.1694814881248,20.61534047213981,-1.1513902321618388,-0.2590846772273733,24.550094200578524,0.4461808627852898,9.654014708917734,4782.166453438706,1848.0,-9.213620732176334
7,78,0.619047619,4895.013799075055,4421.9303567177885,15718.2,5054.390876639472,2422.750816616964,0.3183623164594877,158647.87894414688,12182.0,-303.1195920368882,252.35642997873643,353.90634278192795,156468.78110653925,-752.6261180052261,4944.84524092903,4830.830074472065,4241.815375956887,350.5408424918726,248.18837716851036,403.2283978242624,0.7226283345893384,-0.4742369849624198,-41.86118497864118,-1557.0,-56.98746726955051,385.91056328063496,0.5769266800153672,66314.33130163001,19129.4,3011.0,18341.0,1082.3526689577673,20.304875706095665,-1.1978019831489757,-0.2648375667718877,24.7552820421712,0.5945638894858968,11.135528725660045,2201.4639405249704,1863.2,-9.238840961834496
7,77,0.611111111,4958.40010796736,5432.744321720452,15799.8,5046.175028226517,3977.242538123296,0.3217980015135019,158114.89646063693,17550.0,707.6943729657751,147.36070571679167,391.4364493077009,157969.57701742568,801.8656035011059,5252.628175959938,5224.769386224691,5165.640618122591,369.98288857951087,185.50586124512125,398.5830177549636,0.7020363450424939,1.0302782181101686,881.9640571870632,3972.0,713.8138045680334,693.6934983115425,1.138215173813377,61179.76448466359,19350.0,4536.0,19866.0,1540.6045891142874,20.02556922288974,0.3067132199236128,-0.2036622069385692,28.32426220084642,1.110658449602687,11.036303729057114,2125.984851380557,1860.2,2.1140081047870822
7,76,0.603174603,4977.708297433484,5524.914456700305,14948.6,5138.18810457754,3441.6103503657764,0.289947548333569,159855.53089032858,17131.0,799.8645079456282,322.45232031493043,420.5727760910014,167949.07988148322,266.2334157435862,5780.953972072283,5818.60340882422,5152.161376132976,398.9466240744509,361.61528914291006,545.4009687580182,0.582139118423794,1.0957305989477852,868.4848151974484,3655.0,1427.4377004817152,1222.019294423888,1.0358633731837672,59299.239253965454,19243.2,4493.0,19823.0,1521.2032408590255,21.59552359944307,0.3721656007612294,-0.1614151517255266,19.79741236676217,1.2458291631321643,3.781534080237784,4627.021631484617,1813.6,-7.657925581272534
7,75,0.595238095,5077.876283208128,5232.924413447126,15437.0,5244.644882646453,3301.5506420476463,0.4314874233147251,161808.95983861998,17070.0,507.8744646924497,397.2214814469624,421.36776525695535,166160.1568015662,126.17370742545609,5775.195191337065,5668.197087883515,4924.724248595403,401.5048597555142,403.9761239475527,533.2527791125377,0.5571221204710644,0.9334905184533744,641.047687659875,3141.0,911.0500813239814,1216.2605136886696,0.8383036867900895,57740.396068987786,19201.4,3121.0,18451.0,1281.4127750260654,21.229484335584463,0.2099255202668185,-0.0888410838837973,18.997406913657407,1.4605245114235703,3.937003937005883,4837.385047082479,1824.0,-8.387264288990663
7,74,0.587301587,5111.126949100969,4943.121196919173,16211.6,5242.528663012228,3190.983984951717,0.6398542969681333,161810.20713680936,15951.0,218.071248164496,390.0200973803084,376.1736214070965,160503.4408770325,15.607050329526828,5085.593708501785,5154.922920293918,4829.222478832065,378.8374313374162,401.1105679492569,533.3026687909147,0.4409992135142575,0.614009134291758,545.5459178965366,2422.0,730.966008621348,526.6590308533896,0.7768680266759845,56618.76068290932,19002.6,3202.0,18532.0,1284.3290076923442,20.998937929649863,-0.1095558638947978,-0.0382450779801571,18.131906779775584,1.5694659940777682,4.147288270665524,4878.55061591858,1854.2,-8.774852707337661
7,73,0.579365079,5197.997462604789,4856.282924236888,16611.0,5358.240865362923,2812.20783760255,0.7917497797034098,163050.3039530011,14483.0,131.23297548221126,311.2847110433208,246.75531852268648,162669.26518749792,-363.1690970196401,5414.546882784734,5324.508087820108,4571.537108458654,253.77603036542544,289.96973788580385,345.3764641170709,0.2977488751131463,0.2852404287139626,287.8605475231261,440.0,521.5735444839183,855.6122051363391,0.8200239781016914,57211.53203757205,19167.8,3837.0,19167.0,1277.9714394304756,21.63357124291162,-0.4383245694725932,0.0283044013251239,17.249365450369748,1.472811048577117,2.408318915758428,3967.887007278757,1910.8,-9.226614282270056
7,72,0.571428571,5038.3912329394325,4634.713173393671,15572.0,5339.168880253399,2617.168035531944,0.5251310016266287,162534.5841639305,12451.0,-90.3367753610055,393.4328843966404,280.8733846639184,155390.97807207267,-558.2088990902462,4915.900708747879,5000.065783781985,4447.795171788434,344.90456397062127,343.74427209086343,357.93843391338794,0.4506735932481835,-0.3028156722737366,164.1186108529064,-1223.0,618.453879020416,356.9660310994841,0.249916319822498,61716.49535504294,19108.0,4237.0,19567.0,517.9635122284211,21.38658513249711,-1.0263806704602925,0.0220879547797492,12.914800140893368,1.0608894487078977,2.408318915758428,4813.235680303374,1971.6,-9.188325305003668
7,71,0.563492063,4821.852165158884,4442.219117797565,14615.6,5054.25943300273,2451.847487197719,0.2203870326253866,160183.14320213257,12478.0,-282.8308309571121,350.1590531122792,279.08905685759606,156191.87507249342,-723.5294474244711,5028.47924129226,4895.059461672296,4239.954718709047,277.7530959543247,303.86657155702835,341.937356104709,0.6081190189358276,-0.4279892460584249,-43.721842226481385,-1127.0,2.890464228370547,469.5445636438644,0.2801041659956295,61430.35529050534,18987.8,3892.0,19222.0,450.34342451067465,22.062828946332345,-1.1515542442449809,-0.0109131698220154,12.639103402991024,1.1877232123519477,1.5165750888102694,4481.415077674808,1972.2,-9.501479999711776
7,70,0.555555556,4894.510353221662,5596.215353761011,14945.6,5053.432072865133,4161.471606915182,0.2416363621834198,158742.34552971757,18544.0,871.1654050063344,245.393320514792,421.02337529535055,158956.16843949124,986.0946722929916,5470.316709400625,5461.900294483511,5333.874960473429,360.5340724484751,231.15963201501617,340.8698189950899,0.58057087288091,1.0397371662435402,1050.1983995379014,4791.0,906.9132806359968,911.3820317522296,0.7335340482227892,58117.2644514216,19265.4,4509.0,19839.0,786.4802604007311,24.03628777173905,0.3161721680569843,-0.0528755796897606,11.422856200485636,1.487836897249193,2.167948338867854,2906.220714849378,2044.4,-7.091670381689362
7,69,0.547619048,4928.137962681823,5111.259244219983,15508.0,5147.225675525722,3986.0469801174736,0.3259973326708008,159074.9763807811,18609.0,386.20929546530624,309.41116421001635,662.8913481706521,162166.59513235034,810.6700454952834,5645.947415171434,5819.093038601121,5807.409840617445,360.98147283636126,370.8797748408115,448.51731146125337,0.8094100311399497,1.0358139867286629,1523.733279681917,5234.0,1199.934021924294,1087.0127375230386,0.8119722382240795,58196.92467013048,21474.2,14246.0,29576.0,847.1220101024421,23.614937872285463,0.312248988542107,-0.0959024526512762,10.670261827833746,1.347493367953886,5.357238094391541,3278.092003185483,2100.4,-9.17472447021457
7,68,0.53968254,5093.571698896216,5683.451605308849,16224.2,5317.697885826312,3535.1486213732096,0.4573802361624981,159525.77719102,17719.0,958.4016565541724,473.7799311381148,647.3061616552485,164923.2692386922,359.7716867510194,6081.235101968748,5789.277537447397,5173.320614153675,435.1577258915996,431.76395791363495,540.1470272406478,0.8015026030111574,0.9421549461724492,889.6440532181468,4021.0,1373.934595986866,1522.3004243203522,0.8777127215110678,57945.60841750151,21531.4,4123.0,19453.0,911.9195688217258,24.49044044368418,0.2185899479858933,-0.1146260838032004,9.6719854609652,1.2625499305565142,5.128352561983225,4268.44587750781,2098.6,-8.74523129138207
7,67,0.531746032,5285.621048880618,5594.959923315684,17055.0,5371.764097348352,3429.065489502377,0.6389652174501982,160033.1596668008,16715.0,869.9099745610074,395.0569205235099,580.5738888854244,157927.89045097682,253.68855488018696,5295.011746089708,5545.04890146674,4878.69678846996,400.4438665510733,372.4628710532804,528.2755154637343,0.6633426798226588,0.6051092341647631,595.0202275344318,2931.0,888.7849366306191,736.0770684413128,0.9813115889216678,58513.92177991472,21460.6,3883.0,19213.0,937.8409779914726,24.735827915769853,-0.1184557640217927,-0.1560459313968791,8.70370868386878,1.1466874259895312,5.263078946776298,3702.653220991116,2110.0,-6.6502890585172105
7,66,0.523809524,5478.799692603375,5408.112336411346,17610.4,5539.005468904557,3027.488178605377,0.784848793330157,161475.11990108975,15040.0,683.0623876566697,292.1499855380001,422.7169110127725,163401.6762439381,-147.8887560168132,5627.008303992559,5271.818408290706,4725.380046978779,230.9928909413392,229.7142228435873,233.46099702441532,0.5133733888388717,0.3014286333413695,441.70348604325136,1650.0,839.0973220093938,1068.073626344164,0.9622671390961216,59447.04066194156,21266.6,2922.0,18252.0,986.8372206194908,25.77902928838874,-0.4221363648451863,-0.1641534601503695,8.102244399657254,1.053820592058004,5.385164807134497,2984.735088764085,2177.0,-10.023804947661418
7,65,0.515873016,5342.01467833502,4912.290282419239,16469.8,5463.76837046839,2816.915356690219,0.5573451639878543,160570.01875365412,12798.0,187.2403336645621,438.615325306648,508.1062937050132,154430.66270231307,-358.4615779319711,4905.982733765808,5197.110150055698,4488.453161645278,308.23033494126986,286.5076596258384,328.88557519906414,0.6675246757197254,-0.0977809804679735,204.7766007097498,-912.0,530.7277884551631,347.04805611741267,0.2803264156780414,64412.0938867019,21202.2,4187.0,19517.0,620.4898871053437,25.177195127319457,-0.8213459786545293,-0.1548580694860558,8.346129390138772,0.6368179818324575,5.495452665613627,4268.395315050245,2194.8,-6.143298938020201
7,64,0.507936508,5284.618076530632,4824.27623519804,15268.8,5261.550231730163,2571.06123588754,0.2998588327784798,159440.98791283806,12868.0,99.22628644336328,479.7656130620231,377.5233607209004,156521.44092827005,-604.3156987346501,5011.051007213829,4568.081393766163,4181.060622632242,397.70353859692233,459.133961222088,441.1495880165283,0.5450140883069687,-0.2516176693182091,-102.61593830328638,-771.0,188.8433282331625,452.11632956543326,0.587248619472059,64947.66084185062,18883.0,2650.0,17980.0,1953.0575260345,25.436646365405224,-0.975182667504765,-0.1386240466915544,7.80570108751173,0.8474355148500248,0.4472135954998181,4384.692871418171,2218.0,-6.643797150042047
7,63,0.5,5303.390950266139,5777.315973986383,15536.8,5193.124164573967,4285.01318315445,0.3173047800631668,158389.3721557408,18890.0,1052.2660252317064,329.7332978936454,471.1762472699696,159665.190453206,1109.6362485322602,5599.901712224368,5606.349646885479,5442.095329817494,454.38857811226575,412.7852308478644,337.24251657223283,0.4879277167727752,1.029384682595884,1158.4187688819657,5361.0,1031.8042602058777,1040.9670345759723,0.8693203842013252,61881.51073697243,18875.6,4086.0,19416.0,2406.1243110030705,25.04948550627481,0.305819684409328,-0.1584685965648699,8.49723019246791,1.2118506094728754,1.7888543819998286,3078.4534188376865,2207.6,-0.3279500895045459
7,62,0.492063492,5393.089137355935,6043.450858764666,16010.2,5300.714692063573,3790.657839904428,0.4223268546157993,160660.15273950747,18843.0,1318.4009100099893,419.9705652622476,520.1815292203812,169281.7933698101,615.2809052822377,5867.653890043011,6077.285396611756,5230.42093618117,556.295239851098,555.7362730197043,472.76383244069314,0.4972172010631605,1.1302196069279258,946.744375245642,5298.0,1426.7375740786538,1308.719212394616,0.7186986928915939,60383.14862202077,18996.2,4486.0,19816.0,2508.005522322469,25.67053296113961,0.4066546087413699,-0.1416641727828746,8.431776627839,1.3524134864912445,1.7320508075688732,5685.348696166046,2151.0,-7.826443281044747
7,61,0.484126984,5450.462572339651,5694.979511329929,16633.0,5390.23102462318,3549.507883235589,0.5707857721863092,161221.73255753738,18177.0,969.929562575252,513.5877734303772,538.7217964980086,166209.57533408765,374.1309486133987,6064.387205284242,5724.842176080242,5167.606612352942,568.7475868939592,577.5029903225999,521.1053944997306,0.4687873648918506,1.0437232211939194,883.9300514174138,4764.0,1286.678984807425,1505.4525276358463,0.7755400910683798,59923.97533219688,19069.8,3290.0,18620.0,2616.934790933851,25.44794362060984,0.3201582230073635,-0.125797001252355,8.118098328832776,1.2800658729159151,2.049390153191914,6274.73197144111,2112.6,-5.758161736574282
7,60,0.476190476,5622.952018005006,5774.737510746012,17394.6,5509.08070541446,3326.7036984884458,0.7318870657222256,163274.54723903164,16663.0,1049.687561991335,399.6361828808003,491.3570004815445,164694.73610978446,151.32676386625553,5525.107619320534,5774.393765721017,4853.049265750008,497.36810586338544,575.8236467613317,484.30319813788,0.346962990784843,0.7077254872116078,569.3727048144801,2896.0,1124.9761924115664,966.1729416721382,0.7453611730535162,58489.08345292624,18974.0,3708.0,19038.0,2585.686311214104,25.90297139466938,-0.015839510974948,-0.1282365917380791,7.696331765770909,1.3104831185930017,1.8708286933869631,4980.017639984059,2098.8,-6.017991724391148
7,59,0.468253968,5724.939024486525,5334.211267605634,18222.8,5579.005909906572,3580.452107583402,0.8779685281222955,163899.4713707602,16680.0,609.1613188509573,285.8904318419949,284.4681906239291,159646.06158691278,405.0751729612116,5343.015630011956,5059.864432974659,4746.704932626846,199.89873909135693,372.08962508854535,339.31153024487446,0.19891465345289,0.4787896426821403,463.02837169131817,3370.0,538.4693506937265,784.0809523635608,0.7149302502386713,58781.96225595944,19269.6,4128.0,19458.0,2403.941700624206,25.33464654949596,-0.2447753555044155,-0.1252621343124831,7.955431581194182,1.1269634074575927,3.6742346141747633,4303.34040983293,2110.2,-3.3428573162621027
7,58,0.46031746,5595.222185633018,5128.731779718848,16991.6,5520.021211414691,2779.4056307500828,0.6210965011600937,164003.41253492996,12464.0,403.6818309641712,413.6402044427862,321.2875724043184,160184.89627405486,-395.97130387210746,5024.132591783813,5304.385321413948,4444.957662854046,280.1835327809741,403.8047054398232,374.01992884002215,0.3349339628198203,-0.2549754522151247,161.2811019185183,-795.0,736.8807677464711,465.1979141354177,0.1168687155940848,62132.99756405519,19191.4,3695.0,19025.0,1223.4178762794008,26.610413820415754,-0.9785404504016806,-0.0924256470948283,7.154850695786436,0.7890565021128857,6.503845016603643,4023.465992708498,2203.2,-1.3314123404800615
7,57,0.452380952,5334.152247766405,4738.101169431602,15973.0,5254.800866141163,2664.37243337716,0.3336007308058881,161348.8381348325,13551.0,13.051220676925368,443.52997982976353,389.6393477817326,156008.9213693228,-511.0045012450301,4968.238339679087,4596.829718520533,4150.709947367359,311.2511332031485,489.2233928942975,473.00614124010633,0.4502098267661078,-0.3072592448431021,-132.96661356816912,205.0,100.6358477110125,409.30366203069207,0.1452608673963346,61627.21071200232,18826.2,2660.0,17990.0,1248.972577761417,27.523489334513226,-1.030824243029658,-0.0920231875944906,6.871038578994279,0.8043669795762991,6.542170893518453,4455.4507857701965,2308.2,-1.7558494354607292
7,56,0.444444444,5463.043194357852,6339.434244287166,17520.4,5405.221597118397,5373.673690613367,0.3896790824556538,159832.5084135403,25847.0,1614.384295532489,622.5847497314961,569.9889002929282,158627.92672762653,2198.296755991177,6509.6170377641165,6520.03316629643,5666.082207933665,494.1589205259954,733.4004964191847,732.0211062710783,0.6471722712101957,1.3241149794427476,1382.405646998137,12501.0,2038.7826396935943,1950.6823601157207,0.1961272024946511,61934.4558746871,20067.2,9495.0,24825.0,1714.8793543570343,26.24215728960946,0.6005499812561917,-0.1521424219921064,13.97712861220715,0.7706513893554299,10.714476188783092,3358.9517192789717,2383.0,-10.276398926487124
7,55,0.436507937,5469.2321765505885,5805.682421709691,18591.2,5465.866387850234,4356.126357855363,0.4698898223071139,159184.4863397002,21546.0,1080.6324729550142,648.1276917994595,635.9670666049531,161454.62574058402,1180.7494232331724,5869.131215615743,6023.543324164198,5390.879534983857,511.2624086628323,768.4825818145401,766.2556890656798,0.6465795355966215,1.1087791864689085,1107.2029740483297,8250.0,1428.2001460707525,1310.1965379673477,0.3539227423786567,63235.10191584648,20461.6,5680.0,21010.0,1633.158534864267,19.728617651381207,0.3852141882823526,-0.1376534202139448,13.183966199694732,0.6396273762103228,11.91637528781298,2588.7409664691995,2402.8,-5.841129286440702
7,54,0.428571429,5537.073534283831,5673.418056271847,19205.0,5638.798105970744,4113.51027567339,0.5641247971364666,160589.9971499321,20398.0,948.3681075171698,709.6190782399007,646.6375305920379,166673.6156380723,938.1333410512002,6285.477995530342,5946.751045785341,5223.215936245825,517.8561312432216,743.1628011965855,742.104640920998,0.5863939271892373,0.9499645168289036,939.5393753102971,6439.0,1403.1279412962722,1726.543317881947,0.3401004638011704,63808.65020877249,20750.8,5574.0,20904.0,2703.836755427368,21.68481547681453,0.2263995186423477,-0.1021377623339526,11.772567209799972,0.5532665085155559,11.26942766958464,4170.1895276700425,2372.8,-0.9532327967088376
7,53,0.420634921,5599.961847163539,5443.173344117392,20245.6,5722.912160477867,3916.55484641996,0.7394352019260599,160375.63790147603,17764.0,718.1233953627152,615.1672620229663,579.6768753155643,159113.10003177446,741.1779117977699,5513.4206360669,5758.194748548485,4938.363228500438,479.7483594670791,713.1862401387305,707.8166449482926,0.39405503949599,0.6215765717328416,654.6866675649098,4408.0,1157.4510402820897,954.4859584185052,0.3378388216964249,65010.99475698955,20709.2,3487.0,18817.0,2694.581748620739,21.68165793017844,-0.1019884264537142,-0.0994629952580935,10.87509066410978,0.4832157241317213,10.353743284435822,4193.759774022729,2367.2,-2.857625639886776
7,52,0.412698413,5778.532414218755,5630.954004707679,20613.4,5851.691421518453,3421.2615347753467,0.8619963333117691,160670.86692998436,16177.0,905.9040559530022,431.04413630747376,357.0237428520357,157485.06651186463,245.8846001531565,5602.834340606909,5262.805617405687,4767.283464377113,257.0012384647216,454.96963822062713,470.8843152028405,0.2298433523135258,0.3055464120854434,483.606903441585,2044.0,744.5321529139455,1043.8996629585135,0.1570167020899892,67037.2703883498,20887.2,3550.0,18880.0,2694.3748254465263,25.97185960109121,-0.4180185861011124,-0.0706277090584129,11.1341252178756,0.3192661236023218,10.310189135025595,3473.0936055909915,2421.0,-3.409482915218716
7,51,0.404761905,5603.568137190094,5464.612859143863,18001.8,5615.819486717652,3037.9702386169947,0.5591674330144016,161109.53981273965,12581.0,739.5629103891861,435.6157236043837,365.8294842084729,160821.29114140276,-137.4066960051955,5111.644494550921,5435.291346383793,4467.241320467469,146.21819202112673,327.52277354961456,310.4099218649756,0.0476153031673896,-0.1900295220440889,183.5647595319415,-557.0,859.422965689585,552.7098169025257,0.2008041225453347,67081.95846222925,19657.6,3347.0,18677.0,2034.659799573383,26.92176706628823,-0.9135945202306448,-0.0108585402220579,4.2877060215282485,0.34628354680849,3.114482300479447,3219.449141847613,2428.0,-2.008016381619947
7,50,0.396825397,5387.898627233802,4727.334871928228,16085.2,5334.584538643545,2999.047701489168,0.3175502037846681,159289.02299903968,12086.0,2.284923173550851,529.9232453082843,395.3922533282823,152352.04167208425,-176.32923313302217,4911.91834611884,4516.394064490964,4211.747100715764,345.4761232194384,553.7980962988198,523.5517907073914,0.1786525663071905,-0.0993069596797593,-71.92946021976422,-1333.0,22.025405700215742,352.9836684704451,0.1604333342398394,66856.16061837494,19216.6,3475.0,18805.0,2039.9807106931185,25.85700166131343,-0.8228719578663152,0.0195971530387765,5.278023173233431,0.426979127060957,2.3874672772626053,5165.489001376543,2468.4,-0.9803020181788435
7,49,0.388888889,5514.552865526498,6306.6892477353285,16281.2,5322.795670397504,4676.327852505598,0.3395369640270366,158425.19742824844,21037.0,1581.6392989806518,409.96905420493147,546.4479951290728,162354.48778411618,1500.950917883407,5946.261685448932,5912.826284160642,5647.135736399644,471.5237353373283,545.3210075244124,508.06056504550224,0.2430153684388936,1.0598983180407464,1363.459175464116,7419.0,1344.1836000660687,1387.327007800537,0.77184169947656,63650.2471380032,19272.6,5854.0,21184.0,2097.0062708537616,24.028567765664388,0.3363333198541905,0.0287370432161298,6.876854268270074,0.7651191507544423,2.792848008753741,3906.578176132268,2466.4,-8.994012973611769
7,48,0.380952381,5686.570455424114,6303.261293605473,16841.8,5423.284807183275,4305.253568471473,0.4085607396642371,159429.76487595585,20585.0,1578.2113448507962,480.40971561217657,639.8042632269432,164135.93727031152,1129.8766338492828,5965.9263018035845,6252.774467122746,5535.552112807996,580.5063047094483,663.729682238164,626.1020429199937,0.3712379850650997,0.966695449918844,1251.8755518724683,7211.0,1659.8967242109456,1406.9916241551891,0.7878785311573742,63518.826571669175,19741.2,5830.0,21160.0,2092.750749611621,25.444671458205253,0.2431304517322882,0.036242841347851,7.980995116242953,0.7432275450454118,2.489979919597698,4731.448705454206,2433.0,-8.919657621440926
7,47,0.373015873,5775.484004429233,6075.521749733272,17827.8,5565.65519493849,4015.866304746069,0.5245062006138633,161284.29752694373,20579.0,1350.4718009785956,599.9558413043364,654.4902479860237,166757.72976680385,840.4893701238789,6296.282456942539,5983.366529492456,5331.885525258949,608.7190670165212,683.7852835692254,654.7953526038193,0.4016853491146003,0.8852737168335746,1048.2089643234212,6974.0,1456.384091690018,1737.347779294144,0.744719388240583,62012.45150083436,20037.6,5032.0,20362.0,1992.740499914628,25.46185366347821,0.1617087186470187,0.0286510804649058,8.086549629546914,0.8090648843097743,2.489979919597698,5520.551314652544,2334.8,-7.006234130932795
7,46,0.365079365,5890.321384341896,6038.799758707179,19007.2,5675.65137608192,3883.4672221548335,0.6858007377064069,162469.99599930132,18884.0,1313.749809952502,521.4678121243765,572.8640941250324,166749.7835031908,708.0902875326433,5698.015811029622,6012.240181604598,5084.8389851382935,592.8455907008923,693.4081968581557,657.1079518230156,0.3631063142470499,0.6164431634186291,801.1624242027656,5340.0,1409.4038714067383,1139.0811333812262,0.7495675761940296,62427.14787473017,20157.6,3947.0,19277.0,2001.9279957081376,25.533553798618023,-0.1071218347679267,0.0518494265737499,8.11712351703132,0.7949320463917477,1.788854381999758,5862.320871413217,2294.6,-8.172353754462462
7,45,0.357142857,6162.586745364913,6088.661677043317,19922.2,5867.509379052639,3493.4572899511472,0.7694058003982142,165179.0171654806,17137.0,1363.6117282886398,217.62620084428235,349.38667940203345,165897.14750298052,318.080355328957,5872.91349847662,5506.53944231024,4782.53246934187,93.32608122535522,270.806933292057,247.38476896282043,0.1833458160554806,0.3187183537792766,498.85590840634177,3242.0,981.3154205538068,1313.9788208282243,0.7378135115889684,61784.53337414025,20127.6,3325.0,18655.0,1631.8209767005696,25.71006114543627,-0.4048466444072792,0.0477390705207232,8.237527379089466,0.8277218562787855,1.6733200530680674,1652.4662314616298,2297.8,-5.982020347668995
7,44,0.349206349,6030.603563849936,5646.773340160437,18430.8,5770.46315629425,3260.501761957243,0.5490079275076389,165186.1365944911,13383.0,921.7233914057606,437.9752483012157,412.74008823220015,162390.0849291688,85.12482733505294,5108.313739545998,5457.270728793309,4508.285943512201,240.1278905696649,345.77858356896405,338.54094008224416,0.1733379099255843,-0.0420910464121294,224.6093825766729,-38.0,858.95248627413,549.3790618976027,0.1952389566923738,65057.82785300674,19662.0,3526.0,18856.0,447.76076201471886,25.925091756404303,-0.7656560445986852,0.0468510855418729,7.929822201425248,0.5549942988032794,2.915475947422599,1446.487013165609,2399.8,-6.856969379677033
7,43,0.341269841,5788.010403739482,5090.295493053202,16983.6,5469.6609478014025,3059.897117837977,0.3468273493636836,163832.41730037457,13297.0,365.2455442985256,522.887820302266,515.0121950011126,157367.3407997289,-115.4798167842132,5067.678210776008,4657.783293798712,4007.706386288173,396.6797302068486,548.7448324041776,525.5612331016117,0.2431136104117081,-0.0442074408009326,-275.9701746473552,-25.0,155.88568174670309,508.74353312761286,0.1343939715864534,63582.850693362496,18963.6,2338.0,17668.0,923.860757906732,25.596400699644,-0.7677724389874885,0.0564719925787557,8.050161049045974,0.6789162421970778,2.915475947422599,3879.082131277489,2389.0,-7.072472893532274
7,42,0.333333333,5818.448898038764,6227.714221229688,17395.8,5394.364356792744,5007.669398946195,0.394508053326256,162440.54229161135,22817.0,1502.6642724750109,370.5285290580854,599.6690588014874,159798.35472298774,1832.2924643240044,5678.036087617599,5584.012674617505,5602.612378905428,390.2554911908053,491.10170244416014,462.0112680771578,0.3666634455013443,1.1236772366464365,1318.9358179699002,9035.0,1079.901136646723,1119.1014099692038,0.3866285503270144,60528.998941767706,19444.4,7436.0,22766.0,1874.6109729754603,20.10465966967772,0.4001122384598806,-0.0081464074626118,6.933332928484754,0.879789575835494,3.9623225512317535,3757.124571412367,2490.4,-5.467219292601086
7,41,0.325396825,6045.134330957175,7172.226923299231,18373.2,5692.7982648902325,5074.245725223803,0.4614482634547309,163779.07896707865,23628.0,2447.1769745445545,820.600342217655,831.4857215030544,173442.46688052715,1898.8687906016123,7090.461678515693,7516.628200682041,6062.485551035931,710.3964663408369,1059.0412654775153,1020.2924549463652,0.4012036149351569,0.9511442140610034,1778.8089901004032,10227.0,2901.573411894185,2531.527000867298,0.4275723282487472,60626.96600397626,20543.4,9442.0,24772.0,1856.5825325042792,21.70981818458058,0.2275792158744475,-0.0407071420431849,5.719337033344116,0.8453392084887483,7.395944834840217,6163.407814387628,2549.4,-7.4281696643774815
7,40,0.317460317,6247.638386901906,7101.181956766975,19549.8,5936.369723074759,4786.017187732946,0.576048930074015,164879.894504441,23180.0,2376.1320080122987,1031.1432791851198,898.3094358010308,171401.22518979237,1610.6402531107556,7139.001432970517,6692.07317296259,5849.628857110161,863.5317876835584,1123.2287426429425,1098.7234587093585,0.5130127643314819,0.8917216868756971,1565.9522961746334,9125.0,2199.1727114764426,2580.066755322122,0.4745946555738137,60935.129266951095,21705.6,9136.0,24466.0,1671.091948397814,24.94230266443831,0.1681566886891412,-0.1033128303907131,5.57598097412514,0.7857092723303283,7.085195833567316,7210.507693169068,2513.0,-7.229000959153325
7,39,0.30952381,6460.071345100166,6708.938131151732,21083.6,6195.196064809956,4477.529307895018,0.7211307627285088,166370.3765407215,20920.0,1983.888182397055,897.9205350631164,820.8808104701633,169842.49511057138,1302.1523732728278,6309.675667902339,6783.67550811709,5689.434449521819,811.1355926231035,1125.0809186812432,1080.1651974541096,0.4873686431366855,0.6833181168603402,1405.7578885862913,7631.0,2153.084194950108,1750.740990253944,0.5223652502443963,61333.414658873015,22397.6,6986.0,22316.0,1991.580954919986,25.311979428905605,-0.0402468813262156,-0.1610064611839443,5.266743962870431,0.6961679861023563,6.985699678629169,7462.899413737439,2457.4,-5.564582761479041
7,38,0.301587302,6730.777398860666,6443.8257618557045,22148.6,6479.700089379008,4175.4448705535815,0.815254556257133,168277.82001548377,19014.0,1718.7758131010278,603.5550405072149,337.71257350993926,166904.55817354025,1000.0679359313912,6543.679538732511,6084.949453324914,5155.2315561786045,444.5113573973029,734.3348142103736,688.9700226586799,0.3301119503280173,0.4264115268421879,871.5549952430765,5300.0,1578.4058045919655,1984.744861084116,0.5456904734087004,62537.45393780992,22844.6,4573.0,19903.0,2112.4293360962406,24.549416925962696,-0.2971534713443679,-0.2185800322027947,5.286795873501309,0.5728406609013562,6.79705818718655,5410.851202954085,2487.0,-4.707879521559242
7,37,0.293650794,6720.71243175181,6177.389385685407,20603.4,6565.308641507964,3838.9115014688273,0.6259137314284069,168898.23334813296,14854.0,1452.3394369307307,636.432278564666,494.0029008939301,162900.4213862336,663.5345668466371,5588.435056703327,6119.314694898414,4878.367139516052,408.9661530675455,585.4535227033773,564.0601788285128,0.104806182402002,0.1769731125028061,594.6905785805238,1309.0,1507.9438972915025,1029.5003790549315,0.1099019075986983,66208.95423803914,22019.6,3311.0,18641.0,1572.432733060465,24.621468073030567,-0.5465918856837497,-0.1564604134719584,6.629542224706853,0.3716421821072598,5.1961524227066,3969.2229375393326,2440.8,-4.386654687567414
7,36,0.285714286,6310.11222654761,5119.225897278229,18418.6,6156.410598987396,3430.385886141394,0.455384399792819,164860.24413721086,12648.0,394.1759485235525,606.8396421321958,609.441125018646,153252.5208259167,255.00895151920395,5847.993009482508,5328.11592608175,4351.586207487768,703.3830211134131,583.6798086481562,549.6111308266543,0.124276085205924,0.0984975558830639,67.90964655223979,-697.0,857.0831992913481,1289.0583318341123,0.1967386395462674,65982.31049060993,20784.6,3267.0,18597.0,453.70662327103264,25.062222552820312,-0.625067442303492,-0.1272056088297579,8.32011639139331,0.4403204725273454,6.06630035524122,7466.75789586053,2389.6,-5.45839315895383
7,35,0.277777778,6279.679827671787,6949.019962387863,18474.6,6106.190514433378,5132.743701465619,0.4745876056125562,163064.860107156,22927.0,2223.9700136331867,438.4766139088335,662.369974313751,162424.30503951816,1957.3667668434289,6579.96707667285,6496.277910493278,6032.111946388107,618.0579235627922,548.0288634158661,496.8714145323205,0.0802839454129582,0.9877377159743828,1748.4353854525789,9405.0,1948.0722887063505,2021.0323990244551,0.5416886865041736,62306.616538122136,20575.2,8089.0,23419.0,2025.5992940362123,22.89495414497209,0.2641727177878269,-0.1077949524165315,8.28521478946072,0.681110707502679,6.633249580710782,6480.205278551524,2393.8,-8.188428369515846
7,34,0.26984127,6427.501778625209,7448.047885918841,18893.0,6227.849226292703,4989.6351657842615,0.5176485118627392,163858.7807675628,22820.0,2722.997937164164,560.2696141875523,804.9152612982515,173812.09841260526,1814.2582311620715,6938.132067721018,7357.064698805786,6282.51221291952,803.0854060911245,737.6909083147942,697.4179856037355,0.1308487455334009,0.8986226481112551,1998.835651983992,9723.0,2761.377754246735,2379.1973900726225,0.521301334335376,62008.76209730319,21127.8,9749.0,25079.0,2320.601150564225,24.541188883818457,0.1750576499246993,-0.0887383895893898,8.25310775687375,0.7079383546743855,7.516648189186438,7232.46219032053,2392.8,-6.124501098604601
7,33,0.261904762,6557.3748664937575,7093.191201198447,19544.6,6360.631560443483,4695.986128796413,0.6235226226943434,164945.36574846512,22588.0,2368.14125244377,696.7362596570886,843.6894582493062,172337.4830780519,1520.609194174223,7213.696413831056,6737.677061359259,5996.830344220495,860.4947604068141,752.7768751348989,723.9016564119647,0.3480186615015871,0.9557820810002094,1713.1537832849672,8558.0,2242.3174753458643,2654.761736182661,0.5348235756733605,61845.67234078214,22627.4,12071.0,27401.0,2362.468687623182,23.94420495084947,0.2322170828136536,-0.0470790738207116,7.980147689247649,0.6961857336532221,7.661592523751167,8386.07031811569,2359.8,-2.1093814927659387
7,32,0.253968254,6668.97084209859,6735.369263709575,21249.6,6506.020082713285,4527.112938116688,0.74536115281379,166394.40297192146,22752.0,2010.319314954898,528.2548249147374,767.2003059098533,170145.6075035153,1351.7360034944982,6354.64297584047,6836.338489070689,5728.288841592015,837.276316995165,752.4039137350132,707.4882025539075,0.4372118548126903,0.7861657631000384,1444.6122806564872,9834.0,2234.8865086405085,1795.7082981920748,0.5714493339252198,62066.81823075491,23575.4,8051.0,23381.0,2355.6152699454137,24.29969853418641,0.0626007649134825,-0.0709992469004615,8.012820141957993,0.6375218251009401,7.516648189186438,8608.311624512082,2350.4,-3.165348109440493
7,31,0.246031746,6905.348560423979,6301.114488905168,22425.8,6678.356521502664,4214.992924565054,0.8127108622347862,167978.24436117453,18500.0,1576.0645401504917,330.2483151934734,285.8513487815616,161171.72777218203,1039.6159899428635,6827.481060952904,6491.018893263743,5545.504019566558,483.40864438819335,354.22792238998755,390.9661243045463,0.3505618852997375,0.4352461029880453,1261.82745863103,5184.0,1718.7653932382464,2268.5463833045087,0.6162814303655922,62621.19113182989,24161.2,6196.0,21526.0,3064.8364556693728,25.5205526698606,-0.2883188951985105,-0.0989524346736826,8.23621440093633,0.5078028532283666,5.069516742254606,5780.064221432087,2386.0,-1.8912018075399624
7,30,0.238095238,6781.391246250134,6329.233391518636,20672.4,6644.175827331392,3747.492631216308,0.6234825460043354,168106.30969752255,14495.0,1604.1834427639596,567.6655595143446,430.0039517188489,163064.63172125816,572.1156965941177,5770.391655543006,6167.409419173769,5155.720857650397,558.5145578581781,440.8699457341042,422.6196337365743,0.3504318601311484,0.041596134822129,872.0442967148692,638.0,1777.1688178499871,1211.4569778946106,0.1848992371141519,66249.80316764538,23567.4,5120.0,20450.0,2523.004894961562,23.594346663684057,-0.6819688633644269,-0.0833517657751748,8.458136426144758,0.2975507736113594,3.0331501776205867,5510.0166330657885,2398.4,-1.9549355106067143
7,29,0.23015873,6487.246918213123,5977.326245733789,18559.6,6208.375537384524,3609.582622301893,0.4641681382371974,165613.4970798479,12985.0,1252.276296979112,639.416298240709,595.6394566775717,161348.03532423207,434.2056876797028,5773.230170648464,5423.939078498293,4463.655115266563,510.155923650569,569.1836869409036,677.308153724257,0.5246301168512246,0.1020506092755648,179.9785543310354,-841.0,582.3763045123997,1214.2954930000687,0.3161798460611323,65885.30817497514,22633.2,5078.0,20408.0,1582.980037776852,23.59235077548984,-0.6215143889109911,-0.0702517773261391,8.856234460783686,0.3823105118367246,3.209361307176213,5524.937473819106,2441.0,-3.508271737641948
7,28,0.222222222,6461.934587607546,6966.629548170561,18841.8,6183.820064085829,5213.050366100421,0.4708756837101177,163536.34975102334,23305.0,2241.5795994158843,519.5815803559914,638.1090464252811,161951.74643392916,2037.6734314782311,6790.632395941926,6706.870578962089,6150.840164841288,435.21084911649376,563.8262080118427,655.0958923233661,0.3649986831289394,0.989319808364811,1867.1636039057605,9969.0,2119.5401088523868,2231.6977182935307,0.5631801550796216,62265.97940471055,21914.4,8477.0,23807.0,3184.849635383121,25.18851717923821,0.2657548101782552,-0.1063967594085805,8.529904949642534,0.6453212080591173,4.636809247747832,3842.760016547794,2444.0,8.280129643661908
7,27,0.214285714,6643.178147334108,7641.587062342384,18899.2,6344.385015111795,5073.698212797008,0.4994594371986919,164051.1810272835,23682.0,2916.537113587708,642.1612960725797,799.0979330981899,172719.76388481614,1898.3212781748173,7136.692276112838,7470.506480558325,6476.257024415786,668.0623831385459,748.6217304059619,882.1373137187546,0.3992172105889648,0.9290845305429096,2192.580463480258,10121.0,3037.711263770341,2577.7575984644427,0.5428276310116039,61965.97901280245,22428.8,10623.0,25953.0,3182.4817045821337,27.03873230569828,0.2055195323563537,-0.1157978092697193,8.050920227916823,0.6710514345791166,4.827007354458846,4932.382457869062,2454.0,-2.1063053965203173
7,26,0.206349206,6840.514029019243,7287.793897330846,19710.4,6469.324692426862,4894.92580725602,0.5807889917754631,165799.41959856942,22708.0,2562.7439485761697,771.394953277583,833.0361208475242,169912.9206286116,1719.5488726338294,7428.2837313113405,7116.399364050509,6088.13327561381,676.5383834517029,806.7660443853217,903.3973533571236,0.4817383672762229,0.8418938758719013,1804.456714678282,9240.0,2343.463779813582,2869.349053662945,0.4642383745113529,61647.76392715016,23142.0,9762.0,25092.0,3106.7046367493645,27.73494528958305,0.1183288776853455,-0.1472052082277331,6.827552082604444,0.7422866829524718,4.527692569068683,5297.040613704628,2439.6,-1.2018816217436608
7,25,0.198412698,6967.931958322939,6966.323038037112,21252.2,6568.900102738201,4695.438592696779,0.709905152015726,165917.62182838848,21792.0,2241.273089282436,653.2557866326523,786.5706938324846,163655.64287035324,1520.0616580745886,6355.313420874176,6721.748751618273,5973.727192633561,619.5635541050854,773.8196560057849,903.9851458962152,0.4570846609312421,0.6871769360234431,1690.0506316980327,8347.0,2275.045869406683,1796.3787432257805,0.5593206914705845,62614.144565661205,23830.0,8560.0,23890.0,4224.865950536183,26.94168467031175,-0.0363880621631127,-0.1731599474022484,6.384025848962919,0.645349478645629,4.277849927241459,5293.319636657127,2496.4,-0.5248618370967516
7,24,0.19047619,7162.473367213288,6950.033290185535,22678.8,6774.569716911251,4426.836598494261,0.773012660691315,165792.84414387326,19818.0,2224.9833414308587,407.40449504774745,414.62401508685474,160724.1469016562,1251.459663872071,6757.297454279929,6422.522154734641,5344.37566072047,288.9130001544889,408.83868334400165,512.7912010472215,0.2154427598512605,0.4175881526535101,1060.6990997849416,6292.0,1610.7243753776447,2198.362776631534,0.6154289751881019,64446.54180485912,23882.6,5341.0,20671.0,4862.762414512969,27.60234354000081,-0.3059768455330457,-0.1975574527484061,5.846884474859278,0.4641409429926678,5.128352561983216,5051.9242446686985,2486.6,-0.5095691944774622
7,23,0.182539683,7078.643189871271,6547.478661460474,21047.4,6707.863915147007,4066.2401442706873,0.6164689025455076,166313.3047968052,15572.0,1822.428712705797,648.2583025301174,538.3402855593788,164554.04969858885,890.8632096484971,5784.547712015345,6196.639231401562,5181.976302413169,392.0086531628235,515.0976582612569,558.1320621811251,0.1632957492284685,0.2066010176357737,898.299741477641,1812.0,1786.0111000311645,1225.6130343669493,0.2084540271913031,68031.94110385733,23110.8,4618.0,19948.0,2471.9624188081834,27.43036538056892,-0.5169639805507822,-0.1730526071231024,5.929383192822532,0.1899311473344893,2.345207879911688,4572.640620823692,2533.4,-0.2536629298419081
7,22,0.174603175,6777.012421844214,6133.433222207103,19096.4,6215.89366231821,3790.464249799392,0.4653924559821666,163587.51570197562,14165.0,1408.3832734524267,695.4772100997486,709.3441219853917,159090.81841066811,615.0873151772016,5790.385290515716,5429.82626888012,4322.525555488842,443.2362277034072,631.9221786228833,710.203474706378,0.2477602019219966,0.173702297726205,38.84899455331379,366.0,577.8599996263592,1231.450612867321,0.2648523308252071,67589.44672200271,21731.0,3724.0,19054.0,2124.558071693971,26.46435518782509,-0.5498627004603509,-0.1416669205846687,5.950068766180221,0.2304311357322104,2.345207879911688,3980.276025229045,2638.8,-0.330013028850047
7,21,0.166666667,6747.656005693292,7141.011816576242,19356.6,6144.151064833379,5387.74582305726,0.4970871562354064,162118.4629740399,23777.0,2415.9618678215656,465.6127948755393,713.3708933273675,162567.65698893307,2212.36888843507,6665.919329631653,6571.707342795065,6104.21636364887,422.0002965563191,507.3533148651653,646.5712422485987,0.2643240138781809,1.0003673771381003,1820.5398027133424,10541.0,1984.7507923894264,2106.984651983258,0.5313933549112096,64239.17069360863,21590.6,9060.0,24390.0,4765.114814986099,25.04075286460345,0.2768023789515444,-0.1047133068809672,7.42034772692721,0.3905566086275834,2.387467277262639,1931.6031374432664,2633.6,-10.5338193537214
7,20,0.158730159,6899.686151244505,7726.473765793168,19824.8,6300.849372115613,5203.571655118271,0.5433990955206355,164103.66238312318,24171.0,3001.4238170384915,617.1179322970102,856.354719403004,173581.63991576977,2028.194720496081,7161.34054749649,7485.717945718296,6527.893200288923,613.7038420987631,739.7807182753903,887.0784102729319,0.3002374944477233,0.918736632449588,2244.2166393533957,10688.0,3058.537405817856,2602.405869848095,0.4962664724021673,63210.94685377623,21996.4,10589.0,25919.0,4803.742520160714,25.834077664658487,0.1951716342630322,-0.0891168576555469,7.505147531362715,0.4699068626920368,2.387467277262639,5483.812341671659,2626.6,-1.2764333867040736
7,19,0.150793651,6989.785906755942,7400.532067742724,20664.6,6460.321698575763,5071.586076143252,0.6345224518195285,166361.29734003823,23510.0,2675.482118988048,785.8766772305466,888.1454301977634,172012.32168623136,1896.209141521062,7512.134629493764,7191.678955734898,6093.893761889038,648.4138325328572,816.1327455491986,914.9746906416542,0.3893020196026591,0.8732049341479754,1810.2172009535095,10491.0,2408.0860076783893,2953.199951845369,0.4120237962678273,62053.46718796552,22974.4,10231.0,25561.0,5068.981505194116,26.21696327999213,0.1496399359614195,-0.0875455602977446,7.575342832814977,0.5638547093465975,0.5477225575050727,6206.039556321798,2621.0,-0.479341808548308
7,18,0.142857143,6904.015742146049,6118.627838411007,22170.0,6375.823038284505,5166.676433883148,0.7481494938471887,161009.2568308279,22897.0,1393.5778896563306,882.5764537682023,854.8828878447824,137793.8471525371,1991.2994992609576,5439.874980603114,5801.224072828842,5978.218135732942,737.7593597687667,878.7323870794687,954.0846287406752,0.5044874193678648,0.7747362277740749,1694.541574797414,9339.0,1363.5177985748778,880.9403029547184,0.8143650669929097,66507.84078867621,23760.2,8547.0,23877.0,5259.243700381264,24.35546498336556,0.051171229587519,-0.1167720425400136,7.896316928077928,0.3398731796910194,1.9493588689617591,14155.704299909496,2596.2,-0.5401933929857955
7,17,0.134920635,7078.262315835693,7004.666090655323,23328.4,6595.631098131527,4493.580555361375,0.7959514071289618,162065.2881639807,19854.0,2279.6161419006467,788.2422014352961,428.273622829458,164370.97507643228,1318.2036207391852,6867.792070982321,6512.704472949621,5340.268026050449,590.0458231933221,655.2944084189754,661.1352439548107,0.3360581029260761,0.4127118641350706,1056.5914651149214,6158.0,1676.9002988614693,2308.8573933339258,0.804709193193716,66964.7403631573,24063.4,5240.0,20570.0,5114.396220474125,32.06917655118212,-0.3108531340514852,-0.1254088661532655,7.603630391230892,0.2992585974496863,2.549509756796366,14176.250237001885,3256.8,-0.2553507747252964
7,16,0.126984127,6965.185124638958,6575.625860592567,21522.4,6563.638756739767,4034.872242688621,0.6259184611899868,161858.36363723368,15239.0,1850.57591183789,908.8584895441138,587.0731823891958,161533.0343551978,859.4953080664309,5730.500393903066,6215.735160130159,5079.320306691337,626.1752954141159,692.6991419501741,671.7914844713778,0.2261866961467001,0.1502026474432254,795.6437457558086,1511.0,1824.7890854306331,1171.5657162546704,0.6862168771872533,69959.05594991951,23165.8,4572.0,19902.0,3222.9252706198463,31.724722174309328,-0.5733623507433304,-0.1312753195961124,6.060040180282324,0.2055830548397829,2.701851217221236,14175.053929746016,3343.2,-0.5360350067866796
7,15,0.119047619,6651.319208215018,6157.144183673469,19207.0,6062.985244681412,3800.087968691741,0.4857014479968281,158799.2692255083,12938.0,1432.0942349187926,869.7048252742338,813.6664578513005,158286.16785714286,624.7110340695508,5887.049829931972,5444.424965986394,4071.809892602621,536.7716978498748,671.9149731841626,680.2487753456737,0.3507006839991873,0.2176515664837937,-211.866668332907,-889.0,555.2698455260743,1328.1151522835771,0.8998206436995083,69071.67920863812,21836.8,3944.0,19274.0,2111.277409531966,30.924362233936943,-0.5059134317027622,-0.1064959888883584,5.852612722601558,0.4125056543741701,3.114482300479469,12607.07540969481,3400.2,-0.4544496441383951
7,14,0.111111111,6594.052602551815,7114.199039426706,18878.6,5983.699569551144,5127.341756393716,0.4749762108698171,156362.8045299529,22267.0,2389.149090672029,642.6614942739174,755.8206233613149,159829.99820845458,1951.9648217715264,6772.871123082983,6631.140337725373,5824.221343249181,464.17362307715376,495.646224294038,572.0132239246402,0.2980201785283465,0.8195787485129212,1540.5447823136528,8849.0,2011.6576320270517,2213.936445434588,1.0301278819858737,65024.04163438759,21347.4,7784.0,23114.0,3629.4517079030006,28.8429786784177,0.0960137503263653,-0.0714764156957776,6.017541094434684,0.6334362444918418,3.3615472627943026,10563.53175064604,3447.2,-7.6143709552970895
7,13,0.103174603,6951.420037733938,7905.465014321623,19082.0,6362.739582535648,5265.279466498499,0.4718501517182966,162909.26919659873,23777.0,3180.4150655669464,654.5978219525053,892.6310085137668,170526.17048576605,2089.9025318763083,7232.423072426492,7674.213567545449,6470.447497819041,662.5795068401051,804.8426801132912,963.8916363669103,0.1995527870172476,0.759105932016472,2186.770936883513,10356.0,3258.7178634973943,2673.4883947780963,0.5186695292985779,60033.37832303733,21646.6,10043.0,25373.0,3458.1370273602524,31.959045094364416,0.0355409338299161,-0.048906971136971,5.331344290065905,0.9607141542182528,2.30217288664423,4737.631837040564,3529.2,-0.6440559131634671
7,12,0.095238095,7025.018898663655,7372.660395303908,19583.2,6487.898313742213,5063.033695982711,0.5172247134948016,162926.73592599944,22232.0,2647.610446549232,803.2154380169354,943.791237385022,164458.30872343588,1887.6567613605207,7544.483459652251,7153.542012186061,6047.166595146519,683.9700878171939,857.5388514056893,973.8627835462185,0.2821076977311451,0.6395846730175959,1763.490034210991,8664.0,2302.6939548942983,2985.548782003856,0.5244322833697155,60809.15414289492,22513.2,9573.0,24903.0,3036.6207040063478,31.35554249648824,-0.0839803251689599,-0.0500542827286769,5.130527418859952,0.9566850571056724,2.774887385102286,4725.340742466668,2866.2,-0.528976525082943
7,11,0.087301587,7183.034287839592,7365.702806472255,20835.0,6675.168926166654,5057.414704383084,0.5979264326572533,162946.12208296364,21203.0,2640.6528577175786,633.0433855228591,969.0633838516004,161629.9651400189,1882.0377697608944,6631.3412255843,7156.941189017887,6322.007960229476,651.2443790080213,848.8255538371164,1022.7997520242952,0.3002050165658343,0.5537112432554838,2038.3313992939484,7770.0,2761.142147552836,2072.406547935905,0.6276687238630133,62484.734755246645,23543.0,9721.0,25051.0,3867.8405732398014,32.72712186561544,-0.169853754931072,-0.0385517868078539,4.990169633122249,0.841754780963926,2.683281572999714,4723.704505326314,2958.2,-0.430065432521194
7,10,0.079365079,7390.080665404852,7192.376071499767,22141.2,6943.289062699783,4717.465710496215,0.6364612425384827,164292.03643498514,19149.0,2467.3261227450903,379.0367557752929,404.9655067984654,165015.7396172503,1542.088775874025,7282.178749418566,6819.575420293707,5451.793972591069,308.5928579190089,397.9520343901104,563.8389061592419,0.1172089614853986,0.4103256158899405,1168.1174116555412,5642.0,1895.8705281917253,2723.244071770171,0.5238997491530204,63294.27941047571,24011.2,6285.0,21615.0,4623.123911382865,33.53359986735641,-0.3132393822966153,-0.0476111138011075,4.752578572967321,0.6411352007921829,2.50998007960219,4125.990249217471,3014.8,-0.1633062915347075
7,9,0.071428571,7323.025490758409,6778.9231661944905,20663.6,6968.102530936322,4315.387415048924,0.5170504398270364,164757.1322843001,15538.0,2053.8732174398137,637.6758662017223,517.4893570867838,162155.47745502953,1140.0104804267337,5958.27688841861,6525.035498515206,5310.7457029775405,406.6957460523199,429.891037646355,542.2619134996565,0.050372013028684,0.2225247349556892,1027.0691420420126,1461.0,2135.724973209738,1399.3422107702145,0.1674139561313429,67000.0197794794,23255.4,4005.0,19335.0,3078.475142014306,33.60634932280091,-0.5010402632308666,-0.0564963131306291,4.122633486941487,0.4314195154018664,2.3021728866442337,3592.3128382118957,3106.0,-0.3384418803720052
7,8,0.063492063,7114.925606415792,6864.965592608537,19365.4,6486.192949470444,4111.872600984303,0.4258692957248893,162036.45739501523,17112.0,2139.9156438538603,677.3826019093677,811.6405903352203,156922.79603934166,936.4956663621128,6218.275788985661,5743.953836473822,4224.882230157685,292.96508008301646,585.5323365819,711.3404963023455,0.1787734267774319,0.3032002115057374,-58.79433077784324,3865.0,849.1699561680061,1659.3411113372658,0.2050912920398299,66337.22233119383,22026.8,3900.0,19230.0,1645.348230618674,34.02143286518655,-0.4203647866808184,-0.0151972341513112,4.054188528638049,0.4530923693654139,3.361547262794295,2571.7878973269444,3118.0,-0.5995161774350056
7,7,0.055555556,6923.663119420878,6416.347960329342,19485.0,6297.054136570348,5213.797717277294,0.5001424357265373,160315.3899554678,22797.0,1691.298011574665,542.6989329657235,767.0222433862457,155852.9715256986,2038.420782655104,6050.514159181636,5884.4205963073855,5734.713025609717,377.2351946919485,603.630657321575,732.4655750044539,0.2723220756915617,1.0109503730258358,1451.0364646741891,9262.0,1356.9998903938222,1491.579481533241,0.9029662035855528,62206.50080700851,21778.2,8330.0,23660.0,4836.184787619266,30.667101171189124,0.2873853748392799,0.0033016196508071,3.833963603585296,0.8724802203827011,2.9154759474226144,3611.1479941685857,3094.0,-7.052928187373177
7,6,0.047619048,8249.755858247607,13996.166500605896,25191.6,7032.32047807181,14171.018337776522,0.5694762863296857,168400.23442847384,49567.0,9271.11655185122,1904.4025736768072,3754.643202505352,202054.1875050492,10995.641403154332,10467.013868318298,11099.096189578564,13478.007787819652,3225.688164912569,2216.586986941825,2237.572144180803,0.6352535573684674,0.9003804962712256,9194.331226884124,36303.0,6437.4738550601405,5908.079190669902,1.3325585943916234,66811.43205172216,27557.6,38618.0,53948.0,4606.831199425479,31.1917559627574,0.1768154980846698,-0.0042904485088501,4.0010430344212375,0.5715291493271899,2.863564212655234,19006.043531296225,2958.4,-0.7125894061774297
7,5,0.03968254,8413.76469656009,8012.420263062189,26270.8,7250.322515324328,5611.945891116644,0.608627261307259,168812.5104594425,24762.0,3287.3703143075127,1982.9552828524115,3694.514978337131,167077.11977209357,2436.5689564944537,8413.931052248758,7432.137986422596,6308.611646903632,3171.032978010266,2206.212155800013,2212.690364910122,0.7259541402761146,0.6060804907778066,2024.9350859681044,11038.0,2985.8807144543225,3854.9963746003614,1.334514731108321,65625.98395202322,28688.0,11937.0,27267.0,3870.023682098082,36.93130446998237,-0.1174845074087492,0.0635155490237752,3.920134595333495,0.5550188429457286,7.328028384224487,18905.74328788545,3133.8,-0.8183345350321934
7,4,0.031746032,8534.043677899015,7380.31807288911,27485.0,7313.629245717666,4960.649885677313,0.6539166034193866,169258.92537271907,20699.0,2655.268124134433,1960.035374029217,3613.72539920235,164387.55202141235,1785.272951055123,6086.272416046809,7117.393358438891,6184.790435336712,3094.8106787088777,2167.2756971852023,2195.0706841176066,0.8668477531940224,0.448971445516328,1901.113874401184,7532.0,2452.2586251764296,1527.3377383984134,1.3354564302321257,64020.66246869035,29702.6,9078.0,24408.0,3767.0920084330296,36.78804205296264,-0.2745935526702278,0.1178085330555288,3.832127005567102,0.6021722638243794,11.371015785759855,18733.049347096003,3195.2,-1.1958715597538632
7,3,0.023809524,8630.142041537792,7345.457410802425,27453.2,7552.808411379303,4763.027549292771,0.646624601827278,170421.32087504675,17933.0,2620.4074620477486,1844.781091552156,3443.9550153767427,162734.7735509801,1587.650614670581,7345.566598505147,6473.590643068678,5149.612286720189,2995.492982442675,2044.306904863934,1981.9418556912815,0.8358247477578494,0.266740203545194,865.9357257846614,3706.0,2045.0657844761852,2786.631920856752,1.3347665157662982,65013.29832738389,30044.6,5610.0,20940.0,2224.121781737681,38.9857218591183,-0.4568247946413618,0.1197907767475484,3.686010281326282,0.5306757787408111,14.439529078193646,18117.92369483716,3377.2,-1.120736146978628
7,2,0.015873016,10021.372400069691,13372.499752988835,31415.4,7835.783659125297,14524.266166004909,0.6513919625079309,175725.48316839864,42242.0,8647.449804234158,1606.6815176576852,3327.75084864405,182373.7829924579,11348.889231382718,8128.541777821691,7226.167835852847,8279.997461038582,3323.5910717333986,1840.4945346381628,1768.2928044912046,1.3307760284671382,1.0347871764291003,3996.3209001030536,29073.0,2771.8761291237934,3569.6071001732957,0.9250619322854532,75464.42814750267,33009.6,23155.0,38485.0,3506.93993390249,32.62009097242506,0.3112221782425445,0.0905746318884481,3.98657360767616,-0.1604570225015355,19.282116066448715,16490.077602602065,3379.8,-0.3656081872787195
7,0,0.0,8776.363456525793,7771.121782886399,27067.6,7070.370330804684,6622.869868860607,0.7031685695366224,168204.7290845877,27799.0,3046.0718341317224,908.1074119487488,1173.1395727923568,164450.41708599465,3447.492934238417,7253.809413861039,7111.992320337303,7168.669299387341,2657.502665219731,358.89429615018264,355.21629555716817,1.1090780703835468,1.1592635314146833,2884.992738451813,14564.0,2610.4072134570715,2694.8747362126437,0.6838043215051361,65171.42008732812,27857.8,12859.0,28189.0,3863.783094326078,43.74482460072214,0.4356985332281274,0.1178621452535132,3.4731393867716327,0.0590281020858214,19.266551326067667,7940.535968371629,3448.6,-0.9817772705440904
8,115,1.0,4876.121266840838,4876.121266840838,17160.0,4733.068631217663,2906.963950257872,0.6899560297399462,136184.88385584755,16159.0,0.0,,,136184.88385584755,0.0,4850.793081809334,4771.551854413196,4192.498499734483,,,,1.832550734378048,0.6899560297399462,0.0,0.0,0.0,0.0,,29242.897302157908,19788.0,0.0,19788.0,,17.02560875498065,0.0,0.2189023544645428,39.25978629099362,23.47789209729035,,,1836.0,-9.213840860661213
8,114,0.991304348,4618.964262710063,4361.807258579288,14456.5,4858.220704252864,2410.6665485445283,0.2313951761439988,138216.6152766578,11069.0,-514.31400826155,314.7256089786577,135.67288766178618,140248.34669746802,-496.2974017133438,5295.882306453083,5208.415362169063,4384.368937512102,244.1646438519929,308.9091487871151,176.9917590454885,0.930730230661817,-0.2271656774519485,191.87043777761937,-5407.0,250.30414607040075,445.0892246437497,11.821796279386335,36249.90174556503,17700.0,-4176.0,15612.0,222.73863607376248,14.095750085157087,-0.9171217071918948,0.1704300532625237,20.856560415174386,15.118619782330374,10.606601717798211,3133.8533725579096,1591.0,-7.483600038728321
8,113,0.982608696,4473.287499300232,4181.93397248057,13080.0,4890.388780539409,2418.431517085643,0.0341990338992461,138233.4444775544,10634.0,-694.1872943602675,222.64123220431492,121.02055300484513,138267.1028793477,-488.53243317222905,5061.97805452924,5000.7554784048925,4416.211745212625,296.5348264279334,218.5202709836609,136.9941487105893,0.6231716445988452,-0.3601932505902592,223.7132454781422,-6833.0,221.65630189483545,211.184972719906,9.53159438759382,38915.86733581347,16858.666666666668,-4612.0,15176.0,216.18741869035765,14.419049481260105,-1.0501492803302055,0.1433567351501786,14.554664420252038,12.474515779462,7.767453465154027,2216.3806009775444,1509.0,-7.265109039688873
8,112,0.973913043,3983.370186072752,2513.618246390312,12354.75,4401.789251721899,2630.665976596292,0.16189473941562,137128.09489558236,10619.0,-2362.503020450526,978.6238715283832,139.80764141343695,133812.0461496662,-276.2979736615803,3146.367741810278,3087.088146250582,4133.216447340252,971.977915618726,969.7970772388686,983.5799896788932,0.9611121151539403,0.5449818559647418,-59.28205239423096,-6981.0,-1797.077965948295,-1704.4253399990555,7.797195923429765,38156.36289102914,16518.25,-4291.0,15497.0,230.6734705162256,10.965969534377477,-0.1449741737752043,0.1633410939077957,12.160011592756824,12.713647832560495,8.180260794538679,2834.491201005194,1435.0,-9.12397556011073
8,111,0.965217391,3988.125996390588,4007.149237661932,11917.6,4491.574422250647,2304.6537329564226,0.0385410253608879,136857.06353845735,10530.0,-868.9720291789058,863.7860063038419,145.50503274791234,135772.9381099573,-602.3102173014495,4961.9024068349945,4881.721425346438,4462.0189421111145,841.8454712642919,855.5647382634107,875.1451772745658,0.7822664618130172,-0.4548738308580408,269.52044237663176,-6991.0,117.64647314798094,111.10932502566084,7.327186915475488,39519.91714739883,16313.4,-4294.0,15494.0,252.34539821443136,13.544704942080816,-1.144829860597987,0.1599172220031346,10.235873716417329,11.441604602709178,7.463243262818112,2551.173108852048,1413.6,-7.203048804780558
8,110,0.956521739,3796.5199909087314,3918.091239431552,10461.6,4469.431370588874,2262.905465365858,-0.1996134915689232,136719.4155746273,10258.0,-958.030027409286,870.8843468377042,128.65940402639333,135496.64403669725,-644.0584848920139,4957.772081309588,4851.854830005396,4386.182604597707,728.506484944293,860.5661322890118,868.8855552536662,0.4913342785131579,-0.5008165549091095,193.6841048632241,-7280.0,-110.7152583088664,106.97899950025476,2.915725961849944,42929.25682951171,15392.2,-4606.0,15182.0,272.7837971727791,13.16120154785446,-1.1907725846490558,0.150375419921598,3.0251647842163503,8.301111654569294,7.314369419163891,2558.306135742787,1266.8,-7.28895257126953
8,109,0.947826087,3679.5896734602816,3777.1556713370414,10159.0,4363.918527445561,2329.5998860274995,-0.2151702801314546,135592.79008502455,10640.0,-1098.9655955037963,801.1025986005665,139.8298258027735,134615.21924945433,-577.3640642303726,4543.734105470675,4485.011159614166,4222.057537411279,653.2479218183954,792.0416498575813,821.6193527994797,0.5681771984479387,-0.3049496202646055,29.559037676795924,-6920.0,-277.2600696461641,-307.0589763386588,2.823471589931836,43596.79828622429,15311.4,-4580.0,15208.0,281.3995380237856,12.838050223348702,-0.9949056500045516,0.15918694260508,3.1567536892086543,8.479981678552765,5.80517010947999,1758.6646466463703,1248.2,-8.345815538327672
8,108,0.939130435,3830.2309397014615,4935.1403036864685,11510.0,4311.446032854317,2740.803791698392,-0.025150447624915,135350.36705599242,16638.0,59.01903684563058,768.1273831013281,188.6233067329719,137054.98773418693,-166.1601585594799,4822.273304372386,4752.940311756082,3995.196126164792,815.3386663744631,756.8144507673755,781.8711271835024,1.0383780003092191,0.5899059119424387,-197.30237356969064,-78.0,-40.70617106138161,-28.51977743694806,17.956280130931393,38565.38764457293,16187.4,-232.0,19556.0,502.86946616393374,16.490162799006903,-0.1000501177975075,0.1692169984241255,6.691882329039059,16.740389532037266,8.677557259966656,1283.372240059079,1337.0,-7.792337674590435
8,107,0.930434783,4288.138653355769,4803.156814661848,12432.2,4695.673190197967,2459.8825370084346,-0.1547320390744778,136870.178902466,13961.0,-72.96445217898963,215.43114281527903,191.07307801511385,141411.10538203406,-447.0814132494375,5117.657137325761,5067.343927465152,4415.960141769233,508.0955275295464,213.2899863058573,168.09740293809452,0.9843496155608784,-0.1029261012830723,223.46164203475016,-2370.0,124.05782076994636,266.86405551642747,18.382613998418403,40857.18584204976,16859.6,-930.0,18858.0,510.0331361784248,19.61104765148617,-0.7928821310230185,0.1517956032435439,9.466151493078678,15.622736007367577,8.080841540334765,2460.553349264963,1355.2,-7.3919127465413235
8,106,0.92173913,4397.493812722048,4553.925034493332,14670.4,4671.803638587447,3242.189185795053,0.2974054466511619,137200.78140771657,20760.0,-322.19623234750634,212.23800072059436,170.04218374798364,137425.95063621033,335.2252355371811,4801.342296489345,4747.27177678982,4325.180162540789,488.2561357607799,210.087789801059,147.82950285690822,1.007653819067062,1.8058135977701584,132.68166280630612,4200.0,-1.7012849046168412,-49.45078531998843,18.14919049771701,40820.21822517853,16932.8,-3928.0,15860.0,526.4676628246027,16.570140664054758,1.1158575680302123,0.1585715173087236,9.487184757240444,16.025767485332217,7.778174593052016,2386.9519190438955,1336.0,-12.731227225580444
8,105,0.913043478,4386.286628775015,3862.055319696385,14681.4,4671.278461239703,2348.182490256732,0.3195633136435213,136520.00023964123,10326.0,-1014.0659471444528,204.8199914759333,161.1518067495049,132092.7381963206,-558.7814600011402,4877.546571465328,4803.473337192847,4321.846318074344,499.1447508027723,207.09467773336192,148.0535928965908,0.9792660291801428,-0.3900272199473126,129.34781833986108,-7225.0,-113.3411450475869,26.7534896559946,18.384339579922635,41795.24520541962,16877.6,-4882.0,14906.0,435.58661595599966,14.429850625746711,-1.0799832496872588,0.1609118024044534,9.289995290458894,15.644498547147665,5.941380311005168,3448.850873269611,1405.8,-8.721267609471896
8,104,0.904347826,4394.520316982044,3818.324112372192,14692.2,4705.605759878052,2392.2577971121327,0.3168558916230469,135743.94155238563,11168.0,-1057.797154468646,164.7995164697119,163.77019038521328,130734.92581317626,-514.7061531457393,4667.348300850402,4632.326924985937,4342.385876423002,477.32625522473967,161.70322087722857,96.54239765464426,0.941583059379106,-0.3184867303669775,149.887376688519,-6866.0,-105.62357645441898,-183.44478095893191,18.601340896091788,42537.04486332143,16817.8,-4879.0,14909.0,400.1091101187274,13.441306254840432,-1.0084427601069237,0.1592922449799272,9.473933014746413,15.276613337948412,6.833739825307951,4235.380073940823,1424.6,-8.149801519474467
8,103,0.895652174,4164.85545100066,3786.815973779541,13243.0,4652.445891617712,2334.624928011318,0.114009129969933,134350.52852167728,10151.0,-1089.305293061297,177.14660569781515,38.19208338503024,130087.92258064516,-572.3390222465541,4714.250439882698,4616.088666551665,4345.821853168179,451.51907567762674,182.09787285907197,158.7775887319906,0.5639985906558305,-0.4243278963231305,153.32335343369596,-7324.0,-306.50551236308274,-136.54264192663595,1.4348561658087078,49278.41935801423,15933.6,-4653.0,15135.0,677.6979415639389,13.686727572099253,-1.1142839260630768,0.1741646111641491,6.013089527864853,6.588336831176967,4.549725266430928,4643.364602071907,1314.0,-8.113803946798814
8,102,0.886956522,3972.068420974456,3839.221664530827,12298.8,4574.616536005893,2329.3123986987925,0.0651266700457371,132804.59012361307,10442.0,-1036.8996023100108,123.82785609335784,45.90684536324483,133681.41339171294,-577.6515515590795,4555.257226256585,4491.837427025488,4233.844060352769,297.69815570530693,121.6114817987216,125.18776041874948,0.2909707030889976,-0.347338400904052,41.34556061828607,-7091.0,-265.08895728914285,-295.5358555527482,1.6571490813931944,49051.48375768956,15171.2,-4742.0,15046.0,685.0761271566831,13.707523268521024,-1.0372944306439982,0.1987241401406875,2.8010881457974106,6.76033721427258,5.16720427310552,2822.165793619164,1302.4,-8.19462710369222
8,101,0.87826087,3871.286452697047,4050.015193106292,10873.0,4421.593204999546,2533.589026880954,-0.1598935376593216,132228.73104520811,13850.0,-826.106073734546,302.36519623830554,369.5810878092976,134546.6552441857,-373.3749233769181,4079.09258644787,4019.530552120097,3490.8431289002906,65.7790205290358,297.15328141790445,269.78944881553963,1.577837214706891,0.6807125592448644,-701.6553708341921,-2929.0,-766.8179399363544,-771.7004953614637,10.640394864633214,45272.85827458415,17122.0,5826.0,25614.0,723.1629830128197,15.696201236708646,-0.0092434704950817,0.2138353730973962,23.28264068793052,11.07590358928716,5.431390245600104,1872.391949025296,1411.6,-8.706028487019523
8,100,0.869565217,4039.211045144013,4701.678281931213,12786.8,4434.615445533979,2694.316015274356,0.0209537802150467,133172.04160068,18456.0,-174.442984909625,318.40837349439704,432.8891834381871,136809.29097367995,-212.64793498351628,4939.1222347812045,4895.950201840788,4652.596244039947,394.8227879257574,321.6482831752754,282.9922633283016,2.5121884828798136,0.5142093694245295,460.0977443054644,2344.0,-48.22994237542207,88.32915297187083,10.882035183232844,45250.94482608572,18957.0,4293.0,24081.0,762.0372694297829,30.95690076486932,-0.1757466603154166,0.2153669858802672,38.92903951371672,10.723954116535277,6.284902544988265,2889.10405661034,1378.4,-7.147334707421841
8,99,0.860869565,4181.649804496374,4530.517909133997,14132.0,4442.229048163834,2510.1373262069974,0.1181475566159004,133964.58779426385,16955.0,-345.60335770684105,320.1421266860161,469.5557729765653,134697.65678109555,-396.8266240508746,4692.926399891665,4652.257905071433,4618.458331977089,412.7894432321169,323.3347751858579,289.9047703618484,3.401427094779716,0.1674821516372907,425.9598322426064,-140.0,-67.55556330514355,-157.86668191766876,11.04765105244913,44812.541105238175,20837.2,4522.0,24310.0,803.0359269671563,31.33617113831142,-0.5224738781026554,0.2023472299596053,53.43635729394744,10.457071495822634,4.8270073544588605,2495.197760029172,1361.0,-7.248047820735933
8,98,0.852173913,4293.809312347311,4347.613513034226,14776.8,4471.292604566707,2300.7601452672443,0.1529030633413053,135455.51154555814,13639.0,-528.5077538066116,333.7430886265964,469.4266986690588,137542.5413371165,-606.2038049906278,4824.025536442632,4803.610817520837,4155.228535276116,388.6095134201382,345.2083186525005,295.177841956783,3.631795328156039,-0.2505503626961057,-37.2699644583663,-4100.0,-161.18773034871447,-26.7675453667016,10.91826517458344,43683.48217450127,21528.2,-1198.0,18590.0,478.9725461861049,20.27489825461155,-0.940506392436052,0.2011286227887168,57.31082314120348,10.686694537877395,2.3021728866442395,1794.2859225217874,1402.4,-7.298200427120407
8,97,0.843478261,4372.79550914766,4234.152648532569,15212.8,4465.296290396609,2371.9274704974555,0.1361717661591318,135070.04835182542,12340.0,-641.9686183082686,339.8377979981749,469.4239143468273,131754.0974230494,-535.0364797604166,4470.4085182534,4435.9329634932,4232.064740936836,301.1372324341367,349.3599635157072,295.5662374709298,3.8252405693904152,-0.4309948868149199,39.56624120235301,-4911.0,-295.0705281396385,-380.3845635559337,11.311319322172958,44931.41116367343,22086.0,-1953.0,17835.0,429.03228316759584,19.98000835500456,-1.120950916554866,0.1806676646015388,61.08720243622376,9.770766625472737,2.3021728866442395,2573.246832783057,1432.0,-7.491890967567452
8,96,0.834782609,4379.882303584004,4085.449165288013,14896.6,4525.749949703891,2209.7005785386923,-0.0803675017945664,135203.90290232652,12765.0,-790.6721015528251,192.25258238434452,261.1583566559756,135215.92799669123,-697.2633717191798,4549.550533914874,4485.157467288314,4110.404368887126,232.58688729099984,198.10708731554175,173.8096481258722,2.975563325132017,-0.4019837805236266,-82.09413084735661,-4510.0,-464.5496433999461,-301.2425478944597,1.1985763006628254,49125.77952107604,20637.8,-1415.0,18373.0,463.7952134293757,19.715756120194907,-1.091939810263573,0.1700584435690479,44.41066334549421,5.099937857475523,3.0331501776206027,2537.8935549869443,1325.6,-7.501507479236232
8,95,0.826086957,4272.758267172467,4166.0580998735295,13555.2,4461.963762542885,2305.6583881503548,-0.2411438468041775,134520.77689630014,12846.0,-710.0631669673085,178.47507081013026,204.13670281185796,133393.66094354808,-601.3055621075173,4374.57003794121,4343.149082129306,4196.059781363571,168.53455246967488,183.4390685528115,158.6947444612331,2.319068394423401,-0.2896723556235261,3.5612816290886258,-4363.0,-367.1608781804498,-476.2230438681236,1.24869104084006,48234.07908457863,19513.6,-1328.0,18460.0,496.07741331368834,20.156663329648,-0.9796283853634724,0.185215844703824,32.75060202515926,5.640606707979056,2.9664793948382475,2273.5435143312475,1404.2,-9.26149946311844
8,94,0.817391304,4336.128620134176,4847.369673942542,12942.2,4457.372758053287,2635.2786137670514,-0.2176616516390273,134507.01414138114,13462.0,-28.751592898295712,198.3228500662929,226.7428624353435,134628.84300650048,-271.68533649082065,4792.370669044572,4710.388051021595,3676.70547455843,251.2579813540985,193.5758491693423,151.50303328223362,1.4094436504831864,0.2848931274630417,-515.7930251760527,-3205.0,-90.51058575313073,-58.42241276476125,3.918628662635396,45413.72568159204,17571.2,-5190.0,14598.0,375.4064464017628,14.462410832863398,-0.4050629022769045,0.2177242033352168,18.04756244765509,7.617059706589195,1.5811388300841458,2275.62173115394,1470.8,-8.10774270324397
8,93,0.808695652,4338.391652651624,4358.928675621467,12640.6,4517.419327530018,2548.8862746177915,-0.2159684289588135,135143.07375823427,10895.0,-517.192591219371,324.0295263907287,228.07151263220905,140722.83942138212,-358.07767564008054,5183.287212058591,5073.951194311068,4169.166517272935,245.71148215601443,292.584377165593,241.1859749372169,1.038408405220506,-0.2420842492950368,-23.33198246154734,-5608.0,139.04511703493517,332.49413024925707,3.83760652009782,44950.426234822735,16790.2,-5103.0,14685.0,461.3185450423593,14.569630360128707,-0.932040279034983,0.2205109185717516,14.154430963939848,7.99884794571705,3.1144823004794624,3437.1294535147504,1492.0,-7.589222083271764
8,92,0.8,4318.411094371868,4134.2498571337865,12206.6,4607.033199834598,2402.03674740457,-0.2034746447357704,136267.26588706014,10486.0,-741.8714097070515,322.6823519113193,228.58203062745213,137375.05806717888,-504.9272028533019,4970.774747603023,4898.116324846022,4235.046375400354,262.4533417695484,296.9318997281541,283.7794854948785,0.7252098937415442,-0.3685259656997044,42.54787566587129,-7081.0,152.99883338326435,119.981665793689,3.231244092133621,43132.14232912644,16077.2,-5518.0,14270.0,440.9929704655155,14.715200093517463,-1.0584819954396507,0.2347500041549003,10.276609438515584,8.682182814494274,4.381780460041313,2888.4298806258453,1495.0,-7.732303885696001
8,91,0.791304348,4314.253573911827,4064.661562987811,11617.0,4679.924081602815,2345.349160435449,-0.2135109503773105,136673.52545694044,10085.0,-811.4597038530269,302.4994595208425,231.47860534736031,137247.22584609254,-561.6147898224231,4955.5609950513135,4864.333255837125,4160.661886638254,265.86608677161297,275.2885611584075,213.09552106982304,0.2713143285409929,-0.4521653087313267,-31.83661309622857,-7458.0,-100.09523455885665,104.76791324197984,3.1269564647657133,42877.41486138839,15258.8,-5507.0,14281.0,326.7246547170855,15.45828950809542,-1.142121338471273,0.2372392680112924,6.336334253454359,8.830005686110216,4.979959839195476,2743.344253835485,1519.2,-7.525948663076488
8,90,0.782608696,4289.662240772556,4043.101434177171,11042.8,4742.790862418785,2329.828169827864,-0.2469981503803836,137497.4462181909,10625.0,-833.0198326636669,168.07231903868677,234.64196024717987,137513.26474980032,-577.1357804300083,4763.774976560058,4698.140848005,4220.948604559626,285.4876821247797,154.29056765889655,125.7691237920176,-0.0571818421042204,-0.4571083556388916,28.45010482514317,-7234.0,-52.826974100602456,-87.01810524927532,3.040344369245814,42927.80670931885,14379.2,-5726.0,14062.0,771.9665148178372,14.925829606355949,-1.1470643853788378,0.2078371680571709,2.380900084793737,8.950256855941193,7.483314773547871,2181.8566871933417,1514.2,-9.62811668995038
8,89,0.773913043,4084.33733249606,3820.7451325600655,10175.4,4684.624606819389,2353.2668365419563,-0.3878613784465792,136720.4595901026,9941.0,-1055.3761342807725,202.48132172128143,55.40211914017522,130743.9098660591,-553.6971137159157,4660.582608395471,4584.801884838443,4095.445078902675,177.31587366117603,188.8463521715371,217.5082942733569,-0.0194579842875781,-0.4194230128679365,-97.05342083180768,-7542.0,-381.3418637501127,-190.21047341386293,1.5601850628217402,45858.2401939832,14379.2,-5190.0,14598.0,810.6409192731377,13.80820679567491,-1.109379042607883,0.2003430933100246,2.3064248084136274,6.912735285056513,7.563068160475603,3611.0719073398745,1467.2,-8.95558123694577
8,88,0.765217391,3965.674629028331,3765.6151582828174,9887.8,4588.00178626951,2323.4775450392435,-0.3994998392663801,135567.16167640293,10815.0,-1110.5061085580203,216.0328890722288,74.2474154245384,134956.34985288384,-583.4864052186285,4453.21712928498,4374.805097663866,4067.14311269228,161.88746511279652,214.48053128239025,220.68162851355885,0.0707598962577469,-0.3002765533940413,-125.35538704220288,-7046.0,-344.06898571445527,-397.57595252435385,1.537448631078686,46370.54435393107,14392.2,-5038.0,14750.0,939.7687481503084,14.449552097339744,-0.9902325831339877,0.2099438658049151,2.4050821931085737,6.888065416693958,8.774964387392112,2863.226688027778,1451.4,-8.268214511244546
8,87,0.756521739,4157.009990754335,5090.926665763814,11237.2,4634.735137878036,2916.035536937782,-0.1376294975957276,136790.1452769433,16215.0,214.80539892297568,345.52583258436744,102.62650258767364,143489.97606988082,9.07158667991007,5365.924322860238,5308.20201787649,3949.239742635876,474.5343895296328,351.46959840953,307.318128811116,0.4672867379503517,0.940825742653558,-243.25875709860657,-334.0,386.66559142589085,515.1312410509045,1.8790476750558232,45042.34450141077,15458.0,-189.0,19599.0,911.493389992488,18.50813013402885,0.2508697129136118,0.1588762590582506,6.431146836017929,7.234993988402387,8.294576541331075,4560.16851633936,1488.2,-10.20932890914186
8,86,0.747826087,4275.668463767356,4657.953928052912,12484.8,4718.2660659023,2501.0498336753826,-0.0107811326468979,139555.37949472273,14869.0,-218.1673387879264,503.4466293380724,98.94908202678248,151073.39693498952,-405.91411658248944,5642.310953379578,5523.9496693015,4035.289421009265,541.0692828135608,492.9118399259375,359.1150404556827,0.8034348188765635,0.1820765160128218,-157.20907872521775,-1220.0,317.5594055624624,791.5178715702441,2.472400882127729,45724.47249958709,16266.8,-1463.0,18325.0,1391.1377717537537,20.33244053697941,-0.5078795137271244,0.1325824323871322,9.11627709006088,6.491888380450628,7.516648189186444,7802.294838684897,1512.4,-10.853775395384671
8,85,0.739130435,4343.653399606604,4383.026113373408,13266.2,4706.350776945438,2541.470961412231,0.039350109884228,138680.23404912563,13767.0,-493.0951534674296,525.3795413607069,180.58188874378223,133137.537521815,-365.49298884564087,4601.588391183504,4665.748141684442,4421.503664773942,522.1356786591876,496.3956117275221,361.6713458118284,1.0584928293309452,-0.2064521429832615,229.0051650394589,-3327.0,-112.40341888491184,-249.20469062582924,2.626457501545209,46949.9649942468,17285.4,-633.0,19155.0,1421.2066352223374,19.43022348557639,-0.8964081727232077,0.147787315016245,13.12191746888496,5.802859180452992,6.442049363362552,8318.331500241924,1468.6,-9.060645630487144
8,84,0.730434783,4327.050765644648,3737.73196275029,13876.4,4680.251824927635,2616.180234612504,0.1018595375806883,139778.00106880307,12385.0,-1138.3893040905475,558.9737914265203,357.05875368551244,136232.74496444617,-290.7837156453679,4460.520335604415,4381.950581654815,4807.444003581864,541.5700541181141,534.5517074377964,396.673954757289,1.8291816814555235,-0.106875874385635,614.9455038473816,-4491.0,-511.83662383912633,-390.2727462049188,2.701018616534136,45682.829573023264,19311.4,4940.0,24728.0,1420.1717149697067,19.05065487002044,-0.7968319041255811,0.1428322951973163,17.246350431672973,6.705084902841955,6.442049363362552,7247.836910700811,1458.2,-9.337925675268124
8,83,0.72173913,4429.88608666873,4279.791763403222,14439.2,4703.903772813814,2425.761513442232,0.0841281682486242,139588.962387293,12745.0,-596.329503437616,554.6637508420699,341.5687782291932,134011.15644533344,-481.2024368156399,4474.895381648033,4554.1815194485125,4344.529279575785,444.22759252008734,499.4775456489754,378.0550173627298,2.0322211992943418,-0.3889334000543618,152.03077984130232,-4232.0,-225.80924628356297,-375.8977001613002,2.8243520712510017,47046.752338441096,20098.0,-1105.0,18683.0,1094.2025863614097,19.630967165882307,-1.078889429794308,0.1374734778134166,21.775866861068444,5.898348410132448,1.9999999999999627,7350.815255978512,1427.4,-8.529280639166261
8,82,0.713043478,4254.265817333124,4212.825319085782,13653.2,4540.810586640698,2391.2881712815347,-0.1979829321356868,137313.45273283005,12709.0,-663.2959477550557,502.3277020968844,301.22371168284803,132112.42779756605,-515.6757789763374,4572.216199168893,4514.146408429801,4127.4228728538055,327.8659977463992,456.3736387431093,326.1514228196737,2.096834723377087,-0.4697297592679975,-65.07562688067719,-4264.0,-428.8003394396874,-278.576882640441,2.1606522716747154,50259.76350971559,19862.8,-1365.0,18423.0,1363.7885833222094,20.47899807074601,-1.1596857890079435,0.1844444351105357,21.722278982349227,4.829216900158339,2.607680962081036,7592.4875532416445,1372.0,-8.748385981541865
8,81,0.704347826,4148.11579367093,4127.203809741945,12948.8,4396.59414098875,2307.9686363934447,-0.2835864199945651,134134.38319466403,13223.0,-748.9174570988926,137.44334539072992,268.0317891880196,135178.04924415945,-598.9953138644273,4251.577187356848,4341.100167964575,4185.274338405178,217.89958350722395,131.7435048293532,162.96169830235115,2.0195437365626754,-0.2459409232815699,-7.224161329304479,-4742.0,-403.52282269727857,-599.2158944524854,2.201992228153882,50260.277283142495,19613.4,-2710.0,17078.0,667.6155330727407,21.001799149573127,-0.935896953021516,0.2236156518677608,23.39894611270781,5.490444179399036,2.588435821108932,1707.8298495413844,1353.2,-7.818547579563511
8,80,0.695652174,4322.93241075398,5257.109198788659,13591.2,4475.769653272326,2774.7588569447034,-0.0830031438954666,135098.26616401193,16655.0,380.9879319478214,336.73504907733616,296.10946708906886,137956.95236855448,-132.20509331316862,5145.970703098236,5105.404798772216,4079.3559085809534,490.5858010064523,307.143339778836,319.7697272951233,2.057259599578796,0.796464237512231,-113.14259115352934,-115.0,283.4741425329703,295.1776212889026,5.602782454097672,45766.693548798045,19694.2,-229.0,19559.0,677.9961651808953,18.38376781113572,0.1065082077722848,0.2321272854954969,24.91399013187212,8.206065544964492,1.9235384061671048,2083.716005374337,1422.8,-8.239896305162691
8,79,0.686956522,4533.260623702538,4789.373027493086,13846.8,4619.854144915213,2354.3911423950126,-0.0909152647442322,136841.36190839292,13085.0,-86.74823934775213,415.5916360690995,112.9819692269274,144948.22368635106,-552.5728078628595,5176.251895233448,5121.244509516838,4302.1347707252535,439.3138778780756,361.4935171920468,338.18199815023075,1.5275747117825529,-0.1464364786294627,109.63627099077075,-3213.0,208.58583437530888,325.45881342411394,5.640748484637024,45184.78262008088,18679.6,-133.0,19655.0,495.9699587676659,21.02665812145368,-0.8363925083694089,0.2298305889776304,23.20813337207955,8.402001815950886,2.863564212655247,4713.63827299358,1448.8,-8.39734170879677
8,78,0.67826087,4551.977111588333,4373.374202832194,14063.4,4679.947115362739,2461.748480990114,-0.0531512438047601,136799.2357244706,13814.0,-502.747064008644,391.58456762297845,175.71980131282962,133800.52552572195,-445.2154692677582,4772.003760996828,4839.91303921248,4519.664821501723,427.2251601529445,349.6933440481276,339.8639513080052,1.5268714887189971,-0.2001132953570014,327.16632176724033,-3149.0,74.65560595406714,-78.78932081250605,5.533380125989788,44525.65823835034,18792.0,-543.0,19245.0,195.5538289065188,19.266450813543955,-0.8900693250969476,0.2302794223604314,22.109386266165604,8.515506738947675,2.863564212655247,4843.65313378682,1461.8,-8.04099615319902
8,77,0.669565217,4557.668098812597,4241.280255207103,14062.0,4730.687515677772,2451.704116734378,-0.0286032026408975,136319.04625920847,12610.0,-634.8410116337345,373.54136021862337,173.16638673150493,129711.48047125545,-455.25983352349385,4808.284576173919,4744.950140093846,4399.415674386349,427.7040540352384,318.9923961074171,284.1218255835164,1.5394062420385588,-0.3469895534486847,206.91717465186596,-4271.0,-175.0983378645251,-42.50850563541462,5.66590478095476,44400.38852062948,19066.0,5.0,19793.0,170.19900117215712,19.761968520402107,-1.036945583188631,0.2373568581966144,21.980322034149587,8.392654537403624,1.9235384061670957,5470.306384429911,1462.6,-7.951994739554177
8,76,0.660869565,4612.803686840151,4402.881749879714,14142.6,4803.881126097015,2302.4010297332,-0.0844611400168877,136650.01695739903,12583.0,-473.2395169611236,225.70884861371204,173.92001919250447,136832.90273511232,-604.5629205246719,4690.485880306451,4765.791369036604,4469.611000423805,371.7853865836705,184.1249206643653,184.6867894909093,1.5417831455170377,-0.5252306101615206,277.1125006893226,-4339.0,-37.55477060106023,-160.3072015028829,5.758949825830814,44136.92591689905,19329.8,-1391.0,18397.0,211.8270520967516,19.736025490437363,-1.2151866399014668,0.2275316142508731,21.1646915051436,8.17058793659584,2.5884358211089253,5402.474037981972,1527.8,-7.713949375622106
8,75,0.652173913,4429.782054670934,4342.001037942568,13218.8,4719.029973415085,2301.0366079643663,-0.3395354605222679,136835.8811179095,12236.0,-534.1202288982704,186.65924038267823,105.96867473890882,138886.27317110676,-605.9273422935057,4877.993387921424,4827.243916503287,4271.724418074451,223.78227117460432,151.52287803022676,158.10229578694012,1.6721425851829317,-0.4789073650146702,79.2259183399683,-4734.0,-140.78162087667988,27.2003061120904,2.395748119515324,48005.36240793371,19240.4,-676.0,19112.0,194.63684132249944,20.123169158265632,-1.1688633947546163,0.2285889701721422,19.078571848875708,5.924073758601099,2.4083189157584246,5388.008388353543,1434.4,-8.078691155622085
8,74,0.643478261,4328.441837125314,4282.671939764992,13026.8,4606.139016410876,2239.052808218669,-0.3543347163865087,134758.93282510064,12773.0,-593.4493270758458,222.67608631539207,107.39159151537132,134563.48222230672,-667.9111420392032,4312.763280982622,4391.911358710119,4295.604976766048,85.60327871968944,184.4313020895484,160.89576396968397,1.6607757411407582,-0.2204327579506668,103.1064770315652,-4173.0,-355.8689506457349,-538.0298008267118,1.476503423856702,49849.48935780735,18881.4,-1928.0,17860.0,276.1019739154358,21.502624089442,-0.9103887876906128,0.2435937180009277,18.99111217064646,5.39237073421217,2.23606797749975,2907.1925969400936,1502.0,-7.850338364147131
8,73,0.634782609,4469.917976871877,5080.754901565002,13634.0,4590.102586077172,2827.5814628003,-0.1882412497305191,135299.01493619027,16247.0,204.63363472416404,232.43973591916523,192.24874260402555,136500.9360811702,-79.3824874575721,4851.665065331772,4816.378332189523,3968.0420708934857,286.60023703191484,180.67531889710665,138.1720448572633,1.7431776728641737,0.6303540379229468,-224.45642884099695,-113.0,-5.5265457144532775,0.8719835224383132,8.908218762463624,44789.43388060972,18887.4,-513.0,19275.0,313.7430477317385,17.051589914944852,-0.0596019918169994,0.2467892409207741,20.574698816908597,9.546733256407563,1.516575088810253,2987.5843155288144,1549.8,-7.933528695124585
8,72,0.626086957,4550.971846992923,4646.549605812335,14201.6,4628.919657411183,2568.0266830890887,-0.1423291020818682,136657.00988537713,14562.0,-229.5716610285026,264.36887028395904,187.39896646610467,136501.45521718968,-338.93726716878336,4991.370969237903,4951.389117328799,4364.154137214509,286.9741351918838,211.7815214409581,153.32036840485384,1.603800020685815,-0.1174288152054299,171.6556374800266,-1433.0,18.987018805524716,140.57788742856974,8.902133605632931,44765.325860899306,18663.2,-1116.0,18672.0,590.4011348227576,19.170668439911783,-0.8073848449453761,0.2275810008006261,20.40377921509898,9.55370491193301,1.8165902124584397,1304.897075888381,1596.6,-10.705889702939007
8,71,0.617391304,4563.49463911342,4465.495710482201,14392.8,4650.873132206312,2487.124596310504,-0.0906523095577375,136628.4557131369,13605.0,-410.62555635863737,262.6177201091975,194.28944241007565,136690.1318739112,-419.8393539473682,4756.2778489958255,4827.690168622424,4495.145440076568,279.21987552107373,214.6849752098388,171.96466511941242,1.5748850330944406,-0.2668466475408672,302.64694034208514,-3383.0,72.21260337458625,-94.5152328135082,8.985853212496762,45553.262313577405,18856.4,-425.0,19363.0,734.2673218930555,19.361189417834822,-0.9568026772808134,0.2141023178649281,20.518391516885924,9.405381831468784,1.732050807568822,1279.86262983874,1556.8,-8.740457195907993
8,70,0.608695652,4558.751012535062,4318.282905050781,14480.6,4649.719867552061,2464.420771354476,-0.06839329335016,135474.6350711451,12744.0,-557.8383617900572,257.7351127485645,198.2964149391709,133117.16996114785,-442.543178903396,4826.957842001227,4758.759457433032,4369.880495987006,287.3632324345929,211.71952388387,172.47437318450432,1.5767302551665712,-0.3676122839767831,177.3819962525231,-4295.0,-146.54794414793378,-23.83523980810696,9.238729948936202,46075.48377364907,18958.2,-167.0,19621.0,788.588422435937,19.944735406332832,-1.057568313716729,0.2008226386028229,20.299260793705603,8.945717858060316,1.732050807568822,1697.7496954230942,1585.2,-10.173438703555004
8,69,0.6,4603.664685621361,4507.240305196488,14651.0,4738.281961142479,2368.1712195072405,-0.0987741687262904,136135.1361895565,13592.0,-368.8809616443496,95.28530747469672,238.8937239515148,137865.9878143635,-538.7927307506316,4761.789214415348,4848.937923626801,4597.227354591707,237.80518353032164,70.34730277225681,92.87753091811386,1.5936781406492355,-0.3723371348313185,404.7288548572242,-3321.0,86.94151730635622,-89.00386739398527,9.229338267652317,45994.29869892385,19204.0,-699.0,19089.0,799.2579683681607,20.370082390035616,-1.0622931645712643,0.1795624264668242,21.652734534323884,8.982928364592013,2.049390153191871,1753.3539255135256,1498.8,-10.81719070611616
8,68,0.591304348,4432.819494276832,4226.528944842354,13830.4,4649.967312040065,2261.8040436396354,-0.2918784241960209,135136.36689401948,12765.0,-649.5923219984843,152.0896373030333,152.35178581500816,131507.0896034852,-645.1599066182366,4568.45182012848,4503.698626596766,4193.172661439254,143.87320123774086,168.2085644539509,223.5952657170372,1.7337900750400976,-0.3351672394257056,0.6741617047709951,-4216.0,-447.0997912265239,-282.3412616808537,1.4973245071050247,51474.55774661712,19114.6,-960.0,18828.0,675.3265876596301,20.17312757081126,-1.0251232691656518,0.1689769214447899,20.01661454567326,4.749572529330334,2.049390153191871,2497.299818183237,1451.4,-10.141886189604168
8,67,0.582608696,4324.133974717724,4103.122008016797,13179.2,4576.144508051843,2276.662339487122,-0.3493400019915443,134698.2992138188,12269.0,-772.9992588240411,213.55702903365545,167.76742451239335,134311.1168161863,-630.3016107707499,4302.286237831648,4378.544531399122,4249.100504495109,158.33525902595963,210.44957462057192,241.66662240256036,1.730281880794892,-0.4047367041830474,56.60200476062619,-4689.0,-350.1270011355864,-548.506843977686,1.2960996753939698,50418.61335884218,18961.4,-1882.0,17906.0,643.8813555306599,19.98551581035764,-1.0946927339229937,0.1806911667712463,19.68211057218015,5.20016372768334,1.9235384061670864,2356.9916299282686,1477.0,-8.261773454250992
8,66,0.573913043,4503.48814021142,5362.266537950677,13867.2,4626.253305157,2789.0400603207463,-0.15406934483879,134981.4742466965,16427.0,486.1452711098391,333.57156091763574,192.73919618104367,138106.00703829987,-117.92388993712576,5205.051527475386,5155.997165509592,4096.602535381795,437.6498736953969,304.62143664535324,315.692300300424,1.764399936983298,0.7095066382229047,-95.89596435268776,57.0,322.7565889003717,354.25844566605247,6.778839902190958,46414.26930393388,18948.0,-492.0,19296.0,439.7030816357788,18.32981936791777,0.0195506084829585,0.193209965218489,23.8271576332592,8.208530726896825,6.534523701081799,2849.3634738424485,1551.8,-8.175760251949082
8,65,0.565217391,4580.271017376461,4702.197290875991,14123.4,4652.097052589856,2610.872853951919,-0.1063420452830994,135938.98770733498,13278.0,-173.92397596484716,349.70736430519065,189.1216152900604,137904.73726434016,-296.0910963059532,4971.973001326792,4912.689376407788,4305.565799621084,445.64180522675576,315.92579035576944,316.91327758411336,1.609964507944039,-0.1289757861983301,113.06729988660118,-3014.0,-17.32920698365433,121.17991951745807,6.818169049252649,46852.74461146878,18920.2,-306.0,19482.0,334.9720883894656,19.22990906524084,-0.8189318159382764,0.1899363261936147,24.110125366045864,8.158695281652786,6.379655163094614,2796.2290188234165,1574.2,-8.284746310695459
8,64,0.556521739,4557.229540139844,4392.032919013401,13905.8,4641.50512840716,2500.7520633334734,-0.1000943224366738,135140.82832663358,12563.0,-484.0883478274373,350.06963524452226,150.39324330284677,133875.19091085647,-406.2118869243986,4726.337735482618,4795.972583673205,4499.800577794458,455.73134333608255,313.07212530493206,310.72280708860785,1.5782364490332297,-0.3410985205991904,307.30207805997543,-4409.0,33.98189639287648,-124.4553463267157,7.182464421572173,47608.49414704167,18918.4,-708.0,19080.0,281.760004258944,19.3470985580952,-1.0310545503391366,0.2019709735084931,23.74615189395743,7.361704904617523,5.385164807134484,2778.79589852161,1611.8,-8.821959610970392
8,63,0.547826087,4562.322750258378,4251.994995435025,13813.2,4678.1349292047935,2455.414880822983,-0.1194533763411946,135289.45996465566,12272.0,-624.126271405813,335.16567660733307,147.1262668660014,132250.2477935955,-451.54906943488913,4744.782538125994,4683.288202076218,4223.82824441631,453.4489937235529,287.0604308851099,265.89342945036014,1.4803580449286788,-0.4319625089483097,31.329744681826924,-4679.0,-263.9507872383574,-106.01054368334007,7.216873727250321,47679.5798990224,19001.6,-544.0,19244.0,599.0898930878403,19.86768076707269,-1.1219185386882558,0.2057297139024267,23.35365067562013,7.302722389885797,4.979959839195472,2380.273905923068,1645.0,-7.986330402355096
8,62,0.539130435,4645.31932135569,4518.104863503352,13901.8,4749.846132765738,2368.0300490709024,-0.1423359586380328,136154.52438895038,12639.0,-358.0164033374858,219.3686800624941,154.94911774371045,138636.43893765975,-538.9339011869697,4686.807534170463,4770.793421491277,4394.859594464427,374.8250431386543,182.75983725666293,208.54287927817015,1.453368129230061,-0.5191496156672385,202.36109472994397,-4246.0,8.429016669138946,-163.98554763887023,7.209902999001013,48059.20111228105,19193.8,-921.0,18867.0,662.1474911226352,20.70456650294587,-1.209105645407185,0.2134566701533621,23.320628481255767,7.327077301531654,4.5607017003965264,2731.4950985902046,1592.2,-9.034191219174998
8,61,0.530434783,4312.410158821202,3697.720725278237,12920.4,4772.637529447175,2735.114242576452,-0.2769384523222866,134548.45385620385,11942.0,-1178.4005415626011,256.96198965361214,174.64398454049066,130075.65437456734,-171.8497076814201,5300.263752063475,5143.721577293785,4040.1804686442993,443.26369672009366,177.86942356915037,252.03491464727068,1.2899008294241534,0.0364941698016359,-152.31803109018347,-4850.0,436.71357230755166,449.4706702541416,1.2161801953790257,51279.19491775807,19432.0,699.0,20487.0,714.990419516234,16.16874720768197,-0.6534618599383103,0.2511905662325412,18.970599428257373,4.469973243619494,3.768288736283333,3543.930754537388,1506.2,-12.812208283512264
8,60,0.52173913,4222.420385628248,4252.248424911222,12628.0,4710.648482280315,2284.99776738801,-0.3296270788507546,133988.48615819475,12511.0,-623.8728419296158,367.3972347803015,174.50611617142087,135104.89877429456,-621.9661828698622,4267.6421398297,4527.827904845546,4293.142997063916,363.3568763690124,226.6516401106473,302.57636451636955,1.322336478823241,-0.3924189188406699,100.64449732943284,-4476.0,-327.27444281795306,-583.1509419796339,1.1921338503644792,49751.157887252055,19152.4,-1704.0,18084.0,718.1788078187774,20.87346342058957,-1.082374948580616,0.2935350057935129,18.47631846820301,4.784750769896737,3.049590136395356,3192.221651457005,1502.8,-11.016692373992298
8,59,0.513043478,4427.417633264134,5417.019157192829,13470.2,4784.848619434201,2882.441568977965,-0.1090770790587655,135079.4948633212,16568.0,540.897890351991,431.0153373114213,151.73175564148767,139330.23443648886,-24.522381279907226,5254.375150306078,5159.299819632706,4060.834069839541,643.250244252303,282.64645496892746,359.9213204026354,1.321435776021851,0.7616514783607548,-131.6644298949418,-198.0,404.9825821623108,403.5820684967439,6.823579040142809,45524.65650579774,19205.4,-443.0,19345.0,895.67388038281,18.74354153079288,0.0716954486208085,0.2963840063075101,19.748363046456543,8.209375027438787,4.277849927241473,4012.410794025865,1587.2,-9.166788790430552
8,58,0.504347826,4588.438529170565,5057.099474967185,13954.4,4897.95411495486,2646.541133939496,-0.0311386030184544,136400.93182250948,15002.0,180.97820812634745,448.41630611988353,152.4789889513361,138857.43258953685,-260.42281631837614,5183.977717357335,4962.421713857116,4240.181633453638,677.5503418604771,266.88884951504616,322.8473446427501,1.2037757357307677,-0.0422701287467541,47.6831337191552,-2258.0,301.5766903649356,333.1846355480011,6.698589223901275,45137.639345660704,19043.4,-1354.0,18434.0,838.6400896689829,20.50950203917254,-0.7322261584867003,0.2853543908373023,19.55845273998046,8.376261945046137,5.167204273105513,4127.672907115584,1574.0,-11.112726688033788
8,57,0.495652174,4638.63567441896,4769.090589745322,14113.6,4951.683775406547,2451.7200502190094,0.0173573604437149,136850.65158750067,13511.0,-107.03067709551578,428.32850029528186,187.3281288256088,140885.03776261568,-455.24390003886265,4896.62342092819,5130.449334594339,4497.7539403899045,683.1942534713413,267.50899575944675,312.4882523816677,1.1443698352267258,-0.2766697983563917,305.2554406554218,-3450.0,277.07731892757783,45.8303391188565,6.643553127212219,44868.73002722301,19054.0,-868.0,18920.0,861.677723978054,20.61791982069878,-0.966625828096338,0.2906535127384981,19.12138311551596,8.498228312810294,5.357238094391539,4591.9301477346,1608.8,-13.209944017601988
8,56,0.486956522,4807.379068219913,4541.437694283011,14252.8,4862.953338215493,2479.12606816142,-0.0636520176589192,137524.25582544025,12819.0,-334.68357255782666,389.4973514433211,168.30107623392755,133443.67556426543,-427.8378820964522,4870.623259899987,4624.512771996216,4130.283075308309,449.3374699243405,290.1815960875901,297.7153642373875,1.3984984279966974,-0.368552720711535,-62.21542442617374,-4154.0,-6.938613647721468,19.83017809065313,6.875532078583605,46266.51804188466,18691.8,-1112.0,18676.0,899.1014959391401,20.22740753141038,-1.0585087504514812,0.2504587845508216,19.0620430283529,8.13014047627601,4.266145801540293,3340.215989396268,1668.8,-12.097951289961378
8,55,0.47826087,4875.439222484804,4592.549196235674,14290.4,4933.750119562245,2410.420796184386,-0.0732709574075146,138302.80998980213,12818.0,-283.5720706051643,247.4502012802182,197.47491482252957,138997.66959610383,-496.5431540734862,4649.040243143286,4884.963015855578,4471.139299880798,377.35443347902793,216.02505167819243,181.05763839965687,1.3527334152497912,-0.4405136175836469,278.6408001463151,-4288.0,26.709463915809465,-201.75283866604784,6.831384845861195,46652.57822768912,18829.4,-1016.0,18772.0,936.8715493598892,20.89564017637379,-1.1304696473235931,0.2175414138330405,18.89333126317554,8.223111724482754,4.527692569068695,2932.785754251261,1698.6,-13.638376189442676
8,54,0.469565217,4765.479336515365,4867.2197273456295,13563.8,4847.479961661139,2358.1042193571493,-0.2749637210182127,138541.19672987674,13244.0,-8.901539495208453,191.42401375307512,201.7068908379935,140522.16813686182,-548.8597309007228,4849.148432428304,4588.745828082637,4045.831515202757,190.90130975387623,229.62855930715745,161.0336923960648,1.551342347868659,-0.2468123396927358,-146.66698453172555,-3831.0,-26.36820734322191,-1.6446493810299216,0.938819836399112,50722.33215529961,18768.2,-749.0,19039.0,1355.310776169067,20.58273779150684,-0.936768369432682,0.2399239723649104,17.020649049730686,5.2690810799339,4.037325847637256,2958.9003397196625,1603.8,-11.705629237590236
8,53,0.460869565,4601.535673439176,4237.381159586244,13139.6,4728.124361980675,2271.364372625406,-0.3429829265504414,137679.2748518411,12600.0,-638.7401072545936,256.19245071396114,200.70038016489303,134547.82319935874,-635.5995776324662,4287.113401274858,4555.706668193442,4296.117995895063,216.35184015377132,246.0793565324136,203.254917603582,1.5824626429240256,-0.3823661564078976,103.61949616058064,-4379.0,-295.201308037389,-563.6796805344757,0.8823262070910133,49766.03201109504,18675.8,-1816.0,17972.0,1286.9244344560395,23.270631910487666,-1.0723221861478438,0.2668522397466127,15.88388706801906,5.473357873681538,3.701351104664332,3486.563496669032,1687.0,-12.380722256107743
8,52,0.452173913,4719.77921328438,5360.30828897134,13695.6,4750.0805002303805,2919.5864188905075,-0.1717375388846275,136687.55454457257,16202.0,484.1870221305017,344.98994892922155,179.9293930586959,135926.43622627304,12.622468632635446,5230.585080927031,5124.216392428886,4065.352282594394,424.11921871072445,243.7182546430132,243.3170442285072,1.6225792180385497,0.5795571399726778,-127.14621714008854,-670.0,386.85801017610993,379.79199911769774,2.599752590874301,47322.54857544588,18636.8,-1063.0,18725.0,1285.848085895063,19.597901925052515,-0.1103988897672684,0.2491314731464423,16.233246162849056,6.372807465619946,3.3615472627943066,2775.753318979029,1740.2,-8.872828064557586
8,51,0.443478261,4804.906137480744,4967.072315264836,14043.4,4937.427279430072,2661.855610577979,-0.0852683333197523,138666.03538689396,13843.0,90.95104842399816,426.1971762780587,382.579661862793,143336.0797758722,-245.1083396798931,5325.581277280748,5803.670061604185,4979.835505966201,414.2975123114903,510.07615166181216,472.7363408156888,1.5250380832387898,0.063793307112841,787.3370062317181,-2415.0,929.7952823507358,474.7881954714139,2.2477073230903315,45453.94162941955,19356.0,2484.0,22272.0,1281.1580698727216,23.458113971862627,-0.6261627226271052,0.2420363239473423,15.65566804041483,6.847996323368669,4.159326868617068,4007.558605267407,1705.8,-12.061274606965336
8,50,0.434782609,4791.907323403612,4527.555125850011,14230.8,4918.533376862174,2603.759247855501,-0.035413127382362,138412.1701711441,13247.0,-348.5661409908271,414.45176905266027,380.1449975615349,137728.34351735472,-303.2047024023709,5083.555770408328,4701.280672918882,4268.176009203759,404.3745291185962,526.0288632880432,483.3795213364438,1.5488552820370658,-0.1912375878966956,75.67750946927663,-3351.0,-67.76004892368019,232.76268859899392,2.642027925369577,46184.58026004559,19384.0,-876.0,18912.0,1191.0355998038,21.4729986300502,-0.8811936176366417,0.2469250971176063,15.184045655732572,6.435148453372896,4.774934554525313,4010.9040884562346,1691.2,-12.959747394765984
8,49,0.426086957,4776.7160139768885,4791.263180212014,14165.0,4980.389164878805,2459.5683609290945,-0.0816427585378255,138609.44329995548,12499.0,-84.85808662882391,443.831463524349,345.2405331052101,141508.53378091872,-447.39558932877753,4602.69335689046,5106.829434628975,4425.26244558788,403.95821983452026,485.37085161180585,469.07218913070886,1.3138929079854749,-0.4779604954700531,232.76394585339767,-4160.0,282.91073273993425,-248.099724918874,2.5972934631579587,45569.550438670194,19365.8,-840.0,18948.0,693.5187812885806,23.582023364516,-1.1679165252099992,0.2119735589957744,13.94780106744145,6.623781976812912,4.816637831516903,4160.092364086206,1761.4,-12.97253107517254
8,48,0.417391304,4905.036622180303,4878.984200603319,15206.6,5091.345851072312,2802.6063760026964,0.0284292229612834,140301.3971517881,17396.0,2.8629337624806794,351.1297474873796,346.2944065892062,143007.59245852186,-104.35757425517568,5539.99532428356,5035.908446455505,4585.775340800931,257.13362086473165,401.2739066966507,362.069862478124,1.3290928592425255,0.1679937510876471,393.27684106644847,829.0,259.58212293015004,689.2022424742263,2.741940895686376,46336.240505289854,20517.6,3943.0,23731.0,357.5311175268492,26.156821512775963,-0.521962278652299,0.1972184311427064,25.51023059040052,6.40127136748328,4.999999999999986,3445.8066008327364,1700.2,-12.368667031319482
8,47,0.408695652,4684.765494421372,4258.952650176679,14057.2,5028.460777210519,2466.477777750374,-0.1866009950498248,140737.61077579146,10271.0,-617.1686166641593,460.67227093530335,288.4029263994771,138107.50434628976,-440.48617250749794,4464.744522968198,4905.295971731449,4308.456745175645,277.63637439695253,417.0225446915496,382.5885323842846,1.1120698586396176,-0.4955939500828636,115.95824544116203,-6417.0,72.43264086714225,-386.0485588411357,1.3336091555596477,49116.860692072616,19687.2,-5215.0,14573.0,492.57557795732976,20.548443783154426,-1.1855499798228095,0.2149218886583806,22.316005538547763,5.574099590964337,4.929503017546483,2656.676491188859,1701.0,-11.878324610584912
8,46,0.4,4436.253379764172,3724.5117419788335,13148.8,4732.167826514311,2421.828218662718,-0.2673508351367367,138824.95787117974,9810.0,-1151.6095248620045,434.3389183475367,239.4131762009406,133772.8152528137,-485.1357315951541,4711.958172350076,4219.589282714598,3938.1090160684894,428.8840701735451,356.12955872125013,339.70370216893616,0.9183241644260672,-0.3399558933217182,-254.3894836659933,-6957.0,-551.6694711303116,-138.8349094592577,1.2675781788739109,50719.37460101653,18155.2,-5176.0,14612.0,503.3888159266127,18.57430415961272,-1.0299119230616645,0.2334525132223086,19.654988342185234,5.443750386533289,1.5165750888102894,3665.155906257616,1792.2,-11.41715542326035
8,45,0.391304348,4563.500450056318,5163.790477310748,13052.8,4779.339911289307,2824.395940794023,-0.1745737174787068,139347.92241216722,12757.0,287.66921046991047,427.3652434788675,348.11427211822155,140343.16622229194,-82.5680094638492,5015.108440506065,4918.96511658302,3747.425466905148,500.52750193374754,355.2993819529754,344.4414439879362,0.5722833858250422,0.2726480003934539,-445.0730328293348,-3831.0,168.10037495130382,164.31535869673098,3.6130398258564393,46386.27232751298,17357.6,-4864.0,14924.0,910.6301664232292,18.36252655571616,-0.4173080293464923,0.2203471924107316,17.176349957440497,7.441168894473668,1.949358868961784,3707.1642443463975,1958.6,-6.695539945506928
8,44,0.382608696,4581.825329354177,4882.887576701304,13556.0,4792.830431146796,2732.806374149276,-0.0678492586414555,138748.885502735,14518.0,6.766309860466208,416.3289302605098,372.6629475928045,138513.34923375782,-174.157576108596,4682.92331411304,5163.791804138016,4553.659617217567,508.1397455927715,366.8277634581146,357.1146203319579,0.5167800864308797,0.0556617987162031,361.1611174830841,-1644.0,350.36333202738024,-167.86976769629382,4.049831592808953,47330.41505380729,17513.0,-63.0,19725.0,911.1461463453584,24.225805271552,-0.634294231023743,0.2284510372155356,16.752234716056485,6.824389386135567,2.19089023002065,3549.796609304691,2000.4,-11.016138401366474
8,43,0.373913043,4562.713374441888,4783.424426041877,12508.8,4788.95253912017,2638.3051431000995,-0.1461711660821956,139105.8712997265,12239.0,-92.6968407989607,373.9597322249889,324.4422044450144,144792.52144347943,-268.65880715777257,5430.816636369757,4987.769979128796,4319.67763606186,496.0882608824009,361.27600293160447,354.49800873119176,0.4328198611275052,-0.2236157861160534,127.17913632737692,-4407.0,240.19266279701424,580.0235545604237,3.8945838202655936,46920.069230500274,16439.8,-1423.0,18365.0,1076.8493395085488,23.849056590103647,-0.9135718158559996,0.2205560521992683,4.959866138593575,7.120998277838046,1.9999999999999811,4235.169445915608,2014.8,-7.145057170215035
8,42,0.365217391,4673.726540678598,4814.018481360228,13177.4,4829.57435320745,2539.484213005998,-0.1017804813162204,139790.43816729402,13459.0,-62.10278548060978,345.1793858351738,336.0175162816837,141530.33868412714,-367.4797372518742,4583.382863378744,5086.861336994402,4397.9773433603405,464.9530111145744,378.3181062727035,368.239183110328,0.5957510900280198,-0.2736405262529875,205.4788436258577,-3074.0,275.54171130354644,-267.41021843058934,3.9619552892091714,46895.63240271618,17232.0,-1254.0,18534.0,1001.800628867839,25.44184713653333,-0.9635965559929336,0.2184262742645691,5.903898810547739,6.885088125114834,1.673320053068128,4283.175196590564,1999.2,-11.942554317338784
8,41,0.356521739,4880.016062321056,4755.95935019112,13763.8,4906.412545300535,2391.8240900561427,-0.1270388075860115,140843.17813790153,12633.0,-120.16191664971755,334.95154753837426,311.0582728692994,139036.51510585123,-515.1398602017293,5037.226073213761,4582.712180241106,4115.158125925189,103.49887694567,224.5598130718434,201.51702112003724,0.7951720867297005,-0.4662475246706734,-77.34037380929385,-4025.0,-167.4785106648842,186.4329914044274,4.048297239453503,45701.5158616147,17961.0,-1531.0,18257.0,929.8137985639908,24.027901558043148,-1.1562035544106195,0.1999892214285684,7.151519257995029,6.7049008208440295,2.489979919597724,2506.0013599910158,1940.2,-11.451858263173444
8,40,0.347826087,4776.34198090578,4645.420070234369,13878.4,4884.406868351039,2424.836263032979,-0.2558844633670991,141111.14198482415,13284.0,-230.70119660646924,426.8273541205369,158.2716401481435,141682.9854569051,-482.1276872248932,4336.434842354378,4884.50683258264,4368.8717863755255,98.44244688972503,226.19720701968456,208.1317562546021,1.1840838393277795,-0.3715802785119844,176.3732866410428,-3258.0,58.07199020381904,-514.3582394549558,1.0004642054083053,49761.80571261684,18794.8,-695.0,19093.0,976.0049692496434,24.68129086808501,-1.0615363082519305,0.1929630938675106,8.740503317763467,5.023599409959019,2.28035085019825,2500.189605915321,1825.2,-9.232532455295964
8,39,0.339130435,4649.381403034746,4248.084687346135,13335.0,4708.395755026349,2374.187708519177,-0.3544689683400194,140805.16524870397,12305.0,-628.0365794947029,426.91880515767537,201.8174668794489,136983.46555315683,-532.7762417386953,4681.737719198576,4225.73593909783,3922.8876831581015,193.73612418383905,350.3135653156138,332.6286468435857,1.3553510285962609,-0.4372607261483983,-269.61081657638124,-4361.0,-529.6922345960675,-169.05536261075758,0.7024998477315735,48798.86797092938,18390.2,-2086.0,17702.0,821.241438311534,25.016891207822223,-1.1272167558883446,0.2103403791047199,8.835966622017642,5.667785337738997,2.40831891575844,2884.166416347553,1945.4,-9.560682682915196
8,38,0.330434783,4808.351940502269,5578.277113379491,14129.2,4745.253419323492,3018.473076970859,-0.1878036536958752,139932.36563420965,15732.0,702.1558465386533,369.4154826948303,197.01827987453692,140428.5233710079,111.50912671298693,5264.400810048986,5182.085588790674,4134.433839644747,390.9112722349903,391.1914951311732,376.6166042382946,1.304615839434,0.6097107871046679,-58.0646600897353,-436.0,424.4809842827335,413.6077282396527,4.955027282661161,45617.564391566615,18504.4,-852.0,18936.0,856.4196985123573,24.209068267110247,-0.0802452426352783,0.200177620978312,9.507518911758453,7.767657974791073,3.4351128074635264,1641.1094118576395,2081.2,-6.978954438658446
8,37,0.32173913,4883.648305125707,5190.50030447742,14485.6,4783.676147460384,2730.608072948716,-0.1219118326999745,140308.99312510126,14812.0,314.3790376365823,352.67891127207673,240.7248583964225,143413.4761385853,-176.35587730915586,4810.757091118874,5263.673407903593,4541.097360314753,418.2801986394728,430.4848218761329,417.7545037852693,1.2562653823904166,0.0558185787265154,348.5988605802704,-1292.0,467.65535198800353,-40.03599069045959,4.906308131912883,45176.60504083421,18725.0,-151.0,19637.0,756.6595667801981,24.903918525058195,-0.6341374510134308,0.1821576740412828,9.892560834427702,7.860684160025713,3.999999999999993,2409.001388069627,2092.0,-9.507212418638485
8,36,0.313043478,4911.0999379504,4893.217514314584,14385.2,4849.156614424264,2685.1190740751026,-0.0720399984548959,141150.67253572625,12145.0,17.09624747374619,419.9944624337073,234.11325998598977,143244.91215897608,-221.84487618276944,5347.531559447625,4920.714718760525,4260.442853105563,418.06490722,408.3574917457639,400.320304258224,1.1653216032827824,-0.2168883534452804,67.94435337108007,-4527.0,159.9238241545163,496.7384776382914,4.781621893824274,45129.4197497744,18798.2,-1165.0,18623.0,756.0253302634754,24.686698530668554,-0.9068443831852266,0.2019255077076798,10.251119363312036,8.040131744118648,3.4351128074635264,2582.335794792468,2089.6,-9.537317147795736
8,35,0.304347826,4923.03451936705,4705.092977317621,14131.4,4864.227434353577,2642.275924932354,-0.0560107833369776,140536.02101344813,12555.0,-171.0282895232167,388.1103841512833,233.3892757275456,138609.7278455146,-264.6880253255181,4437.193379197603,4933.941488999387,4363.281441531692,405.3813136903607,408.6278865394801,399.0064192581278,0.9981955675774128,-0.2914342029223927,170.78294179720888,-4527.0,133.42608985038532,-413.5997026117311,5.1563934546006776,45716.3806094801,18676.0,-1306.0,18482.0,943.3664717383148,26.68261060058625,-0.9813902326623388,0.236001741432382,9.77335764501638,7.621190741995133,3.3615472627943173,2720.9548049849805,2104.4,-6.419112512566551
8,34,0.295652174,5023.903037733226,4752.427279177013,14177.2,5048.691559073245,2560.5301806556304,-0.0380678679443346,141510.2965087054,12267.0,-123.69398766382528,472.0326895876542,158.646044659669,141854.84302944306,-346.4337696022417,5629.159595601277,5146.230507272082,4447.430063079139,293.7574245801739,153.95908001312,156.78940824836505,0.841234801614599,-0.347546149185183,254.93156334465584,-4132.0,392.62838900227325,778.3665137919434,5.229698117824268,46105.0946707416,18776.6,-1583.0,18205.0,856.8415839581997,28.046877045418643,-1.0375021789251293,0.2043473566739643,10.193570717030918,7.405449253834623,2.16794833886786,1916.192026683207,1939.6,-8.093230778880475
8,33,0.286956522,4830.18452319773,4609.684540702016,13338.0,4986.761964576601,2563.620055669673,-0.2566056669078057,140213.1486530251,12006.0,-266.43672613882154,559.8792523615093,104.7230098699368,133942.78409260642,-343.34389458819896,4351.45220313667,4908.74790888723,4437.023119008861,221.39766920019687,161.1495573551034,164.02881966563314,1.0000074594836723,-0.4829782077126877,244.524619274378,-4632.0,114.83301179951376,-499.3408786726641,1.5457052673787963,51627.31895962505,18873.6,-367.0,19421.0,838.5276978132546,24.503765600147645,-1.172934237452634,0.2241349265746524,9.142721440644246,4.634807376020821,4.669047011971486,4056.156102178041,1815.8,-8.642039099023924
8,32,0.27826087,4702.719153840799,4553.173457692764,12841.2,4856.648381625544,2370.471295737371,-0.3443403655316398,139693.18808127768,12759.0,-322.94780914807416,560.8150015117124,165.7058692754583,140813.67327984824,-536.4926545205012,5090.645338497411,4576.540489270047,4046.331479380486,142.7055142347714,204.25164776127556,204.82862074070135,1.2691309541656774,-0.3828549143926552,-146.16702035399658,-3776.0,-182.912562767282,239.85225668807743,1.456590282145801,52599.81198023488,18649.0,-1274.0,18514.0,981.9513735414788,26.50703896628898,-1.0728109441326017,0.2353642402943484,8.722662896617397,4.542700229777513,17.1697408250678,3685.5775407085193,1845.4,-7.175877899415238
8,31,0.269565217,4882.795866005104,5793.601075136106,13672.2,4940.065943539959,3163.29985854551,-0.2045596723740728,139428.15019769216,15968.0,917.4798082952684,576.3427348985941,163.3949052841658,141919.72274104852,256.3359082876377,5433.513007226999,5343.604503503791,4336.767487348878,456.1282469769094,287.1420405318847,290.3903357693212,1.2475193751074367,0.4820151123425548,144.26898761439497,-372.0,577.0116337265918,582.7199254176658,4.303996210701312,49773.661761014046,18916.2,171.0,19959.0,1025.1237486274506,23.218189685093893,-0.2079409173973914,0.214305186467426,8.522599339544119,6.08621318893826,16.64932431061393,3336.8877645509074,1915.2,-6.061505983036724
8,30,0.260869565,5077.192712738205,5677.077210983125,13971.8,5115.662104672719,3117.9363355148826,-0.1087219788469461,141536.45040666818,13859.0,800.9559441422871,490.7213655724658,300.1149504277182,149151.22889039462,210.9723852570105,5259.992353111993,5829.418158939116,4881.69578321366,529.1907297516372,470.52347787765234,454.0920011861559,1.1127918819779006,0.1877542647132404,689.1972834791777,-3029.0,1011.4068955141792,409.1992713026593,4.088562799757757,48809.45771872037,19165.2,-61.0,19727.0,822.1148338279738,25.17483643809596,-0.5022017650267058,0.178308134345805,8.439676015154935,6.414621332010912,16.85229954635272,5407.626523585269,1901.0,-8.351375993443508
8,29,0.252173913,5178.171139033108,5257.319410651528,13983.4,5146.18195988799,3008.576795570068,-0.0490779644248925,142414.68597082552,12660.0,381.19814381069045,538.0984382857257,300.1817621691975,146246.0208502298,101.612845312196,5807.234725601514,5297.822688564477,4451.597557270307,516.1725065804179,474.2107767468988,460.02447084589966,1.0935180170871734,-0.0493260770749147,259.0990575358246,-4074.0,545.2276650786334,956.44164379218,4.1902353545254805,48578.13717090421,19268.2,-1068.0,18720.0,754.6162600951542,25.42583508935852,-0.7392821068148608,0.1784282393079375,7.857192979883654,6.165362569201948,16.961721610732802,5825.253445614032,1936.2,-8.23952345307011
8,28,0.243478261,5255.454901302326,4996.103352048105,13920.8,5279.282073794771,3010.8606230526657,0.020181416201278,144854.86577899437,12049.0,119.98208520726712,301.34483412383594,306.9376719286506,146143.68313345072,103.89667279479364,5079.672469353178,5630.106308760506,4572.52410946071,430.71914526329897,476.5114968656257,448.2720769888521,0.6384863820991942,-0.1366813045818349,380.0256097262272,-4945.0,780.3335813334152,228.87938754384413,3.8001410527998103,46523.00842443957,18290.8,-5254.0,14534.0,746.4390798986864,21.7816570502757,-0.8266373343217811,0.1602134162977178,6.685661391158393,6.6740943070608365,17.784824992110558,3501.257587780139,2025.6,-9.40636051015074
8,27,0.234782609,5311.17884981149,4831.793200238588,13847.8,5320.386132551275,2919.6937982954823,0.0372968343690287,144480.93670879366,12509.0,-44.32806660225015,272.4091870967615,246.91939011105484,138944.0279288446,12.729848037610282,5296.69158976878,4766.617171327322,4247.098915771382,360.5511017951376,402.6896225113093,366.7021650164638,0.4845293736716488,-0.2972778235539016,54.60041603689933,-4141.0,22.60773101524137,445.8985079594468,4.1854727252478,47531.483648355774,18297.4,-1241.0,18547.0,619.4455585440878,25.391740194970684,-0.9872338532938478,0.1125416857393342,6.759553446936127,6.1266902538098575,3.847076812334332,4015.015087128724,2077.8,-9.830854722751006
8,26,0.226086957,5144.192264289076,4958.668147524032,13105.8,5311.1394870918175,2658.8112322611314,-0.1462146629401655,144849.89553464085,12595.0,82.5468806831941,405.5751600491984,230.02519498546823,143764.51687028454,-248.15271799674065,4685.105511087281,5351.446555091724,4555.515024871475,305.41128592381403,402.5592585475303,367.608782333627,0.5157501057017797,-0.4355423742034169,363.01652513699264,-4082.0,530.7784064293055,-165.68757072205244,0.9478394927430456,51377.25527354531,18094.6,-843.0,18945.0,411.3012278124107,25.36919472419937,-1.125498403943363,0.1214785847787326,6.615431678275906,4.237508920513216,4.147288270665604,3882.064143213997,2042.0,-10.121805886101296
8,25,0.217391304,4925.845184756419,4585.341813319842,12928.2,5034.785392839295,2719.050012353111,-0.2352208853667031,142097.420348836,12725.0,-290.779453520996,425.5879692538867,172.41859287154628,135388.85296137028,-187.91393790476104,4925.623712644094,4361.034184945615,4202.286567925947,227.16230339411413,509.6218382039011,466.4854467668183,0.9898214815363084,-0.2572768474194474,9.788068191463935,-3917.0,-370.3635757484335,74.83063083476009,1.0316365701186092,53094.49129047565,17911.8,-975.0,18813.0,464.6943081209376,24.84899185790152,-0.9472328771593936,0.0821515091615436,6.757577748599312,3.838494407636354,4.324349662087988,4961.878840550434,2117.0,-8.714860896394672
8,24,0.208695652,5039.451395955786,5825.350466648367,13692.6,5086.431714145504,3447.9362719343635,-0.1165933357447083,141512.8425828526,16374.0,949.2291998075287,373.2157397258169,184.26236773491624,143323.1320203129,540.9723216764914,5665.856299752951,5570.250054899808,4550.557381031482,377.1141202080205,551.3952760262596,512.2367523629306,0.879668900560009,0.5438116710350592,358.05888129699906,-252.0,803.4592716096768,815.063217943617,4.246763247466081,49933.91232723942,18193.0,338.0,20126.0,899.3869022839928,26.749064451225493,-0.1461443587048869,0.0829032506270298,6.142757601621722,5.56528391330906,3.5637059362411656,4435.557549777562,2359.8,-4.089984901804297
8,23,0.2,5142.476758773719,5511.230166137763,14156.0,5102.246144387451,3410.7429394098644,-0.0305936386495535,141262.97254816047,14203.0,635.1088992969253,372.41615634662287,328.0335854582531,144894.33295999005,503.7789891519924,5176.0292452243175,5691.707921100118,5022.897537320063,413.0212837852364,565.7012785471579,529.6392256968131,1.0041315639573374,0.2933171808939391,830.3990375855801,-2628.0,859.4057325431486,325.2361634149838,4.369972760151438,51033.88207656933,19024.4,-1097.0,18691.0,850.740853609368,29.880618783280177,-0.3966388488460071,0.0644391455150756,6.598904966547648,5.178531966381754,3.464101615137829,4259.889292046831,2349.6,-6.937209169846276
8,22,0.191304348,5261.631013255196,5427.564472645976,14202.6,5312.673805922985,3120.8580839697543,0.0628318825343402,142840.4141546588,13284.0,551.443205805138,682.2009526696975,363.9622168242027,146831.23596133615,213.8941337118822,6404.357739347712,6112.960382693319,5069.658059672808,396.90119737025447,652.4321384420849,565.3291439941281,0.8654616884498466,0.1698497823655676,877.1595599383254,-3908.0,1074.7460386929106,1553.564657538378,4.159799308379256,49624.61945845424,19551.6,1395.0,21183.0,898.0502769889865,30.842940000864544,-0.5201062473743786,0.0767817390438355,5.99325491742199,5.775493676822231,3.464101615137829,4580.330011980845,2335.0,-6.751568568691795
8,21,0.182608696,5334.021820810731,5320.622185301708,14118.6,5398.661943729234,3085.375469620548,0.1390821968524719,143406.95941434643,12625.0,444.5009184608698,584.4730776190004,404.5197123358613,146597.24316872284,178.4115193626758,5200.944678143448,5619.5876842589,5135.758906253181,365.091022426944,656.6540270407313,588.2775986455598,0.8321225567953263,-0.0542908026127585,943.260406518698,-4502.0,960.7190954605512,350.1515963341144,4.081098556840748,49453.20558503776,19849.6,647.0,20435.0,940.1182372446538,30.13607362845872,-0.7442468323527047,0.0386447559662242,4.981080985502809,5.956137035574994,3.033150177620702,5018.494949397731,2415.6,-5.20961726722027
8,20,0.173913043,5499.1104640903,5410.785029717682,14042.2,5525.193265473426,2987.516513463549,0.1330326023606719,145221.02928269646,12817.0,534.663762876844,497.873102154552,265.23118961381425,144459.20230312034,80.55256320567696,5658.466084695394,5321.109769687964,4653.579997332045,177.91900401401782,287.5171846774041,313.7179053321627,0.6092709725483124,-0.2875248198784476,461.0814975975627,-4299.0,262.29303297253045,807.6730028860602,3.869518199435272,47935.32217643169,20178.8,671.0,20459.0,1165.8869156140292,30.54829840204421,-0.9774808496183938,0.0585850849832286,4.3583547522984025,6.219462960564277,3.114482300479565,1392.4198714260413,2382.6,-7.622426075554652
8,19,0.165217391,5327.1848449234585,4965.722370814165,13270.0,5408.657899950218,2885.6955040990924,-0.0246125351830264,144428.41895509334,13032.0,89.60110397332664,719.1562945384923,217.5428738227752,139360.08038229734,-21.268446158779625,4448.198031453942,4870.492671445383,4723.054462375012,208.68542208371971,461.6194666803134,403.7563200079482,0.8719778794424974,-0.2444140166834325,530.5559626405293,-4113.0,220.78244399363484,-402.5950503553913,1.070124086276511,52274.57622987391,20181.6,352.0,20140.0,1173.4252000021108,29.053287422816314,-0.9343700464233786,0.0192627643845421,4.52948972404605,4.280545069304176,2.7018512172213462,2986.5681246878366,2179.6,-3.40395985339026
8,18,0.156521739,5221.717038851144,4983.89113577619,12925.0,5190.634305896551,2784.5404000066696,-0.1366362378872296,143786.36944535168,12724.0,107.76986893535197,717.8831364730383,342.0145360534478,141684.08541128173,-122.4235502512024,5194.888322943591,4851.756461912726,4291.797640818225,228.7119491450713,532.367443039934,548.1786100817866,1.3017631145114137,-0.2668013326270768,99.29914108374214,-4353.0,-230.71223772518897,344.0952411342578,0.930290886802245,51397.27805369036,20430.6,148.0,19936.0,1159.7879116459153,30.106302887458344,-0.9567573623670228,0.0068568627197201,4.557409807098108,4.466553285667045,2.863564212655353,3275.459285733224,2372.2,-7.145548463480855
8,17,0.147826087,5346.782972048896,6052.894138634736,13777.0,5135.572257133308,3771.8422014293706,-0.0723038395940327,142831.74648240345,17221.0,1176.772871793898,500.06677547092016,299.85228461345946,142058.12114659496,864.8782511714985,5681.243009473869,5606.428905437001,4724.7291310476185,450.1783820703494,377.9027210946907,480.3133314551951,1.2484174234434071,0.491511773831552,532.2306313131357,352.0,799.4357948766974,830.4499276645356,1.8578037497883304,48870.25278572619,20225.0,367.0,20155.0,1350.9062883856875,30.813942824322314,-0.1984442559083942,0.0379389931058934,4.595214349403702,4.930506014568742,2.408318915758562,3038.722632059281,2487.6,-4.342185375294059
8,16,0.139130435,5434.634805737949,5759.881353746979,14031.6,5170.932739194925,3368.7965068744165,-0.0164678941474236,143097.78846590302,13801.0,883.7600869061407,503.6739466714433,307.49051624830764,147927.45308622078,461.8325566165445,5387.495406929896,5776.70726833199,5156.92043525543,489.8303383336493,420.0929468929424,535.0697478601626,1.1242107106114188,0.2248889246202871,964.421935520947,-3229.0,1137.5215057686382,536.7023251205619,1.869400181878695,48265.48257919295,20205.8,551.0,20339.0,1249.171605505022,34.779549004908326,-0.4650671051196591,0.0296332382329585,4.364965826885591,4.849021363887121,1.7888543819999785,3254.5742862977804,2495.2,-6.06497558766074
8,15,0.130434783,5559.399842733472,6034.610214695293,15924.6,5214.983929493305,3705.909609542079,0.2343751404016932,143973.28471017297,21869.0,1158.4889478544546,535.4112042650531,308.7209188510247,148836.68352446993,798.9456592842071,5807.065342045607,5511.209427923724,4817.760865024816,547.3931021845954,432.56151715176446,525.9913353077662,0.9860562366268322,0.9666903528671368,625.262365290333,5166.0,482.548984464428,956.2722602362736,1.833438986419575,48300.302136976985,20047.4,-121.0,19667.0,1199.6686209116226,34.73823197048712,0.2767343231271906,0.0257993517320888,4.072298862483343,4.992458816748703,10.723805294763633,3951.65661251613,2524.8,-2.281107424277106
8,14,0.12173913,5655.490401185501,5446.175163074306,15941.0,5365.062757275776,3223.0243325448314,0.2798159639936327,145699.650206317,12921.0,570.0538962334676,283.61481376652426,335.9387767779139,147991.90786301758,316.06038228695934,5182.057501418038,5631.837634713556,5045.028735451557,456.4801170580898,361.4694934168494,539.7303733312713,0.7886076695782382,-0.0172098987237353,852.530235717074,-4031.0,971.1765829059896,331.264419608704,1.5994326041099831,47684.77539374113,20096.6,598.0,20386.0,812.2421436985363,33.57295021861876,-0.7071659284636815,0.0278646655149804,3.628734645894293,5.25963583002533,10.616025621672197,3575.2163577561737,2538.6,-4.002228324539503
8,13,0.113043478,5741.412455532596,5413.501407511668,16249.8,5448.40667970329,3021.095087906265,0.3017567258007565,146659.55369595488,14347.0,537.3801406708299,245.20023836643392,230.27085155361485,146483.60285947108,114.13113764839272,5538.096340469664,5209.156159715534,4595.540908165846,304.1735698406804,211.4911644842054,382.4743027605051,0.6187030862036865,-0.1570975235914574,403.0424084313636,-2809.0,186.0073744123838,687.3032586603304,1.5940993909521672,48042.39084642863,20168.4,507.0,20295.0,1448.494287182381,32.142409338246395,-0.8470535533314036,-0.0028291922684891,3.530213329199635,5.2663871427977424,11.058933040759424,2692.9300634473047,2357.4,-2.988242434002296
8,12,0.104347826,5583.563914174492,5263.651431844215,15496.2,5387.262968978501,2739.0128939872548,0.1361590319222351,146865.50480836938,13633.0,387.5301650033771,421.3582847422912,239.39999843836037,143087.87670866743,-167.9510562706173,4686.131767850325,5123.818365788469,4672.491728629907,297.20024094070004,277.4652605346621,390.0310736124276,0.8523415469945228,-0.3364766955610551,479.9932288954242,-3416.0,493.7172412527452,-164.66131395900902,0.3892677938801128,50883.31152387879,20015.6,-397.0,19391.0,1486.2877581410653,30.97191477066236,-1.0264327253010013,-0.0896141303902271,3.5818897155081286,4.420822931069807,11.247221879202014,2474.648410648362,2292.2,-6.803685649525845
8,11,0.095652174,5426.236108839664,4973.242327072836,15491.2,5110.424785832271,2743.0703035802044,0.0487199382942986,145914.3110761458,14106.0,97.12106023199794,423.499157005972,286.6334472700715,143171.48442510306,-163.89364667766768,5176.348870056498,4815.231791113147,4268.634900185416,378.3082145396556,324.1540512704037,448.1211878282025,1.2330325470541053,-0.2123065435193952,76.13640045093325,-3254.0,-246.66940996250923,325.55578824716395,0.4670464460579983,51476.458823470646,19908.8,17.0,19805.0,1631.5482524277345,30.639519031594983,-0.9022625732593414,-0.1185161651536067,3.917014867934342,4.52373363102049,11.122050170719447,2827.1308007548137,2302.2,-4.783553926447402
8,10,0.086956522,5426.430497425614,6035.582157625046,14557.6,5190.582221029758,3691.111159805404,-0.0312667688014579,144951.5548144263,17280.0,1159.4608907842085,411.9969844359874,277.4941335178854,144022.9022158724,784.1472095475319,5769.684859807949,5717.991194208234,4708.044167006797,396.9576211043997,373.8732639597776,504.00261871598894,1.133583176076992,0.5667568173883535,515.545667272314,498.0,883.3361604518659,918.891777998615,3.83954617995094,48084.34953612088,20026.2,466.0,20254.0,1372.683066115407,30.14367426238852,-0.1231992123515927,-0.0752438446568533,4.503876853123954,6.134719079045217,1.2247448713917517,2555.080338226001,2368.0,-5.01043238138561
8,9,0.07826087,5529.663758909431,5962.341470493389,14952.4,5242.808689330471,3505.3120289843528,0.0376541209919256,145203.8791495945,14931.0,1086.2202036525514,417.9798391788891,338.61666671707843,149253.52953885842,598.3480787264807,5485.023669783941,5879.87729764592,5211.103206332009,469.5503987784712,439.6466036450105,578.5530828658424,1.0091960328518237,0.3273945502431826,1018.6047065975264,-2057.0,1232.3089244095536,634.2305879746073,3.8338916376087018,47564.95556518604,19874.2,-162.0,19626.0,1318.0514026395156,34.10203214906509,-0.3625614794967636,-0.0686921211604958,4.381419091665715,6.146133160284751,0.5477225575055268,2869.474132841892,2386.0,-4.384889304986685
8,8,0.069565217,5582.838987887151,5679.37755240027,15042.0,5322.832142700743,3379.7537049500525,0.1185910662467371,145782.95990968132,14573.0,803.2562855594324,503.8552010766024,335.1907200872544,149379.00665990534,472.7897546921804,5959.585125084516,5636.438438133874,4767.458429041492,464.4643535003282,447.08035427164566,549.5242641082884,0.8259268143230406,0.2475872026826004,574.9599293070096,-2361.0,586.1246412637429,1108.7920432751826,3.734684010240999,47273.196309757695,19681.8,-455.0,19333.0,988.040738026522,36.51990100370859,-0.4423688270573458,-0.0409397912411042,4.099898474414742,6.351085634510963,0.4472135955003941,3445.8231649571567,2411.0,-4.018855953612642
8,7,0.060869565,5635.654430848815,5527.728646652534,15179.8,5394.115055739999,3511.7284763107978,0.2043892807024594,145889.07122595236,14062.0,651.6073798116959,385.0211215583768,344.27590371587536,143618.43329002257,604.7645260529257,5047.441701429255,5479.13153935581,4926.596042116706,434.9741795821755,412.1956347428829,557.0161940905598,0.572483200115682,0.0925143767175561,734.0975423822229,-2727.0,850.131806449026,196.6486196199212,4.07908284932047,48389.15714103421,19622.8,-692.0,19096.0,1008.5903529183662,34.67423798410127,-0.59744165302239,-0.0166640960008352,3.839006379415856,6.011528898677616,0.8944271910001288,3065.8291186815004,2420.6,-4.710936766909457
8,6,0.052173913,5712.048458493264,5355.212465295081,15047.2,5452.332719853744,3253.810276118979,0.2291347633960189,145362.71480508777,13189.0,479.09119845424266,347.19949090981135,257.86539114330174,140539.70232078023,346.84632586110683,5451.775468071474,5114.023528155478,4525.61847241903,302.6253512589776,290.8648427214417,441.70214358379656,0.3415698258584666,-0.0885791300515974,333.11997268454707,-3917.0,44.41891060621401,600.9823862621406,4.32426265238878,49711.99971872101,19422.2,-986.0,18802.0,872.0490238512938,35.116980849619104,-0.7785351597915435,-0.0209319650182259,3.624040202740031,5.5762991261363295,1.8708286933870717,4052.57025209068,2432.2,-5.314967916101044
8,5,0.043478261,5629.5414824024565,5623.047277171007,14175.8,5390.681861573301,3011.270483004545,0.0632117205911527,145426.5457191271,13206.0,746.9260103301694,467.0933598766137,266.7069539622788,144342.0567860689,104.30653274667291,4731.87069426411,5210.857366531734,4644.186940537682,237.05569319535653,312.0427083395431,434.5307413312237,0.509988064734127,-0.2628583966359779,451.6884408031992,-3859.0,575.0818690496553,-118.9223875452235,1.2869008500719887,53425.66978344999,19158.4,-853.0,18935.0,879.7799156607261,35.52826023407476,-0.952814426375924,-0.0979418389307766,3.151944969480163,3.69073417136209,2.449489742783255,3980.378267821489,2405.0,-4.850515146129299
8,4,0.034782609,5440.084651450094,5015.057315731573,13692.2,5081.453325145328,2991.514662614982,-0.0429407828391816,142929.29843255086,12703.0,138.93604889073504,464.82907459364026,205.6967210503966,136767.29310597727,84.55071235711011,5140.979501283462,4783.052145214521,4398.074139367144,287.5238883842516,331.5710921191386,471.8555212768189,0.9624432550515168,-0.2033679669084891,205.57563963266148,-4475.0,-313.8337577303146,290.18641947412834,1.2251833995019377,54662.2500249156,19405.6,1074.0,20862.0,879.8133324745621,31.99868816388546,-0.8933239966484353,-0.1734327934504521,3.4264414273995136,3.289112371316694,2.588435821109031,5232.9107826659,2531.4,-6.310528054926663
8,3,0.026086957,5526.520693049084,6111.557760395224,14186.0,5162.31186565385,3723.128686744451,0.0259132463937263,142013.92717055744,17239.0,1235.4364935543863,441.278548082828,200.81641173752348,144802.15034993825,816.1647364865789,5895.664978729244,5822.973528200906,4727.398768411377,429.6953427785125,391.7076502053721,550.8143187415161,0.8996521222946303,0.5918573488471404,534.9002686768945,108.0,990.4173438063526,1044.87189691991,4.425774181116769,51343.33638596441,19603.6,535.0,20323.0,1031.8758161716917,27.24640676683841,-0.0980986808928058,-0.1256671978760592,4.329695419881276,4.754451662533265,2.549509756796467,4079.198623814624,2527.0,-4.064340612084038
8,2,0.017391304,5600.917339770963,5899.711880261927,14217.0,5274.620624931906,3469.8022379426325,0.0719364277086433,143255.42112608152,14220.0,1023.5906134210892,452.9402225747028,349.5190747971771,149825.90306764297,562.8382876847604,5649.331505435309,6067.481048998419,5304.321458493228,465.6049455035045,529.768621698046,696.1583038908951,0.8440933064466469,0.3226302832921408,1111.8229587587457,-2572.0,1411.6756028393029,798.5384236259752,4.191514945098333,49828.26765988502,19840.8,494.0,20282.0,1336.9098698117218,30.579119551808315,-0.3673257464478054,-0.1208167903577896,4.386187521036695,5.275182305904702,3.209361307176307,5226.629537409549,2586.8,-5.330155743964674
8,1,0.008695652,5612.268302891136,5411.96728089595,14398.8,5373.991211371141,3403.502609541741,0.1377216651533385,143652.61643481255,14014.0,535.8460140551124,512.8783190926357,337.78591833424133,142525.67886443547,496.538659283869,5901.194328688632,5578.8182706081525,4905.125781710465,457.6797383606086,507.4213096415571,640.7089325939363,0.7125015599403335,0.2403470571718788,712.6272819759824,-3008.0,541.2718428023918,1050.401246879298,4.148105714044085,49322.76026700631,19873.2,-824.0,18964.0,1335.889516389733,29.180299845534165,-0.4496089725680674,-0.0961060573479583,4.554803703797049,5.337089688972071,2.915475947422724,4920.252295910448,2658.4,-2.127141247317331
8,0,0.0,5215.615718002269,3639.78435272667,14325.4,5348.48836696716,2777.509185472015,0.2522024573440198,140461.64536711754,12872.0,-1236.336914114168,444.8718936731132,364.5194727614445,128387.2014475938,-129.45476478585715,4931.658876181004,5144.261174650534,4473.449337537877,994.899077579054,517.4418843869671,646.496500528773,0.5389128630214508,0.3095455643174285,280.9508378033943,-4226.0,447.567647029754,80.86579437167075,4.108536993577044,50453.62841914909,19903.0,-704.0,19084.0,1487.1792763483477,22.19107347806677,-0.3804104654225176,-0.0357147337262415,11.258774268106391,5.416633016899318,2.5884358211090377,8268.605260651848,6183.0,-9.525130268492404
9,149,1.0,4865.026441692161,4865.026441692161,16803.0,4947.80051481786,2708.6924713084,0.6969014521782085,137386.71562377867,16063.0,0.0,,,137386.71562377867,0.0,5030.879327771863,5029.846174579858,4307.143163211539,,,,2.436528430821128,0.6969014521782085,0.0,0.0,0.0,0.0,,24801.030400355256,24007.0,0.0,24007.0,,18.88118673673508,0.0,0.2878530851109269,16.87237053048614,18.276402412217884,,,1777.0,-6.656657363658343
9,148,0.993288591,4702.04185022694,4539.057258761721,13364.0,5125.044318724352,2183.1459135239106,0.1885009816378335,140408.53188251512,9723.0,-325.9691829304402,315.5876320694344,44.04159662270367,143430.34814125157,-525.5465577844893,5477.187637161668,4967.4735319545125,4369.427386463932,173.40527117267212,44.10411856090669,250.66059133115812,1.9417141407262168,-0.3198994889025414,62.28422325239262,-6878.0,354.4876078129837,446.3083093898049,6.06455756126926,32003.478739657658,23986.5,-41.0,23966.0,487.19657223753126,23.087577771937926,-1.01680094108075,0.2889805715720774,16.03859982074637,13.988112635748235,7.071067811865476,3745.606635574462,1509.5,-6.6865097635671
9,147,0.986577181,4600.294982731375,4396.801247740244,12018.666666666666,4929.671954805636,2035.5607837094904,-0.0323401496818818,140600.16117679,9080.0,-468.2251939519165,502.4085136761408,272.4993948755815,140983.41976533976,-673.1316875989096,4474.38637410939,4857.508737726419,3869.394810791964,143.70783244984017,87.25708630144706,382.0032038776697,1.406292655832012,-0.4740224123213126,-437.748352419575,-7475.0,-408.87328784965575,-556.4929536624732,6.216778041679037,35844.32697198392,21932.33333333333,-6183.0,17824.0,400.7122824837456,19.531742448164465,-1.170923864499521,0.2805421670961104,16.896991663844286,11.389465551043804,5.131601439446882,2694.4725875051345,1476.3333333333333,-6.979449031329749
9,146,0.979865772,4491.093500952717,4163.48905561674,11276.5,4947.227302076143,2147.783409529545,-0.1610206859453493,138821.68390744107,8695.0,-701.5373860754207,420.49766220628607,357.3048736687765,133486.25209939427,-560.9090617788547,5178.997797356828,4668.56009085903,4741.140761692989,231.4296987080468,158.44590700767068,313.87427321517674,1.6925600504837135,-0.5470622947357521,433.9975984814501,-7753.0,52.0928290698057,148.11846958496517,6.530895814232461,39052.91630987605,22351.0,-400.0,23607.0,868.331158026706,21.41733612948748,-1.2439637469139606,0.2753458906365212,17.078585057477905,9.334772914458144,5.05799696849784,4145.066930620633,1467.25,-7.606611268252015
9,145,0.973154362,4424.593820111338,4158.595096745822,10647.4,4851.371925214125,2038.823633506776,-0.2801141855426318,137722.95552524924,8197.0,-706.4313449463389,464.5403946425792,314.4826845866919,133328.04199648197,-669.8688378016238,4395.443931398417,4820.7585019056,4196.291883187183,217.4513984455346,139.82473966261807,346.16334425609625,1.5908297222221486,-0.7564881839317613,-110.85128002435611,-8672.0,-479.8500970518089,-635.4353963734466,6.255155104086217,41472.15017103606,21377.2,-6525.0,17482.0,798.6611922461241,20.78721329988788,-1.45338963610997,0.2677784461687941,17.9062166946427,8.139991321537787,4.615192303685734,4189.21907526117,1467.8,-7.907471842271978
9,144,0.966442953,4286.669288383599,4175.403783053464,8883.6,4801.291243211757,1972.6550859271213,-0.6044803043566636,137440.12290425727,7930.0,-689.6226586386965,460.13534286808886,318.7732917141965,135972.55251881876,-736.0373853812787,4925.626326963907,4350.720324261725,4176.776306651073,154.8437539637283,238.99376032495425,346.8377295306443,1.5587361675812217,-0.9249291418919504,-130.36685656046575,-8819.0,-250.40341001183788,-105.2530008079566,2.662970501120921,45424.26298716189,20427.0,-4751.0,19256.0,762.1821960660063,20.186178241309165,-1.621830594070159,0.2591412204717119,19.103185313923923,5.485198179795585,4.969909455915676,4235.388928170435,1366.0,-7.468141471586924
9,143,0.959731544,4176.718695828978,3989.304295988616,8475.4,4589.605204393831,2049.8533618334845,-0.7068637303384162,135214.45874502737,7802.0,-875.7221457035448,422.0812894388412,331.98757212545667,132302.0273451021,-658.8391094749154,4135.114418676205,4597.204107534326,4004.5392503526873,146.0783548904021,202.8040961767324,281.4537148754208,1.630681996679514,-0.8318166188113045,-302.6039128588518,-8919.0,-703.9425862766502,-895.7649090956584,1.2486556678032414,46956.80330185275,19283.0,-5761.0,18246.0,1084.105483797587,20.64336384605976,-1.528718070989513,0.2716479404388262,20.561206734728188,4.370409844200943,4.505552130427528,3566.5031563437965,1371.4,-7.281926160796949
9,142,0.953020134,4284.102550537225,4933.720521281483,9940.4,4678.099928305288,2645.6972429818074,-0.4831863159136232,134896.16820910992,15876.0,68.69407958932243,449.7818035909938,276.7822192900521,139391.96708575246,-62.995228326592496,5052.193698397449,5068.148155883213,4262.281123673417,287.54119698219773,266.29946619164514,327.3544567686828,2.050581993046145,0.6443646598026523,-44.86203953812219,-150.0,33.60033170762745,21.31437062558598,8.408630274584885,43594.97374731759,20560.6,205.0,24212.0,933.2795401164652,17.919315624875395,-0.0525367923755561,0.2739537880667567,20.487708291603397,7.661515918554824,4.324349662087937,2936.423729988561,1460.4,-7.254050617888105
9,141,0.946308725,4387.369858367374,4679.825594767483,10153.4,4692.7415499036615,2130.495005531887,-0.4358832241950955,137823.51916204783,9792.0,-185.20084692467756,466.798827844241,123.0215545190898,148123.00686408396,-578.1974657765131,5245.628764464889,4638.615755049234,3985.654914268784,308.2885675473857,267.54738921116154,346.4271486777319,1.8398262943080848,-0.3105468361431139,-321.48824894275504,-6688.0,125.30093706167736,214.74943669302596,9.324549215104623,37215.60701793375,19719.6,-4605.0,19402.0,903.8245404944485,19.197751024416288,-1.0074482883213225,0.281441326454421,20.574461993994863,6.660804554809436,4.868264577855244,6463.515081166589,1443.0,-7.63940188489443
9,140,0.939597315,4425.872823356165,4351.1099216897765,10345.6,4833.043585037138,2093.4151185121964,-0.3724114333662779,140422.64560002426,9142.0,-513.9165200023845,436.4453368639802,305.1031218641411,146323.67418636396,-615.2773527962036,5085.054314246713,5453.42790430347,4737.935860694453,299.77894002045844,437.4805454538254,373.6153655255593,2.007943833257747,-0.439129229787673,430.7926974829143,-7711.0,221.6600786155759,54.1749864748499,10.05902813195957,30340.293848944624,20695.4,-1646.0,22361.0,774.200232498028,20.66778495403353,-1.1360306819658814,0.2857403468279783,20.01895179210509,5.607501441338492,5.449770637375491,6952.737799123839,1391.0,-7.98818216258365
9,139,0.932885906,4518.676487528435,4639.422103914819,10559.4,4893.45053826535,1849.0919709120303,-0.3385961799246632,142509.90920561925,8896.0,-225.60433777734212,463.7267391838144,305.2506265359789,146408.87054679368,-859.6005003963696,5232.934672964535,4595.136338163477,4321.538844083403,271.3173715274803,381.8232015889468,370.6055381145059,2.124868430969868,-0.7558528746838767,14.395680871863988,-7750.0,51.631356129221786,202.05534519267167,10.619446743248616,24793.089560567947,20955.6,-3450.0,20557.0,945.7345293474272,20.486718665109706,-1.4527543268620853,0.2936160298201902,19.700151218656053,4.228865049424824,4.868264577855244,6940.564583973555,1428.0,-7.95071265647854
9,138,0.926174497,4670.71843777179,4749.51404720539,10641.4,5033.7076656381705,1704.4262831335338,-0.3558949284813407,145182.32036442202,8407.0,-115.51239448677096,153.39348445438233,287.71193193130654,145664.08313911606,-1004.266188174866,4870.285562947583,5352.016822746727,4554.639876864437,160.79808697316716,395.7162643364484,89.07182646165852,2.288518992847157,-0.918310361594692,247.4967136528976,-8509.0,-2.656949412546055,-160.5937648242807,10.97065844314851,18729.806129621484,21446.4,-3307.0,20700.0,1024.5125670288285,20.995385781757403,-1.6152118137729006,0.2754338002384552,19.158835822276014,3.0228633298221057,5.069516742254641,3503.556697430571,1442.2,-7.842791547746494
9,137,0.919463087,4626.918265766237,4714.719661253711,8883.2,4944.39912196604,1719.0671668661023,-0.7284131523033784,146125.98146970914,8012.0,-150.30678043845,234.10978881011343,453.1391792191144,144110.2726121879,-989.6253044422976,4709.0301641348,4081.6981403876375,3605.124520835304,144.0482869208839,572.8741215131065,243.91081306717209,2.248984432364831,-1.2182264593075365,-702.0186423762352,-8941.0,-412.9423866530269,-321.8491636370636,0.0353618197688972,16588.119532488134,20100.8,-6523.0,17484.0,1011.1761963179312,19.274579446444147,-1.915127911485745,0.2705496167721452,19.56164754623978,-1.891916771753141,5.215361924162129,1381.8250038494705,1358.4,-7.78604557631624
9,136,0.912751678,4582.145087241999,4455.959702146299,8351.8,4772.777683977343,1616.589153865247,-0.904002212130074,145044.78912886776,7691.0,-409.0667395458622,445.3455843481048,543.1985343118796,142717.04515987737,-1092.103317443153,4084.8141918528254,4570.68799824792,3562.8478593462405,145.38495216131196,579.1459594507004,389.2838004425639,2.2722811593287933,-1.1884921352765911,-744.2953038652986,-9345.0,-732.8062528818109,-946.065135919038,0.0676081771379292,16110.752857373276,19690.2,-6658.0,17349.0,685.1892439319229,19.42469818265544,-1.8853935874548,0.2679566576170827,19.816106618785472,-1.8769811935881016,4.929503017546503,1618.7012552154315,1341.6,-7.134215005787426
9,135,0.906040268,4713.739582294298,5009.082396951271,9796.6,4719.828244697723,2718.9411456787384,-0.6934870943759189,143898.94398812315,16263.0,144.0559552591103,429.3339888061888,435.21887673855525,140594.44848264073,10.248674370338447,4969.506893266455,4973.191974668647,3999.4213416314856,124.5620544040504,476.6332435660884,336.22871504136253,2.063675166302496,0.6134463589831024,-307.7218215800536,-487.0,-43.08711778252473,-61.37243450540791,9.083588244737678,18383.6135115978,18819.6,-5999.0,18008.0,864.2125317304765,18.130222255346137,-0.0834550931951061,0.2653967003562693,19.36589825188757,2.192384123820668,4.604345773288542,2484.926985520769,1431.0,-6.417915765256494
9,134,0.899328859,4757.863788278295,4860.043133834805,10012.8,4750.821313802031,2141.6553522958147,-0.5856299767383091,144603.06375572213,9824.0,-4.983307857355612,463.0252238586689,398.5406608158288,149929.46938478868,-567.0371190125852,5351.520258730332,4728.472437225189,3929.644265202113,116.208978418915,471.9895398155252,373.51979432995455,1.7119679146599305,-0.216567286495828,-377.4988980094263,-6669.0,206.59670165076204,320.64093095846874,9.076778879841616,18609.276356287864,18221.4,-6441.0,17566.0,893.7228317549011,20.979507028891643,-0.9134687386740366,0.2664961666789553,18.25259965254794,2.204571167134484,4.207136793592532,3648.347996213231,1439.2,-7.942342818145879
9,133,0.89261745,4693.300037626885,4426.695293948334,10332.0,4682.502509334337,2173.551573884199,-0.4755268650393388,144249.43572975544,9812.0,-438.3311477438265,477.0829983465446,192.83912061994,143895.94300928258,-535.1408974242008,4505.837338994027,4953.818486004174,3801.734544550208,161.5603313665846,364.5217004908881,360.08981129469566,1.267397658521693,-0.3677948030998408,-505.4086186613313,-6913.0,-344.2509717510111,-525.0419887778362,8.919301089528155,23240.304385083706,17635.8,-6235.0,17772.0,1581.8616247952912,19.84320598074295,-1.0646962552780497,0.2579667455471527,17.97328707514458,3.9305241554386336,4.207136793592532,3596.254146799465,1498.2,-4.219430742561788
9,132,0.88590604,4679.909719978656,4647.768073012569,10633.8,4766.065676752368,1849.4371429783505,-0.3654689629937884,145131.97734853954,8942.0,-217.2583686795915,510.5333110728733,172.52181665004397,148522.98070610838,-859.2553283300495,5134.782283243936,4499.540589224242,3926.045713640428,166.51913666450358,215.9773094461782,365.69742491289327,1.1169720575529296,-0.6679369490797847,-381.0974495711112,-7432.0,4.873450437123211,103.9029554720728,8.91525207294998,23621.363745352697,17812.8,-5638.0,18369.0,1851.4084368393696,20.767571232071425,-1.3648384012579933,0.2631428226263261,16.90110231555081,3.9354644221171937,4.393176527297763,3971.644058642323,1521.0,-5.337415638718875
9,131,0.879194631,4720.377305733935,4658.297630922693,10856.0,4817.644438662747,1787.2071891800204,-0.3232759864907479,145979.22696993063,8659.0,-206.7288107694676,411.561914003631,77.47377190109592,146953.29326683292,-921.4852821283796,4387.252036575229,4875.028512053201,3846.032108511684,160.8487642772485,196.5300801254685,275.6401580646261,1.061623154568442,-0.9775272527613884,-461.1110546998552,-8234.0,-474.912443329913,-643.6272911966344,8.93972518921386,24356.575085105145,17802.6,-6709.0,17298.0,1846.7454345415335,20.291429055712168,-1.674428704939597,0.2513046192432814,16.681817492058737,3.905089951075193,3.962322551231797,3778.024264797768,1563.8,-6.924295730015839
9,130,0.872483221,4670.532891565849,4759.860326110843,9157.4,4735.289892688635,1697.338346852248,-0.7101794863549216,147054.9910948766,7717.0,-105.16611558131808,415.807901553974,188.2187902528957,145973.26910737046,-1011.354124456152,4662.900584538303,4026.561332571529,3472.891434344283,135.91221569617028,372.4464876191137,303.2532631528805,1.2903903484407075,-1.321071140337766,-834.2517288672561,-8980.0,-454.8598476530906,-367.97874323356064,3.853685808038213,22197.510281607465,17683.4,-6595.0,17412.0,1797.1081770444423,19.43201184884588,-2.0179725925159744,0.249425740025272,17.050149134259215,-0.1677411542862929,5.700877125495692,2111.654145734203,1527.4,-7.398655171033706
9,129,0.865771812,4602.35769221113,4519.16713706121,8663.4,4516.306559820028,1647.6931098796804,-0.915627069192665,145857.37075822582,7650.0,-345.85930463095065,435.7666639260808,240.88489686972383,143941.36770153468,-1060.9993614287196,3933.918239548421,4426.824219439054,3385.897481609829,109.19740037156647,374.238380054095,319.8237725789376,1.3990467272059857,-1.2438052006845448,-921.2456816017102,-9139.0,-888.3199626922647,-1096.9610882234424,3.84729038822872,21720.449938343365,17654.0,-6588.0,17419.0,1768.2925380151323,18.22699296843021,-1.9407066528627528,0.2611336800292566,17.897074302197886,-0.1557141634173434,6.107372593840988,1805.4612490220609,1526.2,-7.802045037002635
9,128,0.859060403,4743.775983883349,5133.786752309428,9875.8,4600.98618737029,2822.814737998079,-0.7069138281845191,145314.8652567859,15269.0,268.7603106172673,509.9456359857601,357.2857428653698,141183.41550208302,114.12226668967924,5122.444162684093,5131.511348594836,4265.070771184743,146.0685064620759,426.2423737191883,395.7394350278543,1.734796503205248,0.6757714019408881,-42.07239202679648,-851.0,79.14716600029806,91.56483491222934,8.964034629562157,19322.7412747697,18997.0,480.0,24487.0,1924.6094928582263,19.323226283338435,-0.0211300502373203,0.2652572914268022,16.93389347501517,2.13269051885831,7.726577508832746,2895.9373208919,1515.0,-6.818098412939956
9,127,0.852348993,4798.7152762788255,4922.464534989951,10168.4,4621.81740199333,2173.590156833892,-0.5922604325611158,145847.2314543181,10684.0,57.43809329779015,534.4773435985893,347.7307483627853,151184.8116937694,-535.1023144745081,5232.290224739631,4587.444984469213,3746.573736669111,130.65863654998233,423.2834717752693,420.8261005487429,1.6946568553947123,-0.094669970962768,-560.5694265424281,-5969.0,109.02952355232082,201.41089696776817,8.954864647833165,19449.135476192903,18924.0,-6003.0,18004.0,1477.8585182621505,21.278145174275128,-0.7915714231409765,0.2577355437034435,16.10284909081152,2.1491166316070465,7.956129712366439,3740.962601827436,1541.4,-7.860051803020361
9,126,0.845637584,4823.552126934021,4782.481884198672,10419.6,4671.736273269116,1917.2636825627376,-0.4395961177187873,146535.13367237398,9904.0,-82.54455749348926,512.9299180524562,344.45773372065315,150392.80435711236,-791.4287887456624,4637.383868587628,5076.050677643587,3789.475907994911,128.89227892488884,462.53869379147255,413.4829080549584,1.505975390126641,-0.2142056785497461,-517.6672552166283,-6978.0,-225.3180869509806,-393.4954591842352,8.947795780902808,19546.07019183433,18990.2,-6378.0,17629.0,1082.1206032600985,20.625807744273896,-0.9111071307279546,0.2646053118715016,14.881782974550967,2.161664884200236,8.288546314040843,4244.252924214969,1553.8,-5.87083936363799
9,125,0.838926174,4839.163513554127,4837.917259211376,10806.6,4768.527026390785,1882.238502836121,-0.2938374850505781,147161.24765148168,9596.0,-27.10918248078451,551.8306192170782,313.9709365564051,149103.83900290885,-826.453968472279,5191.733839689722,4486.2931884292175,3863.988112537229,123.08664677931264,336.12395084209294,417.7869807433824,1.385616846426381,-0.59227797699672,-443.1550506743101,-7045.0,29.093917955249708,160.85451191785887,8.944831677359241,19851.42805540107,19011.8,-6487.0,17520.0,913.534454741582,21.74583040022196,-1.2891794291749286,0.2581743615798005,13.5456158745263,2.1668718158586704,6.268971207462996,4405.699992368322,1587.6,-6.654947397680573
9,124,0.832214765,4915.861963457299,4902.659386577066,11027.0,4870.996841700136,1693.065144744161,-0.2258219911712093,148066.32341762772,8895.0,37.632944884904646,354.16601367728185,232.66666110894337,148466.746532265,-1015.627326564239,4461.817265443267,4948.795123632291,3673.207790965721,71.51192680544214,292.08156670378537,213.0882994607688,1.274865435536494,-0.9037277312877008,-633.9353722458181,-8037.0,-375.9708861455074,-569.0620623285959,8.959134399245885,20452.333958262014,19020.2,-6546.0,17461.0,1280.9750973379612,21.078079298026186,-1.6006291834659092,0.2304401812910318,12.035199006384278,2.141186683810052,6.5954529791364624,4027.6474654122367,1646.2,-6.10440544317304
9,123,0.825503356,4860.795267363669,4858.453271841281,9436.2,4846.696263072182,1796.5231518972043,-0.5925612557905662,149152.00055911852,8140.0,-6.573169850879822,353.2867506092068,129.83662444753114,146611.80120953708,-912.1693194111956,5115.920466411417,4432.7000522102335,4014.0526229299408,63.92699647919438,288.4899836039977,197.1927354268961,1.3532312079122757,-1.157924921155896,-293.09054028159835,-8805.0,-42.355727139474766,85.04113863955354,0.0435462528768804,18505.89843681,18069.6,-4273.0,19734.0,1105.9922242041305,22.09654713788665,-1.8548263733341048,0.2236100950994917,12.03512174333548,-1.877830613764131,7.014271166700073,1794.5381289838467,1641.6,-6.049022473177084
9,122,0.818791946,4792.803207457044,4582.504235456824,8804.6,4694.279706517516,1770.9949915717957,-0.8003757719732694,147807.16971833337,8117.0,-282.52220623533685,430.9658887976384,140.0719958550114,144460.65748984355,-937.6974797366042,4181.311954360792,4714.052943210303,3687.992993474933,99.3672768177787,280.9112397711503,273.80530007318606,1.4257905962549888,-1.1337425518762838,-619.1501697366061,-9127.0,-653.0532592210066,-849.5673734110715,0.0649299005362272,18099.504478204948,17831.6,-7193.0,16814.0,1005.532794094752,22.401387765712062,-1.830644004054492,0.2254698724080099,12.200450838942384,-1.86641678443611,6.099180272790761,2260.6275354121294,1658.6,-6.318192360029804
9,121,0.812080537,4874.320784431754,5190.069769072223,10122.0,4739.420099282918,2846.567933553286,-0.6241945987770428,145987.58022700934,15672.0,325.0433273800618,448.2152433266162,162.87987893037015,141294.85690049213,137.87546224488597,5030.764192874469,5028.580418109673,3996.791516561953,136.00393538053913,266.8065131442808,297.2209993256701,1.453962221994003,0.6667001874313871,-310.3516466495862,-391.0,0.3838768760306266,-0.115134897394455,6.700067491793715,19839.75895872029,17925.2,-5910.0,18097.0,1457.8118191316737,20.26944158568295,-0.0302012647468213,0.2229246596776182,12.015230230657767,1.1250321483203558,9.14877040918614,3204.642508902006,1658.2,-7.096273308214469
9,120,0.805369128,4933.928664497786,5135.956659541535,10463.8,4760.317994625547,2269.1831722199336,-0.5029340368446462,146680.12109451924,11078.0,270.93021784937446,465.37579852508577,185.89917011558595,152566.54334045848,-439.5092990884664,5265.521891354021,4611.575440406869,3641.558353102994,166.64170881671825,244.03815364633675,320.8281736514168,1.156673591414055,0.0140248326652626,-665.5848101085453,-5336.0,133.58339466839334,234.6425635821579,6.688518860747576,19987.68608360433,17926.6,-6480.0,17527.0,2008.4400165302425,22.69176525872084,-0.682876619512946,0.2447642640827215,11.109956924790437,1.1457831823116966,9.027735042633893,4151.671199058914,1656.6,-3.1962870731524453
9,119,0.798657718,4981.554327712226,5140.787702649269,10915.6,4850.881021046078,1930.8157745987069,-0.2816095573277187,147351.60150732286,10718.0,275.7612609571079,423.3893467923715,178.84896599237402,151824.1485962831,-777.8766967096931,4961.674337682879,5413.580308422302,3950.645303295322,210.37620644379183,386.8108660757628,318.2197882223514,0.9787741037693,0.2028946662969363,-356.4978599162173,-5778.0,76.84424595714972,-69.20499008898423,6.68011649592605,20188.68394961548,17847.8,-6940.0,17067.0,2831.7808354461336,24.05075581645276,-0.4940067858812722,0.2647776746088367,10.297796992937856,1.1606903566133986,8.154753215150041,4764.331008218171,1610.2,-2.309977452125392
9,118,0.791946309,5030.426412666503,5102.813696612666,11409.0,4859.917247604657,1953.9265920823248,-0.1483961999034066,148183.90127196102,10131.0,237.7872549205049,426.046761857129,172.42035141960557,150773.30003272786,-754.7658792260752,5137.0814105711015,4464.71068564883,3655.97322481792,192.84445905626097,378.5591786512157,320.78766647319134,0.6307946975615166,-0.4918581340343356,-651.1699383936193,-6338.0,2.8254056534215124,106.20208279923828,6.67541513100618,20543.75519810291,17246.8,-7278.0,16729.0,2645.8306257204,24.24779100449709,-1.1887595862125442,0.2784309171702821,9.014939000275938,1.168866667352782,7.463243262818112,4944.048013468985,1746.4,-3.60623731287941
9,117,0.785234899,5080.603775185676,4833.391048052687,11738.6,4926.925264572124,2040.5012267980808,-0.0809186221049356,148928.23244575426,9392.0,-31.63539363947348,272.0881466290574,183.3048346788375,148182.31335880965,-668.1912445103192,4547.133466135459,5005.172981543215,3997.117773719551,113.56394737272716,375.4706871444898,175.15078537069925,0.4833339814431783,-0.7963546628839286,-310.0253894919879,-7479.0,-318.01317438367823,-483.7458616364047,6.692924159598179,21210.53841008216,17546.0,-5697.0,18310.0,2783.4376766868704,24.24402376248798,-1.4932561150621373,0.278475791066051,8.375530977988774,1.1375922442751982,7.190271204899014,4556.964304768599,1829.2,-4.693948841591394
9,116,0.77852349,5037.075823217141,4972.4300092295525,10031.0,4852.163954290305,1814.0780990847045,-0.459519139287506,150234.77160932036,7671.0,107.4035675373916,286.0347812785017,202.879627665978,147827.55271832287,-894.6143722236955,4773.59974508856,4120.883531841955,3542.631034585173,120.82941646338352,499.5487031168018,233.77481620903245,0.7469534759505959,-1.2263023984814645,-764.5121286263661,-8929.0,-373.4226745330625,-257.2795826833035,0.0603779952676073,19554.31705501145,17309.0,-7095.0,16912.0,2334.073520692954,24.55811435314225,-1.923203850659673,0.2675715372103838,7.5897281665554175,-1.8708632332616224,3.5355339059327315,2126.303226993429,1871.6,-4.228519742480881
9,115,0.771812081,4976.287180443161,4832.013445671629,9397.2,4723.870173222495,1827.2217769342035,-0.6722900166907937,148834.08118892592,8340.0,-33.01299602053223,326.8866883024243,192.51655199512356,145563.09123848606,-881.4706943741965,4312.81302658576,4820.06181516567,3763.201495021058,126.48664539702592,496.596140770294,251.8499535958603,1.0566743912018424,-1.0498295543511764,-543.9416681904813,-8505.0,-507.885510670656,-718.0663011861034,0.0655402120843396,19096.328494388552,17341.0,-6320.0,17687.0,2222.652851886682,25.110737096649288,-1.746731006529385,0.2591636084772545,7.731760412237286,-1.8677632446763088,4.438468204234423,2546.564247649056,1876.8,-4.9860331526437385
9,114,0.765100671,5004.994975538624,5284.326678126585,10439.0,4715.466416919378,2860.870933776606,-0.6026822618907666,146931.52292601828,15973.0,419.3002364344238,342.5732256817508,222.3044104169743,142311.35728174492,152.1784624682059,5046.03760637998,5057.419841627684,4065.718663385048,106.1733372324931,395.54697869609794,239.71321174758688,1.083148518829105,0.5509334402970726,-241.42449982649123,-569.0,34.82546444156651,15.158278608117143,6.198468907970068,20831.918617923708,17504.2,-6124.0,17883.0,703.2355935246745,21.68724605672468,-0.1459680118811359,0.2628301526588618,7.541755052929616,0.8930937898824995,6.2689712074629815,3213.506296741116,1915.4,-5.709498481387761
9,113,0.758389262,5047.82523169586,5316.964977398846,10725.4,4778.730884069104,2276.3845899308417,-0.4740526352328292,147440.46366181955,11477.0,451.9385357066849,450.059399715815,206.57777670758173,153318.00371173423,-432.3078813775583,5472.546249678439,4807.054426518687,3872.889328316274,159.6877609248369,375.112420821571,338.6258844559141,1.013051411603736,0.1512899992553505,-434.2538348952653,-4906.0,319.147741402051,441.66692190657614,6.1887067397117885,20930.31146629108,17596.0,-6819.0,17188.0,895.7336099533175,25.12218776502813,-0.5456114529228581,0.2752595865988237,7.150461542951637,0.9107189531838766,6.2689712074629815,4072.716437298866,1833.8,-3.442124392805656
9,112,0.751677852,5101.486924516792,5101.699512157348,11038.2,4836.914472200326,2067.049109648261,-0.3044043792090776,148233.7296875952,10921.0,236.6730704651873,422.1696134303874,194.54818103733305,152148.64348768778,-641.6433616601389,4839.877187548397,5315.491365959424,3913.442568868776,141.2295597631444,444.6132726472175,331.55537210022817,0.8325604389998082,0.0518866172348297,-393.700594342763,-5915.0,-27.095233727570303,-191.00214022346609,6.180879216478156,21036.9631212244,17779.6,-4779.0,19228.0,982.7558191127652,24.502751132864503,-0.6450148349433789,0.2834046329932165,6.746820760824517,0.9245422408981908,6.387487769068517,4631.638217570207,1773.6,-2.747485396262323
9,111,0.744966443,5144.111175536968,5185.551264330434,11635.2,4932.42374843965,2022.8923255198265,-0.1357907887381493,148910.65259380458,10431.0,320.5248226382728,442.7112931609938,129.94107097782617,151212.16724936987,-685.8001457885734,5248.9221074884135,4558.11927799008,3743.71661140908,123.61598912688642,286.6397104611753,304.7168599797416,0.6595128933928239,-0.383234446126823,-563.426551802459,-5944.0,104.12370666356128,218.04277971655029,6.176365291816745,21375.247713489072,17990.2,-6042.0,17965.0,1020.5195735506506,25.860451520696948,-1.0801358983050315,0.3067959159274904,6.410521837881779,0.9323952587699902,6.542170893518438,4825.958766502496,1910.4,-3.2450229837625004
9,110,0.738255034,5196.913246713862,5096.023801556094,11886.0,4968.019338758875,1975.9877154045605,-0.0843462603373996,149776.20020405095,9693.0,230.99735986393355,354.9045364321522,116.68408872167193,149890.8292897181,-732.7047559038394,4557.038525893081,5057.81477453359,3853.357786328952,51.42130681000359,287.3715224184139,235.2865195471456,0.4906919398246691,-0.792606912347428,-453.7853768825871,-7251.0,-329.9075590745315,-473.8408018787823,6.192379232099937,21960.69687656124,17887.8,-6832.0,17175.0,1446.5955550878764,25.37897985852252,-1.4895083645256366,0.3037478675832925,6.2864286953010895,0.9037653133477512,6.542170893518438,4423.8254023248655,1957.0,-3.9439112390449993
9,109,0.731543624,5166.217720578755,5130.84904745105,10245.6,4941.457566791273,1866.3121937159044,-0.4077209105369571,151090.11946034973,8422.0,265.82260575888904,354.8351393131981,88.34412175335902,148880.95356323867,-842.3802775924955,5034.500749691304,4338.307461633445,3706.96646455463,62.977917324879286,388.1805626417165,240.6604232013088,0.8001249858708255,-1.0659398107007152,-600.1766986569091,-8771.0,-97.9833953964453,3.6214219194407633,0.0546543154814676,20214.96168762543,17770.8,-6709.0,17298.0,1283.6929149917444,27.204265751010908,-1.7628412628789238,0.2776375061381878,6.068409177548256,-1.8784558259248616,4.878524367060168,1934.449827733787,1993.2,-4.093783295680189
9,108,0.724832215,5081.5919030535415,4893.835889772778,9446.6,4756.8193153627,1843.7583480509795,-0.6420819887749534,149771.11915750537,7850.0,28.80944808061668,394.7258893567473,103.1813332301154,146723.00219751243,-864.9341232574204,4245.757878082011,4727.292752604052,3666.881588401547,61.622306909241104,390.24052341525936,279.51525784378555,1.0588614043533875,-1.0205153919346308,-640.261574809992,-8901.0,-604.0435157408156,-785.1214496898519,0.0613199362336779,19769.36345153036,17793.8,-6704.0,17303.0,1362.9590969651297,27.64689389964873,-1.7174168441128392,0.2544603327763091,6.026576450933575,-1.874907125719548,5.319774431308138,2246.487716270222,2068.2,-4.165908562932829
9,107,0.718120805,5097.392989601545,5180.704944897374,10490.4,4748.534517082288,3100.6402469376435,-0.5467311809752496,147964.29002979863,16142.0,315.678503205213,402.5650029811294,209.0617828200045,143114.497849154,391.9477756292436,4961.075832684665,4950.947287202807,4183.689544470691,60.31839945368532,291.2010505362373,274.0028528366166,1.090914414854318,0.5286406562333485,-123.45361874084848,-696.0,-68.51922512963029,-69.80349508719792,6.069657214088579,21299.06341828925,17505.4,-6221.0,17786.0,1844.771178222384,24.438676703982978,-0.16826079594486,0.2538790339673101,5.981791802234595,0.8330565393747446,6.284902544988253,3134.1697290585494,2050.8,-6.066701859661613
9,106,0.711409396,5126.353713151753,5330.354882081471,10822.6,4784.711582739127,2565.09324180621,-0.4334765646662844,148629.99700653896,12293.0,465.3284403893104,451.0047420543703,208.13193824781965,154540.7021330717,-143.59922950219016,5412.682074203278,4751.805007449399,3952.43819091714,104.39184178888692,275.67148924281423,330.2436023595941,0.9764002076999304,0.1830386354180035,-354.7049722943989,-4283.0,285.00903494775685,381.80274643141456,6.061205755197391,21427.19919680147,17523.6,-5951.0,18056.0,3845.0315993499976,28.88570821585112,-0.5138628167602051,0.2539196225361011,5.572166167047191,0.8482693559536558,6.655824516917485,4119.5572783834,2089.0,-0.9999434017846328
9,105,0.704697987,5101.826526526993,4973.3878684322935,11254.4,4752.659534248998,2536.885319006281,-0.2850400920650805,149377.86922090323,11780.0,108.36142674013264,483.8613804831761,209.02862790157425,153630.19036153937,-171.807152302119,4383.739544095375,4848.997864160615,3927.0204256019742,107.33591693705768,232.7395690033404,357.16201192921443,0.7828538655992942,-0.0504245493414088,-380.12273760956487,-5092.0,-490.1678015251719,-647.1397836764882,6.05292538173315,21622.122571743,17530.2,-6799.0,17208.0,3820.2749639260255,27.12742064557008,-0.7473260015196174,0.2658404477400143,5.060471068543629,0.8629140477720629,8.228000972289678,4761.134108272451,2100.2,-1.2453403518055144
9,104,0.697986577,5127.642081700577,5259.926823318969,11900.4,4779.520356238364,2230.1121401029086,-0.1256979432824084,150180.5529289401,10947.0,394.90038162680776,506.0793801653773,203.22424295612475,152894.37210342303,-478.58033120549135,5187.2205057321735,4473.213635254899,3735.265558879084,120.21118096100192,178.4018916568394,371.0748617942587,0.535537175966025,-0.2692290667873546,-571.8776043324551,-5541.0,36.320714550381126,156.34117796031023,6.049454217911984,21987.620440409308,17619.6,-6262.0,17745.0,4340.074100749895,28.67131169560408,-0.9661305189655632,0.2783964357938363,4.509048423602172,0.8689559152996671,7.120393247567151,4946.558558713744,2123.2,-0.7523820220896221
9,103,0.691275168,5222.714146550067,5369.196214020227,12321.4,4851.849931442403,1986.9236517344948,-0.0496264042677532,151234.67081427123,10065.0,504.16977232806585,420.09966444470734,183.17854006978217,151993.59162416804,-721.7688195739051,4598.802273316622,5133.809793413432,3746.618054180392,164.4377222421341,245.2983527558065,291.6469509856066,0.3425014203311377,-0.6401576968613552,-560.5251090311472,-6796.0,-242.3956397206175,-432.0770544552415,6.064655247197591,22619.721417616423,17951.2,-5046.0,18961.0,3964.403586921998,28.63289129757228,-1.3370591490395638,0.2817841501621412,4.318774979597242,0.8417163501337894,7.648529270389169,4551.413737766511,2122.2,-1.1589421579469827
9,102,0.684563758,5253.338276370845,5333.825594001265,10742.4,4825.730244107342,1877.9864251241768,-0.367676507194398,152697.00387611444,8270.0,468.7991523091041,419.8890633839086,218.5818029118521,150426.1631583702,-830.7060461842232,4953.930210497787,4214.740898003433,3405.58264417668,142.53560983073814,353.12332928138835,294.4110869179613,0.5091760004553844,-1.061609858399875,-901.5605190348592,-8591.0,-199.11766180494124,-76.94911727407634,0.0478701670240357,21109.71756564649,17677.2,-7591.0,16416.0,1948.9093616687264,30.076985344720786,-1.7585113105780836,0.2795931574936318,3.7775118054850902,-1.8821494372940928,7.791020472312975,1596.2477078649854,2190.8,-2.2172414601873527
9,101,0.677852349,5208.231907179971,5104.823036127103,9811.4,4637.924736855819,1781.740289538183,-0.6060534565127261,151447.77234755552,7970.0,239.79659443494165,410.5120923811137,249.337465413873,148294.54449027695,-926.9521817702168,4180.768052218848,4740.31163591859,3337.745330667825,142.003760385929,352.61282124425486,268.1475193682582,0.5335278536880097,-1.008846111173637,-969.3978325437142,-8938.0,-654.0185013098599,-850.1112755530148,0.056983138773329,20562.534262863024,17416.4,-7255.0,16752.0,2090.8443988015947,29.31737666895833,-1.7057475633518455,0.2697304843186888,3.942527463156437,-1.877072568389289,7.791020472312975,2270.3723506364126,2109.6,-2.598978552250016
9,100,0.67114094,5292.823752423647,5396.347094650669,10721.2,4762.925407847007,3097.2334570056414,-0.49520896474006,149537.47377421378,15435.0,531.3206529585077,424.90079318237485,363.3559443592662,144078.6974948307,388.5409856972415,5154.5900862250855,5156.3222961473,4253.958499147692,87.86470669103421,410.91814702987546,306.08392817201434,0.5975056706265048,0.5037979095219215,-53.18466406384687,-543.0,134.83555343077205,123.7107584532223,5.985274888094681,22086.62140236851,17620.2,-5780.0,18227.0,2227.6592647889406,23.707307776392053,-0.193103542656287,0.268550161349867,4.461033665872696,0.7921484244174287,6.442049363362552,3441.85672151968,2114.2,-3.4369068177141298
9,99,0.66442953,5348.725845038159,5539.437286391533,11041.6,4847.987222757601,2608.2341900977453,-0.3959436880898223,150067.4760578032,12416.0,674.4108446993723,539.3138260549687,391.1915785695056,155544.38352137004,-100.4582812106546,5598.380250633935,4928.300319723641,4013.7656861937535,114.47454958322544,385.65756868116375,420.5986542271866,0.4854571035495912,0.2270973164638345,-293.3774770177856,-3939.0,461.6297891033482,567.500922862072,5.973966949995376,22161.69761654283,17532.4,-6701.0,17306.0,1248.1673765965857,28.534578536736905,-0.469804135714374,0.2844582164431625,4.440780612415156,0.8125494383473424,6.760177512462215,4247.269249999212,2205.6,-1.1389686987682686
9,98,0.657718121,5347.775965753977,5364.446817599316,11519.0,4914.983945691629,2398.178801205869,-0.2179815198659828,150543.54434319833,12129.0,499.4203759071552,512.8535658395729,415.0920750722869,154373.93305114366,-310.5136701025308,4975.322472913674,5428.908353073667,4063.2314910553982,110.12951204565788,458.5654491955025,418.8850167450545,0.2987927986696032,0.2496531442578416,-243.91167215614087,-4409.0,92.58797494952796,-55.55685485818958,5.965834955367277,22257.131779992134,17229.0,-6563.0,17444.0,847.662078897011,28.378357852988405,-0.4472483079203669,0.302158154212048,4.422788274392798,0.8269302779064729,7.436396977031269,4675.001473077409,2246.6,-1.285856343999345
9,97,0.651006711,5396.566380894959,5577.77766970618,12266.4,5030.474892819542,2353.2357266109866,-0.0552794152083097,151149.11778244626,11658.0,712.751228014019,567.5446843518107,350.03309693033634,153454.03035460992,-355.45674469741334,5521.310678824721,4799.207983789261,4030.469942437613,139.7165592083885,283.1662440081952,440.6129535559959,0.2639253862762077,-0.2480993351115095,-276.673220773926,-4854.0,378.33707383462206,490.4313510528582,5.961816500579102,22549.919127360325,17535.0,-6061.0,17946.0,1660.8239822449586,30.807585755430384,-0.945000787289718,0.3098089103114086,4.460257490762599,0.8339223348650687,7.190271204899008,4850.285054194974,2278.2,-1.5495040022616449
9,96,0.644295302,5480.623581782756,5525.109040566079,12778.0,5118.424120144751,2048.212987522712,0.0662707086010669,152070.16184004507,10555.0,660.082598873918,384.2824814054468,189.81485597484144,152899.764778271,-660.479483785688,4673.320968663473,5175.997670636839,3724.3564296001873,133.84673128898797,243.44393409965133,266.15067912417544,0.1841267011524849,-0.4010954921267536,-582.7867336113518,-6380.0,-214.27236468381125,-357.5583591083905,5.974109963295835,23229.38837079227,17629.2,-6784.0,17223.0,1497.7719118744358,30.14357957228416,-1.0979969443049622,0.3169845319591398,4.302008003159833,0.8119358587549292,6.300793600809332,4544.862633933612,2297.0,-2.14747155243579
9,95,0.637583893,5512.48021726197,5555.630272046741,11261.6,5072.903543340014,1891.982978494388,-0.2218446935659696,153495.15257660934,8204.0,690.6038303545802,387.7443363717813,267.177878640824,151203.651177652,-816.709492814012,5070.5558700018255,4315.701615848092,3443.7679424619914,70.62845441150894,419.4924415232298,292.00946983619133,0.4034312093484495,-0.9367791013132613,-863.3752207495477,-8125.0,-92.76733059291928,39.67654222996225,0.049802675591519,21714.87434816066,17429.6,-6778.0,17229.0,1483.349857585864,32.060940499660994,-1.6336805534914698,0.3072052833097378,3.539964530259888,-1.8719129654518996,4.4944410108488295,1584.2982917950274,2347.2,-2.253725951594421
9,94,0.630872483,5433.783324844675,5145.952824305061,10297.0,4841.449521044724,1979.604987202306,-0.45048410060835,152024.62916884277,8295.0,280.92638261289994,501.7240711352904,304.666531919859,148191.7664825374,-729.087484106094,4167.5901639344265,4710.418923734854,3432.6837554003773,135.87305977510584,430.82767239237154,397.9926780621128,0.5298866014513373,-0.9160997187480672,-874.4594078111618,-8762.0,-695.6403223730986,-863.2891638374367,0.0501700251153343,21263.407481344453,17357.0,-7064.0,16943.0,1817.3303772291931,29.749989736440394,-1.6130011709262757,0.2893635738823211,3.619376107344221,-1.8717148225579807,4.816637831516904,2367.1581222585464,2339.8,-1.4159805964940648
9,93,0.624161074,5468.500503565051,5538.032711201194,11001.6,4851.025841614456,3238.0450713295336,-0.3933586861589967,150085.49045715868,15149.0,673.0062695090328,517.5803197684203,371.4726328226376,144678.23949272302,529.3526000211336,5165.652872786645,5161.893027052895,4282.487408952472,139.56933084810427,356.92542286017925,404.4990231324108,0.5860342173818005,0.5352802165046077,-24.65575425906718,-886.0,140.4695777981915,134.77354501478203,5.937604222238221,23017.84465673954,17813.4,-4281.0,19726.0,2004.6611933192107,25.09646244617012,-0.1616212356736008,0.2979137769951759,4.162184615227791,0.7768895093842534,7.924645102463576,3609.3117751449104,2286.6,-2.8496071976927784
9,92,0.617449664,5511.619502052172,5793.37266214178,11329.0,4897.331702466162,2665.915890267995,-0.2628287458678029,150790.73020071635,13164.0,928.3462204496192,582.9959589887624,362.64562837286894,156980.2290723982,-42.77658104040484,5731.321907993967,5057.818665158371,3972.776966344376,180.7892004331591,369.388980702542,478.896407983549,0.3669827437642466,0.4045503663444598,-334.3661968671631,-3217.0,609.8663780931502,700.442580222104,5.920050007802928,23046.28651093939,17699.6,-6630.0,17377.0,1810.6287581942363,31.119563135728203,-0.2923510858337487,0.2949898410491914,4.016926866602705,0.8088253908819718,9.555103348473002,4696.276118305378,2277.2,-1.105128028968785
9,91,0.610738255,5489.094347557805,5412.483268094251,11714.2,5028.475623440964,2451.7169763453203,-0.1260263592771608,151141.44104120918,12140.0,547.45682640209,577.1014004576672,475.85735596927645,154653.3189807353,-256.97549496307965,5343.198288433495,5740.373244301174,4474.356964938183,172.7627876878926,531.457503388542,511.4985917054751,0.3263257040694978,0.2829164408264569,167.2138017266443,-4454.0,441.4472401901994,312.31896066163154,5.914717351184101,23101.544444366304,17847.2,-6046.0,17961.0,1987.2562240435936,31.27938024538616,-0.4139850113517516,0.2898194415665866,4.117832205806623,0.8182041907103255,9.98498873309329,4972.466672823122,2238.8,-1.1013774081487768
9,90,0.604026846,5494.502471722835,5582.670892871893,12398.8,5122.79491374556,2344.1611356055514,0.0527922996223303,151769.68356523936,11674.0,717.6444511797317,604.9613878182057,401.1370740793189,154344.86379780291,-364.5313357028485,5508.937474188486,4767.665193689601,3871.656679608431,172.98812119844038,411.4435347391744,514.9893518274072,0.1183777637243542,-0.0426858068158056,-435.4864836031079,-4702.0,378.82912093005416,478.05814641662255,5.909618628416234,23366.4469888555,17759.2,-7218.0,16789.0,2225.919315698573,31.440698523197952,-0.7395872589940141,0.2966670079842384,4.129140183026485,0.8270661967390541,10.064790112068904,5206.674394091961,2263.4,-1.6133561407268466
9,89,0.597315436,5572.272543044726,5534.803180914513,12963.4,5267.0910799415415,2159.3217046676104,0.1779568409143475,152717.74925049348,10865.0,669.7767392223523,323.95448410806546,254.61503966890112,152932.094908808,-549.3707666407895,4883.249286887371,5386.473247471691,3964.334558874789,131.127678461952,364.9476597026465,235.04854666190468,0.0209491596616554,-0.2902770122879814,-342.80860433675025,-5939.0,25.840508606809635,-147.6300408844918,5.922629301790061,24002.41346410764,17740.6,-7157.0,16850.0,2036.3170185410725,31.02426009465724,-0.98717846446619,0.2949988411581087,4.079476617366621,0.8040063607800484,9.449867723941962,4798.269929752626,2236.6,-2.123688091366057
9,88,0.590604027,5566.94758415667,5511.407916760913,11564.0,5227.754763295734,1985.326315614829,-0.0930001278742758,154136.4214243307,8401.0,646.3814750687525,327.37321484596526,336.62286457603346,151771.60036190908,-723.366155693571,5139.643338611174,4349.195566613888,3534.824062415511,105.52877313969756,538.5627648924751,283.8484556502784,0.2437069675422439,-0.8195046274385093,-772.3191007960281,-7883.0,-56.21200543084342,108.76401083931069,0.0758559757048498,22248.50199217611,17222.2,-6873.0,17134.0,3061.137893006456,32.15883017641673,-1.5164060796167178,0.2740158828455813,3.426400435380586,-1.860559475528748,7.549834435270746,1982.021573741574,2285.2,-2.177773121463108
9,87,0.583892617,5466.278881019824,5290.029146457549,10437.6,5008.811448627226,1914.9322102043493,-0.3258513303161989,152588.42838171092,7973.0,425.0027047653885,440.0924443096494,391.8424649755359,149240.26385929922,-793.7602611040506,4384.932550655002,4947.149766556367,3512.6732920731465,74.501691960792,540.9592987206698,373.7254111602914,0.4181812380494221,-0.7597056458651555,-794.4698711383926,-8849.0,-484.8501952493907,-645.9467771168611,0.0502613128660528,21817.813770932484,17001.0,-7736.0,16271.0,3037.3862447834986,32.42532561328701,-1.456607098043364,0.2826818481593586,3.5603408332722477,-1.8734172362016424,4.979959839195484,2250.7896109243857,2341.6,-2.300340904882292
9,86,0.577181208,5496.667398684692,5564.425856418588,11213.0,4982.659749226409,3362.526966549585,-0.2833220512003799,150784.64330044578,15475.0,699.3994147264275,442.8400645548129,424.5210241944861,145634.39357440968,653.8344952411849,5359.4949721296325,5341.0182487885495,4558.205583688717,80.06022454955851,429.32498053888975,343.8278639677292,0.4182017854697167,0.4955628364055519,251.0624204771775,-577.0,310.6887431861178,328.61564435776927,6.0907288558671935,23422.597034256432,17244.2,-4830.0,19177.0,3190.222202292499,28.149666147072,-0.2013386157726566,0.2859238984370733,3.673526251421147,0.8456646427275103,6.542170893518437,3603.6557764114095,2357.0,-2.726712765108376
9,85,0.570469799,5514.639610954132,5672.531954219095,11613.0,5093.28601515282,3023.0793198940623,-0.1929383643825883,151228.98033686163,13879.0,807.5055125269337,639.504070789301,577.0914226008111,156566.548979882,314.3868485856624,6119.07322101372,5463.491647117367,4766.87593649871,97.06800240133865,463.49791608076833,523.9644204974494,0.5047469561759251,0.4092326272731524,459.73277328717086,-2702.0,931.9604505621072,1088.193893241857,6.088238338082556,23585.06389563932,18670.6,-86.0,23921.0,2895.565177992028,34.77403494635851,-0.2876688249050561,0.2884164615119613,3.5028575097829595,0.8501364564242074,6.648308055437852,4089.967461642907,2390.4,-0.4067932818395235
9,84,0.563758389,5574.812911422812,5835.669683257918,12077.4,5147.395124624318,2507.0111118038644,-0.0250269929351953,152126.0132700968,12998.0,970.6432415657572,619.1842597557445,574.5695281288081,157417.25957498385,-201.68135950453552,5165.923157724628,5621.3043390433095,4138.644392732485,200.11447911233455,509.6993486343633,522.4873038633406,0.3624436477831015,0.5492798449489835,-168.49877047905375,-3617.0,296.386055964299,135.043829952765,6.071381356377112,23636.654356804345,18743.4,-6793.0,17214.0,3195.376769647048,34.86635025038629,-0.147621607229225,0.2974978641056757,3.234755891122358,0.8804814007293954,81.32035415564789,4884.103621158945,2385.6,-0.5882133737706596
9,83,0.55704698,5627.968946941817,5777.188094355935,12852.6,5240.996034578457,2544.6830275821994,0.1521962365201532,152880.19610002445,12400.0,912.1616526637744,633.3506753120671,491.87979954433297,155542.5145115475,-164.00944372620052,5577.630727429912,4865.324152978469,3994.800690891229,207.7065352244924,328.4038119858377,506.8918075125568,0.1556347484406224,0.0666115198382339,-312.3424723203102,-4007.0,411.7925443398526,546.7513996580492,6.065545857456753,24001.421437458102,18713.2,-7024.0,16983.0,2816.835458453334,35.06967037981276,-0.6302899323399747,0.2971827776582893,3.044097715743697,0.8906540781860587,81.32035415564789,5105.022900488762,2412.6,-0.6855593243097924
9,82,0.55033557,5715.92139337913,5729.791378644111,13487.2,5357.29570489687,2340.632485862364,0.2407803461298602,153838.1358059457,11282.0,864.7649369519504,435.71320832606096,321.71024726094845,154029.96238890558,-368.0599854460361,4995.294663174617,5450.851358893993,4181.351059428412,176.89785661520142,287.9391909108415,313.609981877833,0.0979083571220936,-0.3167850978166205,-125.79210378312746,-5676.0,96.64815634267416,-35.58466459724605,6.078105351031019,24711.769500439983,18926.6,-6669.0,17338.0,2750.647560121072,35.81567097857943,-1.013686549994829,0.2774524053139447,2.8641211726027445,0.8683397632483512,82.2173947531786,4745.881576516488,2446.8,-0.887699094818841
9,81,0.543624161,5769.057045694881,5830.104117997344,12111.2,5319.19549884598,2071.216262223706,0.0172276892517137,155295.49347052418,9011.0,965.0776763051826,441.9227637931457,401.9989773265781,152921.181897302,-637.4762090846939,5268.851724611791,4509.782419495214,3659.394162110381,98.70070480362205,473.4624739159513,339.1470392078559,0.3368650250132255,-0.6222004479851806,-647.7490011011582,-7457.0,120.18771293167084,237.9723968399276,0.0639742280614444,23245.018532503025,18514.6,-6890.0,17117.0,469.4611805037811,37.45940933823653,-1.319101900163389,0.2493082587466241,2.431966260329287,-1.8642225098911176,80.80408405520107,1711.104792618653,2573.0,-1.033789569642017
9,80,0.536912752,5696.863830497141,5311.565878230399,11053.2,4992.177707872484,2312.923617624084,-0.188913590604794,153962.06891326877,8511.0,446.5394365382381,538.6098718260336,326.28131355874774,149899.42619360492,-395.7688536843161,4144.689662724485,4676.697328077092,3425.816705426484,184.98117102709895,487.13147886339664,437.5347881762745,0.2615350583569403,-0.6214737720093867,-881.326457785055,-7992.0,-703.1285043053767,-886.1896650473782,0.0706694543582904,22710.470043536778,17105.6,-7131.0,16876.0,770.0903843056369,35.74388834815844,-1.3183752241875952,0.2178277568040816,2.51474716186308,-1.8530922159469805,81.19113252073775,2884.876875551283,2635.2,-0.680535911277086
9,79,0.530201342,5678.790627077053,5745.303666157478,11697.8,5018.325673538298,3505.198311341277,-0.1917448816961676,151671.61918685693,16112.0,880.277224465317,575.1945474228573,504.8188384460387,145965.0109429246,796.5058400328771,5478.701277600333,5459.957575336759,4735.3613757200255,159.24175793404086,440.8865604044414,459.7054156129428,0.4312760937457571,0.5351233894921157,428.2182125084864,-394.0,427.1258842933749,447.82194982846977,5.543520266525812,24386.262842127067,18395.8,-342.0,23665.0,1197.283258047152,29.946728224508814,-0.1617780626860928,0.2170303069520175,2.690981630551465,0.6028670684534042,7.362064927722382,3804.331340731935,2800.0,-1.3971332221762531
9,78,0.523489933,5753.8026671315765,6152.248294628546,12035.6,5078.872585246475,3049.3462489798417,-0.1214979183101997,152336.98156206633,14398.0,1287.2218529363854,645.473065645955,522.6979313698203,158869.3263875946,340.65377767144173,5863.995452342789,5173.930741417229,4303.610505796068,256.39770801324,440.2288383722269,530.3917678431682,0.3529132041872739,0.4178463367680731,-3.5326574154714763,-2318.0,714.5271028807274,833.1161245709254,5.530329296358426,24415.735834562045,18457.2,-6717.0,17290.0,1726.187996714148,33.252892206488454,-0.2790551154101354,0.2238517158845015,2.6637840962541666,0.6269255477254906,6.3007936008093415,4853.934327403669,2829.6,-0.4426963942538512
9,77,0.516778523,5764.915355678875,5785.354821380607,12532.0,5144.732085502683,2845.094667704649,0.0112180618945751,152874.63404034983,13209.0,920.328379688446,642.6586904693928,567.9166360201289,156718.2247803231,136.4021963962491,5328.40942404359,5749.985610682629,4549.864147760129,258.0912384090217,520.5930563165022,545.284276152707,0.2368276337904489,0.3467948032072541,242.7209845485895,-3194.0,425.9456576237199,297.5300962717265,5.52342457465378,24518.95874333676,18471.4,-6598.0,17409.0,2280.554493977288,33.79825063989821,-0.3501066489709544,0.2385079672069776,2.6086256094023743,0.639074494279528,8.905054744357267,5277.814278911304,2748.0,-0.6607242744357487
9,76,0.510067114,5819.941505122196,6105.234865213949,13327.8,5228.435760731079,2717.921883214409,0.1624688075083332,153612.78511141235,12812.0,1240.208423521788,679.4247655092813,508.818113997184,156611.93725261447,9.229411906008863,5701.1928252989455,4989.088579642515,4066.611029696276,298.5570152809053,414.9029443765356,562.4118692650638,0.0218154431122254,0.1340532800836096,-240.532133515263,-3478.0,538.7060890736448,670.3134975270823,5.515877857940975,24737.84012837165,18461.8,-6938.0,17069.0,2352.9668080956862,34.27606594757398,-0.5628481720945989,0.2611606161680263,2.576999061078088,0.6522208786560305,8.584870412533895,5574.602051229736,2697.2,-0.8979239515790701
9,75,0.503355705,5969.444906225159,6059.082883745214,13935.2,5384.053081566277,2511.0312614889053,0.2597643807123634,154637.63627192558,11688.0,1194.0564420530527,347.82951089352133,299.6823682546164,155023.68199617125,-197.66120981949464,4964.858118691263,5452.8435868430215,4052.197164878493,220.44470034993972,292.73028749559546,233.80369019827955,-0.0147028852884537,-0.1349959059892358,-254.9459983330462,-4955.0,74.95809987061875,-66.02120908059987,5.52795184800476,25450.20673449082,18862.2,-5129.0,18878.0,2701.8411685367446,35.35474288417324,-0.8318973581674444,0.2971634461983445,2.511636243899343,0.6308298336939502,8.348652585896714,5082.991887981652,2665.6,-0.8350153417693361
9,74,0.496644295,5989.049508079077,5843.32667542707,12591.6,5274.214380806667,2567.4878970847835,0.0525286120533592,156018.96238820272,9360.0,978.3002337349088,400.4704846647523,337.65801758238246,152871.6415243101,-141.20457422361642,5020.5929478756025,4300.588567674113,3640.271265675572,152.46184628474063,547.326540092782,342.7725540805433,0.0252330131420126,-0.5010554538029047,-666.871897535967,-7112.0,-122.06761950467536,-10.286379896260769,0.0679617405413525,23895.575227432324,17505.8,-7124.0,16883.0,2927.972762851459,35.22846967293983,-1.1979569059811133,0.2815011268947176,2.393354487719882,-1.85909175152297,6.348228099241548,2205.127902202024,2547.0,-0.7359025122118582
9,73,0.489932886,5874.843042858944,5581.215968527873,11512.6,4985.114506156036,2355.9448685480475,-0.145205727158242,154414.55239254708,8907.0,716.1895268357121,569.9971433765295,440.7512360176848,150847.27640931646,-352.7476027603525,4160.61013009075,4662.16996736555,3404.562848201663,177.26832393960217,584.4196522569125,504.85442565822086,0.1572275378086332,-0.5708253592899333,-902.580315009876,-7713.0,-730.9722703724219,-870.2691976811129,0.0474945154802835,23511.00761579388,17407.6,-7208.0,16799.0,3086.263161170804,34.72974521857451,-1.2677268114681417,0.2646207509071058,2.4288724935567148,-1.8705380927858173,6.379655163094629,2567.7039739190877,2580.2,-0.509795746615621
9,72,0.483221477,5891.590502291676,5869.092118544272,12022.2,4981.054519130291,3604.73791653657,-0.1095224360510278,152479.37319378633,15348.0,1004.0656768521112,588.5357214902092,481.1598607433751,147042.3287865194,896.0454452281701,5453.52513598385,5424.638885773566,4663.994948806459,190.8852183757711,495.7278389433319,501.0147799942177,0.1622381313239387,0.5252112587433249,356.8517855949204,-646.0,405.6457224949872,422.6458082119871,5.668152573502858,25149.70753053012,17758.2,-4845.0,19162.0,2678.6945887876063,30.746087362180205,-0.1716901934348836,0.2561690491336014,2.498758716292546,0.6590037108363273,5.540758070878017,3926.0595932673914,2629.0,-1.393531308659324
9,71,0.476510067,5869.455131908677,5994.558013298955,12367.0,5015.315601663157,3348.299109552191,-0.0541786830893303,152025.53098685146,14930.0,1129.5315716067944,632.0285029194289,540.4951464037086,154342.72621794,639.6066382437912,5852.526801465599,5295.65215768761,4505.116195451248,163.2664932500337,517.7856187510694,547.8852595528632,0.0670323814800388,0.4107720448920969,197.97303223970903,-1754.0,710.0115017379821,821.6474736937362,5.812490280719093,29224.38290366386,17927.0,-6094.0,17913.0,2789.2512077616825,33.35693726916937,-0.2861294072861116,0.2668091124926519,2.6349156681154984,2.1403972744530555,6.906518659932796,3467.6821445262026,2649.0,-0.363348935335702
9,70,0.469798658,5917.294079082133,6298.277619612495,12918.6,5145.781126649543,2944.730357048248,0.0780570528100435,152782.4417525045,14176.0,1433.2511779203342,670.3728568164225,603.4300678937446,158808.23582443653,236.0378857398482,5645.58256227758,6016.74590747331,4653.4578802501865,262.1239231817722,672.098088116618,622.6653717605818,-0.0234107722556474,0.5261827735076336,346.31471703864736,-2197.0,727.285724802543,614.7032345057169,5.795170421858367,29321.681959810863,17596.0,-6784.0,17223.0,2852.6732199815674,34.066216263719085,-0.1707186786705748,0.2492394654817344,2.7350485587527773,2.1604732963715723,6.928203230275502,4472.401197957332,2709.8,-0.4032774237422456
9,69,0.463087248,5976.1026661797205,6137.369610915004,13776.2,5227.238283754756,3084.7399212915134,0.1852666393938676,153476.84860807558,13730.0,1272.3431692228432,664.8780256799351,530.567801501312,156343.67580216556,376.04744998311344,5450.122159203585,4792.378971165668,4130.403901022853,271.35386114957646,541.9319279645116,596.4167668292288,-0.1847968379298778,0.0349924791162159,-176.73926218868655,-2824.0,285.21816602139006,419.24283143172215,5.791562140594916,29640.76661609434,17524.0,-7484.0,16523.0,2512.516567109559,33.49593007178153,-0.6619089730619926,0.2549878549361847,2.7687540207834744,2.164569279806469,7.014271166700065,4721.904758498371,2773.2,-0.2085679987004157
9,68,0.456375839,6086.243523321604,6131.920254237288,14465.8,5393.413575543635,2796.12809756101,0.2704641676417227,154422.74585163602,12382.0,1266.8938125451268,325.8316036443426,259.07610826381267,155576.76262711865,87.43562625260984,4973.043855932204,5468.824279661017,4168.158301547951,235.9239733369626,437.5530076593727,272.06826347265684,-0.312546781157082,-0.1448377180506576,-138.98486166358816,-4265.0,99.90418857197074,-57.83547183965948,5.810786360303675,30279.159712833258,17525.4,-7201.0,16806.0,2923.215130639551,35.06952282678793,-0.8417391702288661,0.2602867872680229,2.8484820947940594,2.1423745915984997,8.414273587185049,4532.072181107641,2782.8,-0.5242694271424004
9,67,0.44966443,6170.319568046001,6289.472342166265,13323.4,5373.028605159379,2474.0318107229423,0.1006462367136579,155989.8547500296,9975.0,1424.4459004741038,325.6177698172617,329.0461239986097,154877.87327848733,-234.6606605854577,5475.693559383664,4714.377437389209,3820.610251584537,156.22519538204284,532.4207757885868,279.5276508546022,-0.1913121317614534,-0.3238783958969991,-486.5329116270023,-6358.0,303.720870573713,444.814231611801,3.32832158117501,28661.0402095524,16951.4,-7715.0,16292.0,2991.9004495470776,36.897618894508895,-1.0207798480752075,0.2466292206481237,2.8255590924993657,-0.402587029900795,4.774934554525333,1768.171578133176,2858.8,-0.6729839353462568
9,66,0.44295302,6035.446337013783,5320.19185813786,12327.6,5037.62457187463,3019.674443084872,-0.0370545098275533,154985.56132775295,9829.0,455.1654164456995,712.1335007451834,421.67984285034674,149321.2591065567,310.98197177647216,3895.11083980466,4371.700064046113,3526.0512455665707,378.7947034478205,660.7785016875956,633.8937397729029,-0.0743646338602343,-0.2777316878139594,-781.0919176449684,-6733.0,-967.0086646857648,-1135.768487967203,0.0763812873487419,24263.10395657638,16779.0,-6956.0,17051.0,2964.528208669974,34.39162097932235,-0.974633139992168,0.2332909219393395,2.88339199932644,-1.8650467919376108,4.604345773288538,3532.14576716922,2883.8,-0.6830378102898728
9,65,0.436241611,6010.886746349357,6175.479666290372,12755.0,4964.95123760456,3966.864783299618,-0.0193025740595744,152970.87098436404,16437.0,1310.453224598211,667.0929719329209,439.9096669176758,148734.78410749196,1258.172311991218,5367.215617170076,5364.237919546243,4704.604513541036,344.9041442614573,462.4036984330428,558.9384391252873,-0.048751562522983,0.6149424523475278,397.4613503294968,-60.0,363.9190534521913,336.336289398213,5.416782828170526,24725.92871071465,16851.4,-6422.0,17585.0,2885.887645075602,29.717907360921657,-0.0819589998306807,0.2591351388337571,2.8944211187456097,0.5422085303190816,4.147288270665544,3507.1947587877053,2872.0,-2.355885224746401
9,64,0.429530201,6271.545189935646,7440.661828846443,13516.0,5096.459330283153,3853.633339823153,0.0746320498272161,154112.43883190205,17321.0,2575.6353871542824,986.402283164653,547.5666381099674,162051.5150398556,1144.9408685147532,6634.440554970673,6369.477402616935,4787.830166395745,686.2436971139944,770.0922142092601,697.8657939419081,-0.065901080358066,0.504665598550169,480.68700318420633,981.0,942.7586294143556,1603.561227198809,5.39767954623668,24931.41538121576,17035.8,-6562.0,17445.0,2058.800014571596,41.46456576254087,-0.1922358536280395,0.2398467509575736,2.6353421484936184,0.5768870213321484,3.898717737923583,5437.854336601335,2823.6,-0.9690917546753464
9,63,0.422818792,6487.558947668023,7211.989042899179,14364.4,5390.963209180841,3799.040406395379,0.1771094017755649,155016.68778549333,16328.0,2346.9626012070185,1026.1387706227094,707.8573041353663,160098.0073950751,1090.3479350869789,6075.787865881988,6275.326622270404,5213.714067020422,769.5661210650294,899.0316416964744,940.62918992946,-0.1120001857073514,0.3675490416910864,906.5709038088826,-23.0,1572.423583060412,1044.908538110125,5.388386336624982,25279.176525354535,17380.6,-5477.0,18530.0,1973.8778330991013,40.222476769359616,-0.3293524104871221,0.2122759618913486,2.38031449819929,0.593144795495084,3.64691650576209,6151.392887108534,2783.4,-1.586254774929008
9,62,0.416107383,6656.2998753847205,7133.176980749747,15517.2,5425.194688941433,3628.265339400639,0.2878234312599516,155780.86205786074,15780.0,2268.150539057586,1069.16509087264,626.4731819521719,158698.7446403242,919.5728680922388,6164.756474164134,5942.817021276595,4528.881466733538,801.6235600248727,822.9598155528361,937.394790927651,-0.2346533686403289,0.2296917515249339,221.73830352199911,-594.0,474.87826937666887,1133.8771463922703,5.384300047537562,25814.213488310816,17450.0,-7368.0,16639.0,2266.5228214161016,40.39485509056937,-0.4672097006532746,0.1990637817232515,2.20717229986806,0.6001719402813863,4.722287581247038,6358.202460072121,2726.0,-0.8217333858106292
9,61,0.409395973,7039.287078069714,7235.127871562826,16415.6,5818.941835796322,3373.3087607055527,0.3639140697004749,157562.4813294836,14334.0,2370.101429870665,532.072492362465,267.6150102104068,158229.35546467107,664.6162893971527,5436.800948485903,5651.808344935607,4606.072570907816,484.5300994570336,421.1897210581765,481.7357477024274,-0.3416348714646347,0.1027215043886574,298.92940769627694,-2241.0,1001.7270695886835,405.9216207140398,5.400513223090823,26582.836126353195,17668.6,-5863.0,18144.0,2200.752075995841,37.79928996370552,-0.5941799477895511,0.1671739391526934,1.923798695297533,0.5712660185148257,5.522680508593635,5164.073616533396,2656.2,-0.9425128439543136
9,60,0.402684564,7233.901221119445,7148.550381539028,15418.2,5744.317100224504,3039.1672078288184,0.2473062507189339,159153.79081303254,11640.0,2283.5239398468675,454.39021071639,501.4313422909962,156691.33152523675,330.47473652041845,5728.683000827434,5473.870460604946,3832.598726952449,130.23393178797136,386.3931025862894,595.4342158340861,-0.3291033068940084,0.0319033574398231,-474.54443625909016,-5047.0,-9.20462440690062,697.8036730555705,0.0738307280647528,26334.072684259747,17377.6,-7877.0,16130.0,1950.687494192754,37.475743320361055,-0.6649980947383854,0.111785007914037,1.7499135013378706,-1.85814213026628,5.744562646538034,2123.2588189409703,2588.8,-1.5572014286788312
9,59,0.395973154,7094.898953944277,6745.650492970604,14277.8,5627.131462723688,3152.4333477439523,0.1612548618323664,157500.16670774535,11748.0,1880.6240512784436,600.6681868920288,577.5488905562478,153783.39451341974,443.7408764355523,4674.798155924776,4950.270859959832,3860.1456144496256,203.66414845608497,499.2574743228963,616.7338207664259,-0.2027324229412542,0.0744086541173313,-446.9975487619136,-4721.0,356.830441910276,-356.0811718470868,0.0394079795243439,25872.115891910296,17367.0,-6615.0,17392.0,2200.500124971595,39.460098827474354,-0.6224927980608772,0.093140025790901,2.009799757495358,-1.8765770195360207,5.718391382198324,2408.88020917841,2625.8,-0.8855051955168952
9,58,0.389261745,6938.085416136101,6427.921353858299,14278.6,5456.084940252547,3976.506899458388,0.213778184718853,155113.04617829196,16817.0,1562.894912166138,555.6248666295834,450.1588116825624,148162.40474780794,1267.814428149988,5765.203360681158,5751.058783726635,4806.112557937866,322.85389672477794,377.6529240395344,380.4526201842528,-0.200757155440686,0.6301656561235193,498.9693947263268,-19.0,717.1909707047089,734.324032909295,4.820601986600132,27009.330347713763,17138.8,-6618.0,17389.0,2209.5246547617444,35.38907261577646,-0.0667357960546892,0.1258820199619318,2.08777729807061,0.2701983449070401,6.503845016603642,4307.972799045841,2649.0,-2.6158625700061795
9,57,0.382550336,6969.828193366653,7291.890866902507,14489.0,5503.07216260646,3673.782964971677,0.2845850409879799,155847.9521248895,16978.0,2426.864425210346,630.3046008202004,454.2334520784181,162373.27437331204,965.0904936632768,6414.081250713226,6136.189242649017,4563.037063427122,360.8987176473255,433.2399735790592,389.69094847202086,-0.1942054378397006,0.5837260328705681,255.89390021558305,458.0,709.8143811462314,1383.201922941363,4.80016468624991,26757.70690626844,17273.8,-6693.0,17314.0,2656.6783772222047,38.10047054031428,-0.1131754193076404,0.1366016333614771,2.0739269399819062,0.3078960705887087,3.9115214431215817,5127.941559780819,2652.8,-0.321342294458778
9,56,0.375838926,6891.869810715929,6845.335958309207,14792.4,5592.540666184522,3512.235070966438,0.3517908133706475,156176.2427690717,15652.0,1980.309516617046,635.0177454591136,544.4603151635054,159870.80868558193,803.542599658038,5916.7144566685965,6100.633545647558,5018.17048314514,339.8272336396637,491.1862300653255,540.1308612183017,-0.2194951624296378,0.4387503663019957,711.0273199336007,-724.0,1449.0695874789935,885.8351288967333,4.792678187090286,26716.869325876716,17181.4,-6325.0,17682.0,2669.592328427696,36.18175889718054,-0.2581510858762128,0.1650352876712838,2.1612463928554955,0.3210262527291591,3.420526275297401,5367.660711278126,2691.8,-0.6138087638051488
9,55,0.369127517,6796.8181016399885,6673.29183615933,15520.2,5659.655311454057,3393.3362112320783,0.404550895598717,156459.92899533853,15325.0,1808.2653944671688,653.5989444043103,441.0055469008603,158109.76265657094,684.6437399236784,6040.5714688469125,5794.374441177655,4413.287594181645,313.60142066703594,477.90215052902295,452.2610376308473,-0.2182014177792582,0.2957037685801705,106.14443097010552,-1408.0,326.3686019407687,1009.6921410750492,4.78974506896203,26781.772189481628,17300.2,-7283.0,16724.0,2617.858132137799,35.0020396110553,-0.401197683598038,0.1945139079551391,2.2308811424190416,0.3260752223332582,3.3911649915626203,5435.296429727479,2728.4,-0.7184524610540368
9,54,0.362416107,6799.191719276734,6757.51858115433,15926.0,5769.856243823791,3154.484385441108,0.4146291453221223,157194.15478022234,13821.0,1892.4921394621688,402.7384317687715,243.9257910007792,157454.52343783877,445.7919141327079,5311.058453666363,5535.223407484497,4524.9945759685925,310.85543235995044,252.8728102407753,409.2080600047157,-0.3149076308203433,0.1247999027343585,217.85141275705337,-2692.0,907.8351037589582,280.1791258944995,4.7981765374111625,27250.793291945964,17510.0,-5566.0,18441.0,2650.1496561515173,33.10844997752151,-0.57210154944385,0.2398106302686285,2.255178982351072,0.3112730277660918,3.114482300479471,5267.18089294754,2676.4,-0.7902820173553886
9,53,0.355704698,6800.893151602882,6436.428515489036,14880.4,5561.234974216668,3083.7453446462187,0.2607036894853743,158489.14251322253,11395.0,1571.402073796875,438.0016110077486,378.9140737894329,154637.3434128089,375.0528733378187,5505.4125478593805,5246.021188652976,3957.9788349366336,307.6389749267994,378.6155491270746,663.1424843650753,-0.1732523296655498,-0.1394616230602215,-349.1643282749056,-5247.0,-325.91537733091263,474.5332200875173,0.0914012998192145,25924.420669748102,17451.6,-6910.0,17097.0,2076.1634810390065,32.57503660513069,-0.83636307523843,0.2469382523842006,2.513171629616958,-1.8545872110382144,2.387467277262637,2705.257638062113,2618.2,-0.7579976568772758
9,52,0.348993289,6613.904586847131,6356.948043123754,13580.2,5449.271389841751,2854.611225730121,0.123184610761436,156718.6896135556,10677.0,1491.9216014315934,640.179723791998,535.2274870763579,153521.00987497735,145.91875442172113,4424.8777405327055,4735.78501540134,3629.1426129760976,214.77057979300716,523.3641081237506,689.5357655326833,-0.1192833783170268,-0.1038693607491231,-678.0005502354416,-6043.0,149.99645927164875,-606.0015872391577,0.0481311804052488,25446.076946555128,17215.8,-7872.0,16135.0,1772.4475168534625,31.886333973512347,-0.8007708129273317,0.2648147977175822,2.8641511249361944,-1.877368362162412,2.167948338867848,2675.387019222273,2591.0,-0.7397067069211305
9,51,0.342281879,6541.261872289423,6482.1223855206645,13748.8,5311.881584899141,4017.72997357278,0.1601978221020037,154188.26870972602,16927.0,1617.0959438285036,620.8736910123132,497.2781061754079,147218.70416643427,1309.0375022643802,5803.973353226616,5791.475863126778,4899.813151367895,176.0109095986108,444.3658644318893,494.33122376540393,-0.0815224931942051,0.6238164230048341,592.6699881563563,119.0,762.1205627659429,773.0940254547531,4.496563276126582,27201.217450603686,17444.8,-5180.0,18827.0,2408.28085986664,30.479188415101795,-0.0730850291733744,0.276721858179359,3.113271925679949,0.1242577231388654,3.781534080237794,4451.392008504193,2592.6,-2.6085024256563645
9,50,0.33557047,6656.860476961822,7251.284859521332,14153.4,5424.338121291728,3847.406360377856,0.2194534827801266,155004.75751927702,17226.0,2386.258417829171,800.7247212306756,550.3026383552948,162192.20670432586,1138.713889069456,6634.50063178237,6365.061320053515,4803.831804861825,369.2002115667921,607.6665713048548,544.9708137246818,-0.0594813690217175,0.5919820719707851,496.6886416502857,615.0,888.6512839037096,1603.6213040105067,4.482663569607838,27234.567931820307,17723.8,-5888.0,18119.0,2093.374476771895,32.32925377682792,-0.1049193802074234,0.2744516938325115,3.14761535711846,0.1496776815227156,4.774934554525316,5588.93840877078,2581.4,-0.2609008131921924
9,49,0.32885906,6718.021187095774,7063.322131824078,14732.8,5537.069575574244,3575.4895638743665,0.3171951764577022,155656.7826198632,16720.0,2198.2956901319167,806.7029395932155,624.7178741597593,160714.64894076958,866.7970925659665,5948.678536336124,6147.6564477459415,5014.156449192181,407.20850746888806,666.6556029400759,694.3249073584955,-0.0982867082184449,0.6135083711222366,707.0132859806417,205.0,1471.4923751715278,917.7992085642608,4.472353832430256,27329.07643941313,17544.2,-6464.0,17543.0,2341.915092397674,32.9220033976657,-0.0833930810559719,0.2767878288866684,3.256416109321054,0.1679966465538138,4.449719092257385,6186.479845803802,2626.8,-0.331061962540117
9,48,0.322147651,6795.757938624806,6825.112273134207,15641.0,5719.762947686197,3388.399708011588,0.4267655516217677,156503.64215411595,15734.0,1960.0858314420457,849.3011104070221,560.6059348603907,158871.6410840726,679.7072367031878,6328.912916090177,6084.405794742411,4462.766097232921,384.6946553464568,642.3740837083722,480.5997194133424,-0.2050704230376503,0.4083902527601059,155.6229340213822,-706.0,587.5514832288563,1298.0335883183134,4.466465506931083,27506.83863453984,17364.4,-7809.0,16198.0,2482.701995810211,33.87259989676789,-0.2885111994181026,0.2823816924774583,3.195467946021096,0.1781004855646452,6.024948132556814,6318.813289925029,2652.2,-0.3467356728301852
9,47,0.315436242,6855.878255663175,6657.5496283155935,16354.6,5830.429182197574,3268.0332158705,0.4607906848358454,157228.70736107687,14016.0,1792.5231866234326,571.8747268377242,262.4959407829931,157146.33590978206,559.3407445621001,5127.520315931745,5353.946063524244,4430.889484837884,297.37385174793815,390.45101216855306,346.6043664965088,-0.2742880642641087,0.0662563053212655,123.74632162634498,-2475.0,703.3276318285334,96.640988159882,4.47788538608744,28194.199427846583,17491.8,-7235.0,16772.0,2519.72091708586,32.89989434426664,-0.6306451468569431,0.2960526669192524,3.08338975113976,0.1580248562146056,6.54217089351844,6039.7905298893575,2715.0,-0.7272970734381771
9,46,0.308724832,6917.034485777804,6787.903536093807,15313.8,5673.923841726619,2872.557776397187,0.3407768636652101,159119.92626578928,11831.0,1922.877094401646,576.0400899218306,462.3244499006831,156674.79868999633,163.86530508878695,5752.387138145841,5486.573515939905,3798.4568822279102,228.9024068265423,441.57103855715934,538.2885840414222,-0.2057719403818227,0.0237473171516576,-508.6862809836289,-5085.0,-20.40613958883841,721.5078103739779,0.0685183070497142,26395.314210425124,17042.8,-7425.0,16582.0,1210.7121045070978,34.180497014878256,-0.673154135026551,0.2954447644309113,2.9467667778563267,-1.8587292576992576,5.727128425310523,2357.179727166632,2674.8,-0.8256876562641966
9,45,0.302013423,6704.035827063007,6186.291565947347,13993.4,5539.558379797976,2924.433589560513,0.1930895025981868,157221.54469726182,10475.0,1321.2651242551865,725.1363726706364,516.2725498279692,152700.29886168856,215.7411182521132,4491.5917461433655,4837.617017536149,3789.153858319178,331.87802444423147,544.885223681051,570.4643954366876,-0.1612595545625958,-0.1464547333643316,-517.9893048923609,-5987.0,216.82397426050372,-539.2875816284977,0.0500252683307355,25904.996246806524,16731.0,-7447.0,16560.0,1219.2068323299395,33.58482568239659,-0.8433561855425401,0.3137985160581336,3.1400044207155173,-1.8711883224987995,5.385164807134482,2962.949715097215,2891.2,-0.5703850769386046
9,44,0.295302013,6588.877352931484,6487.529761166466,14187.6,5405.289457400215,4149.324014188149,0.2022339043940684,154304.8685081487,17345.0,1622.5033194743055,709.2636444853257,504.2207738963038,146131.26799520405,1440.6315428797488,5825.467992447733,5811.910172131034,4979.069121379145,279.9026191040558,473.8071046971039,346.796528776487,-0.1618704835366673,0.6592303801016448,671.925958167606,1176.0,800.1477631827192,794.58866467587,3.747212384027876,28186.074835222284,16770.4,-6267.0,17740.0,2399.52439037406,35.055080828697534,-0.0376710720765637,0.3015233368922158,2.9103143690518705,-0.2104423827592803,6.442049363362544,5097.094083946453,3023.8,-2.1508111328837685
9,43,0.288590604,6714.252583149564,7451.988424224607,14563.6,5541.845942988579,4083.3928340988623,0.2406668122937557,155004.47111597037,17942.0,2586.961982532446,932.4081565055644,666.068345427077,162369.65412318095,1374.7003627904623,6999.792554755255,6763.833345582832,5245.670722206179,477.4353550414959,714.3456575260993,507.8468369460349,0.0333700794752342,0.600554792258542,938.5275589946395,1174.0,1270.3339111706755,1968.913226983392,3.735552108432585,28272.64834384945,18686.0,1769.0,25776.0,2008.9387745772656,40.353150548964585,-0.0963466599196665,0.2833475113298333,3.867154396493697,-0.1890603908106196,8.700574693662473,5999.989494639956,3125.8,-0.2327024539737812
9,42,0.281879195,6862.875625223215,7400.664838683852,15145.2,5710.7723911550975,3785.3638687019375,0.3280031419091978,155942.37155870377,16967.0,2535.6383969916915,893.1362267611585,731.2507942072824,161835.8381234489,1076.6713973935375,5992.847890481146,6214.75318229125,5128.288486231437,547.9234405436235,728.512749720253,668.3866923616729,0.0481744964435418,0.502937953398476,821.1453230198977,433.0,1547.9598726611248,961.9685627092832,3.7198256524868127,28313.23274715235,18996.8,-5681.0,18326.0,2352.203222512886,37.89495647215095,-0.1939634987797325,0.2714929834114529,3.681000993846912,-0.1610133663268544,8.700574693662473,6735.572167112177,3196.8,-0.4139644719070364
9,41,0.275167785,6991.847315221933,7432.761986087391,16142.4,5860.104454585571,3591.11972331377,0.4101937332128685,156675.77643935737,16603.0,2567.73554439523,944.9326706707128,590.2664657639856,160341.82309326445,882.4272520053701,6521.4407881034695,6246.206398133878,4578.717321029252,601.7476375415315,719.9879850065317,515.5409367425744,0.0052321620144214,0.4347002736700111,271.57415781771306,-99.0,726.2541775635291,1490.5614603316062,3.7133225454954455,28527.0342514062,19152.2,-6648.0,17359.0,2698.2084426522733,39.73704630883149,-0.2622011785081974,0.2657209277903917,3.5121294063837936,-0.1498552865211321,8.473488065725935,7002.069678519893,3356.8,-0.5094487443561622
9,40,0.268456376,7229.969308937834,7376.901534526854,17008.8,6055.76753630954,3365.136552990012,0.4801651433408072,157912.4557709971,15032.0,2511.875092834693,568.848480698093,289.54431618276783,158883.69551988711,656.4440816816123,5592.463753417409,5855.9213775465205,4663.211782267325,395.6789236082792,383.06613054661005,342.05742483530497,-0.0957381455155814,0.2034023172753623,356.06861905578626,-1655.0,1195.139382880349,561.5844256455457,3.721283263512748,29199.88119868297,19180.8,-7304.0,16703.0,2540.60520348991,39.68902790340429,-0.4934991349028462,0.2498093472979115,3.2413885137829497,-0.1637511957916743,8.473488065725935,6714.720536869437,3278.4,-0.8253875203105147
9,39,0.261744966,7290.071767111664,6788.042052035612,15955.2,5890.853392853947,3381.090215883184,0.3438909286942063,159864.4968992447,12509.0,1923.015610343451,577.7785281891015,463.2345101611288,155891.4736364422,672.3977445747842,5771.908635145648,5537.888365459417,4091.943095823524,259.4106480452179,460.4209648284239,616.3570627090403,-0.0518591082821659,-0.0221406931313596,-215.2000673880152,-4092.0,-24.42295409523922,741.0293073737848,0.0696544159432115,26862.70863521325,18998.2,-7180.0,16827.0,2251.04271394392,39.2965963356615,-0.7190421453095681,0.245847834388635,3.306028432847975,-1.8487754830248997,2.28035085019822,2713.774709572278,3271.2,-0.5034012573784925
9,38,0.255033557,7180.564362287039,6904.45140010149,14714.4,5698.907422912042,3107.3296387965456,0.2395622251932202,158361.36266085203,11498.0,2039.4249584093293,730.0473726372259,563.5565982749509,154853.9829312174,398.6371674881457,4535.486783226461,4919.887991880795,3660.493758113559,309.7376179483581,549.4068035417076,638.0138064842304,-0.1741535486046357,0.0789112747536113,-646.64940509798,-5030.0,310.60406146114565,-495.3925445454024,0.0603088214439509,26354.55876927289,17176.4,-7340.0,16667.0,2151.8170693625434,38.222866932176245,-0.6179901774245973,0.2419832129161418,2.271646113893045,-1.858245024138848,1.1401754250990153,3030.749958067971,3329.2,-0.7031796925025834
9,37,0.248322148,7045.925795259883,6727.472003548065,14887.2,5564.231290642989,4251.848767425176,0.2732530019389163,155405.94065651926,17790.0,1862.445561855904,721.9371824043099,526.6611282635643,147058.72810178512,1543.1562961167765,5907.475024947334,5901.677666592748,5005.391548252957,335.91621534179706,499.47135107573183,479.0169434808604,-0.2068207449213172,0.6713918371269565,698.2483850414183,1297.0,874.5792113158577,876.5956971754704,3.9595424687232144,28406.2898970296,17040.8,-6359.0,17648.0,875.9016497301545,36.2199942676168,-0.025509615051252,0.2407397854779756,2.33841015877271,-0.1078682850301923,7.190271204899003,5088.661689656489,3447.8,-1.0529957517013533
9,36,0.241610738,7121.343241856473,7809.849219070339,15335.6,5655.475252080976,4190.543052195815,0.3077148987458983,156010.09157072505,18339.0,2944.822777378178,854.9804370500614,608.881018841447,163362.57766429344,1481.8505808874152,6932.728855257763,6687.867186043911,5074.116018559544,460.8582170989819,640.9369986253085,544.184105077727,-0.1794755807543174,0.607009757704921,766.9728553480045,2143.0,1182.4739847534674,1901.8495274859,3.947003983262668,28494.715259869063,17390.2,-4901.0,19106.0,849.9527633933584,40.73569009576108,-0.0898916944732874,0.232975997315952,2.2910683260532063,-0.0846248162183531,7.021395872616767,5972.109204742851,3585.2,-0.3044194865801793
9,35,0.234899329,7147.155934130693,7505.964995897957,15895.8,5758.639485691313,3944.3462251905794,0.3815710251299635,156613.460096548,17729.0,2640.938554205796,863.96022214623,708.4292326122966,161900.53814900183,1235.6537538821794,6125.992694456381,6350.074891588858,5293.328544612185,479.1975783261117,691.5460573568064,689.2553424851892,-0.1443890302158282,0.5726829491956884,986.1853814006464,1146.0,1710.960550932033,1095.113366684518,3.938002423623979,28541.779975278645,17857.0,-4970.0,19037.0,898.3420840637524,39.63515353400154,-0.1242185029825201,0.2493949826048106,2.297648889542219,-0.0686627897723019,8.384509526501823,6454.95773132011,3717.0,-0.3798028596569324
9,34,0.228187919,7306.036151786114,7582.443140312718,16824.2,5924.851198071761,3926.1624432110034,0.4652397118811976,157536.84489484745,17281.0,2717.4166986205573,923.7874081720652,643.2028126014154,160508.3976279394,1217.4699719026034,6613.996716871178,6310.227151475356,4701.199314809777,481.8666007841446,682.3675376560055,515.8767359733199,-0.1332713469405609,0.3962027406248106,394.0561515982381,550.0,806.6356078070012,1583.117389099315,3.9313537081385816,28826.89335275856,18089.2,-6019.0,17988.0,863.7254772206305,41.65482147739292,-0.3006987115533979,0.2591490209096356,2.237929092682069,-0.0572965480898616,7.582875444051541,6647.307932841948,3802.6,-0.4199065909650072
9,33,0.22147651,7399.016294767845,7369.352115010151,17757.6,6221.924212467532,3860.772569549671,0.4953564120603709,158200.4380007778,16071.0,2504.3256733179896,409.6744975086368,264.1231627459641,158171.9484608692,1152.0800982412711,6221.211583875378,6471.895761693665,5371.299080923646,403.9151056010068,287.84888238539867,460.90391510031554,-0.1483884979611582,0.2294947756494784,1064.155917712107,-363.0,1795.969133440001,1190.3322561035147,3.942364713406354,29507.04554653693,19800.0,1214.0,25221.0,2209.147007331112,40.46048948081986,-0.4674066765287301,0.257071567645654,2.2124396707198937,-0.0764883948096842,6.140032573203488,6466.61719951392,3972.4,-0.4090160544776499
9,32,0.214765101,7560.188203434807,7533.331546882873,16871.2,6122.71253365094,3386.350335218188,0.3981544726254267,160491.298765836,13409.0,2668.3051051907123,335.3662169617858,516.6258702246488,158513.03192707617,677.6578639097879,6264.793825294306,5993.737575008016,4111.664063951297,174.18395256162384,253.32955768769827,600.621264317675,-0.1056535781874944,0.1853821399522351,-195.47909926024204,-3135.0,378.52081723289393,1233.9144975224426,0.0751551734797597,27606.31582659001,19687.6,-6921.0,17086.0,2118.3891757653987,41.9756616384995,-0.5115193122259735,0.2496731812913081,2.245942331522523,-1.8548504385124864,8.080841540334763,2227.46877866565,4153.2,-0.2478486398455446
9,31,0.208053691,7425.393557916529,7135.875991478947,15640.4,5989.513718584609,3561.5528552143046,0.3108431351981403,159004.1260331405,12571.0,2270.849549786786,723.9656960901976,677.9738053074269,155926.71400081585,852.8603839059047,4741.109504600462,5098.856456510901,3866.551351188457,225.6808937120099,557.5552786821706,668.5337781859032,-0.158544278183274,0.1704530705684891,-440.5918120230822,-4011.0,516.479909421817,-289.7698231714012,0.0505767265865639,27303.52023380621,19075.0,-7964.0,16043.0,3039.193346926122,39.68478701278408,-0.5264483816097194,0.2583652012402656,2.4330197356328584,-1.8703771736898336,7.987490219086335,2374.5161110979043,4253.2,-0.0873463747650535
9,30,0.201342282,7330.467207165995,7031.33324214529,16239.0,5920.808577614526,4733.32325305526,0.3572532597531121,156158.09214255144,20478.0,2166.3068004531287,750.326475029634,715.9236731733962,147670.36869605657,2024.63078174686,6431.211916453514,6426.432559602785,5447.507683973508,268.14680133551224,568.9314375340566,596.3116309674019,-0.1825800698212,0.8047335719705473,1140.3645207619693,4139.0,1367.434846081619,1400.332588681651,3.822161773467108,29618.453743263184,19195.8,-4366.0,19641.0,2785.8081771722914,39.09450089394863,0.1078321197923387,0.2617270941145786,2.386580633987928,-0.1748946439265751,6.730527468185528,5030.029359998119,4165.0,-0.9763968975220948
9,29,0.194630872,7539.6925383794705,8628.56979638009,17076.6,6144.605870434954,4647.312605255543,0.4299894375939825,157251.22831077952,20912.0,3763.5433546879294,1097.1192287170556,796.805283465734,165974.07846907995,1938.620133947143,7836.191779788838,7509.176093514328,5481.408693686094,663.1711832912396,872.3793116001327,716.1909242857797,-0.1267461475464601,0.7598836298291628,1174.265530474555,4738.0,1925.6220719091389,2805.312452016975,3.805253565816034,29855.230299301,19957.6,-2210.0,21797.0,2382.248874488139,36.32023304573325,0.0629821776509542,0.3070864052216309,2.4060934985379943,-0.1434004008325645,6.572670690061987,6621.323513575763,4112.6,-0.2332382329894914
9,28,0.187919463,7676.578493077951,8053.781888502559,17858.8,6267.212287699036,4352.607236658037,0.5175808857225794,158272.93523930345,19992.0,3188.755446810398,1112.4223944058288,869.9565811556517,163280.4831034887,1643.9147653496375,6740.814939250693,7007.638981130602,5739.2206065407645,677.1472811583396,929.779835733038,878.4898509283898,-0.1683399550093264,0.667452016292463,1432.0774433292254,3548.0,2409.001219760411,1709.9356114788295,3.7935897438509096,30055.325454250466,19101.2,-3068.0,20939.0,2969.9910269224724,34.46443331672484,-0.0294494358857455,0.3354842285904412,2.5232497762068378,-0.1229975688502611,6.572670690061987,7223.019629825989,3965.6,-0.7007956223139798
9,27,0.181208054,7782.113669317169,8061.007428078959,19031.4,6422.011853521002,4250.815638031576,0.5805329001815573,158959.2393475887,19409.0,3195.9809863867977,1151.2030132946386,746.3504346809526,161944.5524685025,1542.123166723176,7121.943899536258,6823.308326835474,4920.193785199228,697.2082523032924,911.396201967986,726.2473184302331,-0.103279304166209,0.5001422122471244,613.0506219876888,2728.0,1152.5186463427262,2091.0645717643947,3.7882782936946233,30284.631882721347,19639.6,-4229.0,19778.0,3123.1057779076277,36.18652395828059,-0.1967592399310841,0.358420174253982,2.598012110342208,-0.1139268268682727,5.099019513592781,7379.298489039465,3829.8,-0.4918288553033394
9,26,0.174496644,7970.1439638391585,8076.027464088896,19953.2,6640.36926582728,3957.208360040253,0.597416091029159,160129.446036991,17221.0,3211.0010223967347,762.029700146815,370.4161193405412,161777.74744782728,1248.515888731853,5796.514319270033,6147.904282229651,4903.755380241871,575.2082149895822,526.7603828738395,492.9660978372749,-0.0902907892590997,0.2548690248064977,596.6122170303315,598.0,1608.266970953212,765.6349914981702,3.7929187917119687,30901.664136740517,20152.6,-5399.0,18608.0,2350.679369884376,36.60020350386748,-0.4420324273717108,0.3765964998127755,2.509755850072071,-0.1220883467597895,5.683308895353122,7226.991561145851,3626.4,-0.5879572709233477
9,25,0.167785235,8120.629971973914,7783.763282819062,18623.6,6443.634581816091,3686.135400717872,0.4666174745896737,162466.09504746017,14187.0,2918.736841126901,762.5884364639791,653.9034310003445,159353.61374840242,977.442929409472,6426.426693445317,6096.056098228957,4041.86648121458,319.72533596173776,598.4890429412383,772.3024298809814,-0.0346147078959706,0.1507404897731205,-265.27668199695927,-2509.0,383.7614260256678,1395.547365673454,0.0751339587537659,28812.071717105493,19605.6,-7101.0,16906.0,2260.549933091504,38.36551904473024,-0.546160962405088,0.3884844848382648,2.633971594810116,-1.8378425597017756,4.969909455915666,2447.6338836312743,3721.8,-0.6930972669329687
9,24,0.161073826,7854.085506374518,7295.847468383119,16947.8,6216.988684660167,3645.605544187829,0.3580004869339067,160625.85235577464,13080.0,2430.821026690958,870.1617811576939,746.8756765575837,156772.86501065228,936.9130728794288,4906.861928289742,5308.3413716513305,3907.407218487827,355.2250392169598,674.5352907313829,780.8768384248733,-0.1203245375566041,0.2167986915503279,-399.7359447237122,-3641.0,792.3925861295129,-124.01739948212162,0.0388206650805282,28354.992148491776,18558.6,-7445.0,16562.0,2415.2504632025234,40.04818528803342,-0.4801027606278806,0.3629891069162987,2.714476291610546,-1.8596825595747783,4.764451699828632,2558.488489345394,3874.0,-0.3543666142983278
9,23,0.154362416,7792.211802482797,7744.413369043947,17332.2,6105.27227021219,5028.517525851578,0.4031306653669519,158403.3149829104,21923.0,2879.3869273517857,899.8416045729132,746.341779080811,152167.79623916763,2319.8250545431783,6912.751886025185,6876.898771629694,5737.681734923872,343.86491665169746,640.8054465761186,594.8376714527519,-0.0917392080361172,0.8931029084576888,1430.538571712333,5470.0,1850.4191475205307,1881.8725582533216,4.05861365296514,29599.206193442,18656.2,-2580.0,21427.0,1665.8483724517082,40.12078890967417,0.1962014562794802,0.3759099485727823,2.4369154709675023,-0.0546355933391344,5.76194411635517,4078.634257111564,3949.2,-0.625054404953512
9,22,0.147651007,7884.897476764658,8524.43579948827,18272.4,6164.483172204729,5720.685230218483,0.436536133420048,159400.62580889714,23660.0,3659.409357796109,955.9667230372736,992.8905806144744,166931.106598436,3011.9927589100835,7335.6996648527875,7031.094021406177,6137.071299790149,477.18150886717,691.9372106316225,608.7925055523015,0.0506873658860118,0.6671695525126052,1829.92813657861,7429.0,1448.5731563054242,2304.820337080924,4.052572859633235,30114.89563987437,19525.0,115.0,24122.0,1506.866948340166,42.4142808113594,-0.0297318996656033,0.3652894074874801,2.2146049838104185,-0.0437178231406698,2.6076809620810577,5529.249561994257,4020.8,-0.1996863785618621
9,21,0.140939597,7881.353951511252,8058.309837821863,19385.4,6280.321793710236,5249.210251035129,0.5365784134509678,159958.78808555874,22322.0,3193.283396129702,921.273105442081,1146.3429169936894,164568.55883113525,2540.517779726729,6577.272414939599,6814.037792308545,6238.224328953879,477.85835826149935,720.7709485922975,742.3763962404045,0.195190781629683,0.7550804249610963,1931.08116574234,6163.0,2187.460078480747,1546.3930871677358,4.055192255975846,30680.66590387926,20632.0,136.0,24143.0,1829.133128014472,42.39070346948764,0.0581789727828877,0.3610444785397825,2.236684893116979,-0.0483644555280495,3.911521443121584,5936.907010048934,4138.0,-0.2257458559360602
9,20,0.134228188,7924.017876986652,7997.082910196063,21016.0,6518.747569434641,5307.422483217141,0.626876040814251,160506.815404445,22071.0,3132.0564685039017,1027.4803830132914,945.5079257470118,162093.75034283384,2598.7300119087413,7450.448871428042,7201.233942403914,5706.234958558282,480.9760563388912,762.8012796130531,519.4564049119157,0.2855768805664586,0.6022286265895365,1399.0917953467433,5644.0,1575.8903046476898,2419.569543656179,4.0565724700273895,31393.61250312581,22144.6,462.0,24469.0,1677.2141187099533,45.451900943977016,-0.094672825588672,0.3521706616668678,2.200784099619561,-0.0507552634648721,6.140032573203492,5990.307663853256,4293.4,-0.1400522879096033
9,19,0.127516779,8168.851870925524,8520.017438077473,22361.4,6765.015573111908,4703.236649032114,0.6616495121935554,161999.9462152673,19406.0,3654.990996385312,489.7515275165084,343.48117316419825,164238.5190647638,1994.5441777237136,6297.207088014575,6629.837765149872,5396.41234876088,337.00878950631454,216.95296774014832,306.17310138057604,0.2903037841858314,0.3906660484468501,1089.2691855493413,3086.0,2023.7326045158495,1266.3277602427115,4.065042067699312,32428.546277393743,22925.2,-3542.0,20465.0,1874.0757188544983,46.90993801632284,-0.3062354037313584,0.3401981496439653,2.086134909757047,-0.0659797519488019,6.730527468185526,5775.571126174776,4381.2,-0.1058082150473197
9,18,0.120805369,8238.706682283524,8093.687425833956,21101.4,6472.688425244063,4374.052676251793,0.517302208238762,163770.5322142144,15799.0,3228.660984141795,543.8748452155003,746.6421624713631,161020.72623390323,1665.360204943393,6386.26928317145,6027.441919746847,4381.249090707711,250.2133950278542,453.5488263370786,704.8060961420058,0.2628201700281692,0.1713663886837221,74.10592749617172,-830.0,388.7834081813053,1355.389955399587,0.0462904118396818,31657.708372504538,22039.8,-7007.0,17000.0,1712.7398518163827,44.71651216658475,-0.5255350634944864,0.3246192317174092,2.2113594080770924,-1.8930431143922375,6.387487769068514,2261.582579071104,4417.6,-0.1257139709786065
9,17,0.11409396,8036.822578609697,7515.01528111913,19145.2,6342.494391366907,4034.0894838857066,0.4352130356001467,162038.4646591178,14151.0,2649.988839426969,890.1119720911838,895.3731105639243,158270.76882295287,1325.397012577307,4970.365633074935,5318.514078232201,4118.930855276451,376.7326854099241,737.3302989988625,778.6805376104417,0.0693732616645223,0.2567236893195286,-188.2123079350877,-2352.0,797.6029869196436,-60.51369469692781,0.0417619977169408,31116.466731233068,20592.2,-7123.0,16884.0,1664.2961875820074,44.30910313944467,-0.4401777628586799,0.3416325054131512,2.4055422498293866,-1.8952726751416131,6.123724356957936,2476.461185882019,4451.4,-0.1549617410570815
9,16,0.10738255,8005.862783940591,7903.5108644763295,19419.2,6340.197941788179,5468.141117341085,0.4858354078131345,159448.36584213478,24412.0,3038.4844227841686,986.9818696271246,895.1045756992932,151618.06474622016,2759.448646032685,7276.018066150753,7244.000234088843,6237.325336389273,379.1520912354556,818.5499436269367,775.7695398960233,-0.0057056391408359,1.0081922860260355,1930.1821731777336,7533.0,2175.977830587114,2245.1387383788897,2.9594333346451727,32351.94756077491,20731.4,832.0,24839.0,1652.1570748569898,42.65251159700768,0.3112908338478269,0.3387803219397291,2.2668261681143305,-0.5742569173774731,7.7910204723129715,4856.423449863938,4475.2,-0.3070807484184536
9,15,0.100671141,8294.262031349415,9439.079147240189,20020.2,6498.758288949364,5637.2273604346365,0.5323048352543883,161102.75471927412,25026.0,4574.052705548028,1244.6277535203585,1004.5355574561744,170365.6947285306,2928.5348891262365,8320.121559633028,7989.4806737855315,6254.952884727738,752.2696708893304,1037.7322489359458,894.5736601617448,0.0866340262261878,0.8345757637958051,1947.8097215161988,8649.0,2368.692040453609,3289.2422318611643,2.9377939942026443,32342.07041314686,20973.2,1671.0,25678.0,3420.754770514836,49.18606102857117,0.1376743116175965,0.3042099490787809,2.1299033805223866,-0.5342009341634996,7.582875444051538,6891.6277996768285,4478.0,-0.1899381620539451
9,14,0.093959732,8338.557889375426,8741.496728207525,20706.6,6615.8361785982415,5253.375106691115,0.6088288079515312,161641.00355881028,22901.0,3876.470286515364,1234.0640530294042,1117.9632916484406,166929.7632624445,2544.6826353827155,6990.281607852302,7274.898145984264,6355.247512991886,770.2727594799917,1075.2827068468418,1003.5820311412582,0.2054836400850965,0.7732859119325648,2048.104349780346,6518.0,2609.1220527602345,1959.402280080439,2.9292249959994314,32319.38657484774,21770.8,446.0,24453.0,3107.002381717788,50.41831427493454,0.0763844597543562,0.2922078292283147,2.1082373571928343,-0.5191876762233886,7.893034904268437,7284.132082996959,4649.8,-0.0782075492750507
9,13,0.087248322,8524.120131661559,9021.498637264618,22035.6,6846.800794725202,5187.06122736263,0.6876340974005333,162567.89801305375,22089.0,4156.472195572457,1245.8705100118243,944.5819877016552,165655.19850512058,2478.3687560542303,7521.124091509746,7215.429633300298,5491.495900494212,812.7598198724336,998.4517636582608,731.6045020248357,0.3681731743291676,0.5653928359287325,1184.352737282673,5815.0,1543.6064888161009,2490.2447637378827,2.9208575933035408,32419.17095310105,22867.0,-1526.0,22481.0,3559.8950124968583,51.26971065316973,-0.131508616249476,0.2777452974171394,2.04975444513272,-0.5050238106860713,7.76530746332686,7471.3173348990895,5134.2,-0.0645499327274518
9,12,0.080536913,8812.203560736374,8955.43242649321,23288.6,7127.628036187571,4932.352362441914,0.7151398481126141,163823.02956468522,20024.0,4090.405984801048,719.333882045371,429.7544929639501,164546.4265811102,2223.659891133514,6359.822660748033,6743.517030721224,5513.147904929189,560.5988965698016,446.0273524851037,395.35924962011575,0.3881746060040526,0.3942524428799326,1206.0047417176502,3913.0,2201.739194231496,1328.9433329761696,2.927881902768243,33146.71886154438,23709.6,-2910.0,21097.0,4193.505395251091,52.70689943356919,-0.3026490092982759,0.2345052340021436,1.9469939785655312,-0.5172186874383129,8.455767262643873,7137.82892877199,5540.2,-0.0087990450039172
9,11,0.073825503,8958.40699912781,8634.528056433512,21701.2,6837.167424593636,4438.150459295198,0.5661279355219052,166137.4246498876,16228.0,3769.501614741351,770.2350832136933,754.7467369664328,163190.04017223214,1729.457987986798,6681.736567266731,6338.195914067152,4476.802835358911,326.6376066604633,620.837705644842,762.1950075575832,0.3347794706234911,0.2631327230724909,169.65967214737157,-404.0,723.6747726174381,1650.8572394948678,0.0732672242721601,31867.90445749452,22125.4,-7089.0,16918.0,4266.3176979685895,45.89806818159256,-0.4337687291057176,0.199379957723778,2.010729620692298,-1.8448486936250013,7.5365774725667025,2689.90458128402,5527.8,-0.0855800072299783
9,10,0.067114094,8685.787391064347,8075.981106922864,19649.4,6530.432671928604,4245.376775782287,0.4724951897456044,164077.3101686478,14918.0,3210.954665230702,957.2315633872984,909.2740576436491,160065.12232233153,1536.684304473887,4973.709386779443,5359.089500781465,4073.912500702346,411.6386228988631,784.5842715094963,826.9268912646421,0.1652263816947726,0.3664120349143011,-233.23066250919328,-1610.0,835.018277128449,-57.16994099242038,0.0398149640643127,31296.17434799961,20408.4,-6914.0,17093.0,1677.235731792047,44.25743044469842,-0.3304894172639074,0.1889424151929161,2.192320980537338,-1.864437850217516,6.465291950097844,2551.884329202368,5541.2,-0.1360605695272474
9,9,0.060402685,8585.33895062949,8239.25452603325,20178.8,6434.833959952247,5767.751597354626,0.517447753693973,160880.76122736922,25161.0,3374.228084341089,997.7623699047122,921.0540721596522,150947.0185560516,3059.059126046226,7257.966448467585,7206.892292733697,6391.556685960369,447.153656892786,770.117245226801,695.827473194476,0.1666148824756729,0.9980487316744076,2084.4135227488296,9165.0,2131.1284928784507,2227.0871206957218,2.7510395460787183,33329.83228015945,20523.0,1019.0,25026.0,1918.6519486347715,45.13392926990021,0.301147279496199,0.1848828570649553,2.144863147184246,-0.6431838289259801,4.560701700396544,5887.222464590624,5180.2,-0.3867856619480929
9,8,0.053691275,8733.549303355274,9762.550400893531,20689.4,6508.024983334913,5750.334321910135,0.5302011307742799,162451.9259940143,24853.0,4897.52395920137,1113.8662339089612,1067.0431191369346,173511.02233834617,3041.6418506017358,7953.119430372173,7569.398899038653,6376.318737572801,689.5608618366555,855.5150401294762,722.0194591412057,0.2486627667935613,0.6291597213302672,2069.175574361262,8368.0,1909.5616057294287,2922.24010260031,2.7182231563452546,33311.12896964702,21125.4,1486.0,25493.0,1840.0218205227904,46.255199043508185,-0.0677417308479413,0.1622147331244466,1.9499282311312307,-0.5769158198110949,6.7823299831252655,8186.728378170622,4593.8,-0.1101403339031295
9,7,0.046979866,8549.453953994303,8034.955679688362,21195.8,6506.134262501852,5268.021729127567,0.6113939042803029,162629.6257279558,22834.0,3169.9292379962008,1102.5750151961424,1158.1299316805053,165434.92525081767,2559.3292578191667,6669.92135533424,6881.966888390724,6352.922790592616,734.7975624456385,861.7824287049682,719.9289273000105,0.3407394621035588,0.800216310410048,2045.7796273810773,6445.0,2192.2855900661943,1639.0420275623765,2.717715934346678,33370.44658509499,21838.2,654.0,24661.0,1773.5997857464924,45.49809273376681,0.1033148582318395,0.1574600851839382,1.8507257608032104,-0.5760742847977197,6.465291950097844,8273.72030762364,3929.6,-0.1545538997992973
9,6,0.040268456,8219.917940707368,6986.847989998828,22334.2,6511.275638971897,5783.216971295567,0.6596600989838409,162652.34620075635,21569.0,2121.821548306667,1274.3721711001683,1026.039978124447,163303.64253623472,3074.5244999871675,5284.419150681721,5523.3607844669295,6350.781465827935,993.8807167026722,1005.5320622634928,712.5318161921475,0.444010843235571,0.5044636965901805,2043.638302616396,5288.0,749.3816549676621,253.5398229098573,2.7162766500512663,33955.54387211602,23067.2,-944.0,23063.0,1816.723231535284,39.40845921743088,-0.192437755588028,0.1450743894997521,1.998658551928779,-0.573736465589972,5.319774431308148,8275.689402513972,3642.4,-0.3274072540351521
9,5,0.033557047,8249.775546285282,8225.269134812439,22964.0,6457.150114566419,4563.083265841895,0.6416785986713986,163387.26972702338,18020.0,3360.242693120278,984.7942873466388,793.7085218164876,163739.73995366658,1854.390794533495,6610.19874365143,6255.502183017019,4593.512986901272,985.7286181456368,810.427910251142,787.9845957739119,0.4614179010792393,0.2765045333520896,286.3698236897326,1539.0,564.3906551010568,1579.3194158795668,2.727315269131944,34764.95586362442,23262.0,-5940.0,18067.0,1773.0632532428178,42.69999177539659,-0.4203969188261189,0.1339193227546221,1.9223001230140624,-0.5923703350797901,5.319774431308148,8154.314648699325,3277.6,-0.2369375657928926
9,4,0.026845638,8161.56068246336,7798.180206923647,20654.0,6310.857437399619,4136.681928010392,0.4935564760031817,164757.0692462666,14156.0,2933.1537652314864,1143.5527926486875,1129.414967339172,157796.01615226787,1427.989456701992,5185.61989784782,5727.0959095473,4060.450425505092,1026.003309874665,842.8519262000297,707.4766518661046,0.3526168452879256,0.2574381183333229,-246.69273770644716,-2385.0,1399.6651070444532,154.74057007595638,0.1635744801384284,32096.885899446595,21693.0,-6826.0,17181.0,1538.3404369644595,47.82012322483619,-0.4394633338448856,0.075929113546527,2.084699474715737,-1.813648981019924,4.6583258795408335,5616.541509925037,3223.0,-0.3139461549091217
9,2,0.013422819,8045.179449354022,9180.644235346832,20995.2,6497.848756324131,5874.668258973673,0.5752050486923219,160831.39787389548,26885.0,4315.617793654671,1091.8029783931263,1203.318180378414,153882.6654764905,3165.975787665273,7804.131619479683,7850.298650200229,6731.231473451865,800.8791700350164,944.256841398192,964.7958636166628,0.2821427374417048,1.037402584775968,2424.088310240326,10074.0,2844.518200351985,2773.2522917078195,3.508398942019535,33119.98704158056,21923.4,2638.0,26645.0,1576.341270156943,47.97693320577089,0.3405011325977595,0.0762390359594185,2.16246058188146,-0.3161980926867818,2.1908902300206354,4940.981937672793,3150.4,-0.4265145231983528
9,1,0.006711409,8558.770603312129,10602.911449478896,22082.0,6661.109124230459,6620.462028203781,0.5844678395091825,161939.44240463222,28309.0,5737.885007786735,1782.2775618891449,1274.7370845676585,170975.14790450144,3911.769556895381,9402.891418434474,8925.265503732722,6749.033980208817,1423.4040240591976,1473.2140390335596,1151.6208410840188,0.5120863104492506,0.8465302644943505,2441.8908169972783,11879.0,3008.587429597839,4372.012090662611,3.4948774065768364,33311.609596769966,22844.0,5257.0,29264.0,2460.166620373508,46.25296670604965,0.149628812316142,0.0727911852141674,2.100095038810589,-0.291260096419403,2.6076809620810377,6526.660142455871,3058.6,-0.3036473712300157
9,0,0.0,9906.291430800204,13724.4521274392,24958.8,9404.4634347735,8972.235575004608,0.6315887648780617,160656.11754324017,34807.0,8859.42568574704,2590.595526582423,1678.7774807359888,156887.01822927454,6263.543103696208,11891.794423499192,16271.96693872478,8109.31952094885,2250.2827093835904,4255.963154672979,5687.28511802262,0.3892089619640172,0.7400683234345771,3802.1763577373113,19672.0,14466.15320768287,6860.915095727329,3.440683628319161,30901.73657965173,26017.0,14921.0,38928.0,2452.5019469920926,70.7714699074212,0.0431668712563685,0.0668158162128589,1.938747889604772,-0.1839790574235712,58.28979327463771,6857.77855104974,3825.4,-0.2142603919749175
10,14,1.0,5671.866912351355,5671.866912351355,16190.0,5453.408495117967,3118.1737715373665,0.4394593208875726,152134.12048681028,15627.0,0.0,,,152134.12048681028,0.0,5562.498727252004,5233.866152501804,4402.038733920786,,,,0.9520046905486752,0.4394593208875726,0.0,0.0,0.0,0.0,,34913.38140637884,24069.0,0.0,24069.0,,223.4187233722448,0.0,0.5695075695382593,12.059138811391463,5.926318047018359,,,32767.0,0.8724510018806674
10,13,0.928571429,5997.331299646185,6322.795686941015,16878.0,5758.479553345949,3818.0453979917456,0.5404700374954541,155807.7403442661,17419.0,650.9287745896609,397.7571921536919,253.25637845493037,159481.3602017219,699.8716264543791,6125.012342927196,6497.010671198907,4760.197339089243,456.61904292059415,893.1780547893395,431.4356280335251,0.4502060700035688,0.6414807541033355,358.15860516845623,1376.0,610.1421164559652,562.5136156751923,2.723461627870729,42306.33653870343,21702.5,-4733.0,19336.0,5878.8857787849565,92.03705846710182,0.2020214332157628,0.5941657349562585,17.747019860468818,4.000539861649614,4.242640687119285,5027.5499665346015,21719.5,5.669876597119029
10,12,0.857142857,6077.748759677372,6238.583679739743,17075.333333333332,6117.309440568283,3479.837792240567,0.5841682436979347,157258.6051559119,17463.0,566.7167673883887,737.209193135137,425.463732886835,160160.33477920358,361.66402070320055,7024.058889089704,6419.204801494066,5249.586415834838,341.86661721680883,707.8860008586438,692.3474665659728,0.414369441170795,0.6715646561028962,847.5476819140513,1280.0,1381.5607198949856,1461.5601618377004,2.3451901078097483,45501.78057535647,22275.33333333333,-648.0,23421.0,6526.693190276375,57.330019804407925,0.2321053352153235,0.4173001105534505,15.422693898550222,3.227818475351689,8.082903768654768,4293.684857184723,17301.0,-1.897266173826568
10,11,0.785714286,6309.166097789622,7003.418112126375,17141.0,6077.371173658364,2906.0772761645385,0.7104428962963113,160470.7023666242,17292.0,1331.55119977502,614.5670151569028,443.6169143843387,170106.99399876103,-212.09649537282803,5989.2032677714105,6485.219490475453,4252.1569055049895,549.0657526250637,617.5892438096038,570.9147078405138,0.4024400476410573,1.089266854091441,-149.88182841579692,1148.0,504.1478778106384,426.7045405194067,3.202008899784592,43815.67321955777,21485.5,-4953.0,19116.0,5700.97648799455,57.17342020184972,0.6498075332038684,0.3417088926031241,13.163144730587709,1.9446339699329176,123.84264209067892,7435.295066703876,14495.5,-1.8983186416295303
10,10,0.714285714,6456.1232872178725,7043.952044930876,16836.8,6045.773331015785,2731.322359499723,0.6744814739881381,163478.67105228553,15048.0,1372.085132579521,535.3239342871085,409.2911629307492,175510.54579493086,-386.8514120376435,6046.697148617512,5294.795554915515,4350.382103223041,567.4338855459724,659.8271200426653,499.4495179893463,0.38529335456095,0.5306357847554454,-51.65663069774564,-570.0,465.9734653275018,484.1984213655078,3.2334517462260286,42606.47820966918,20674.0,-6641.0,17428.0,5955.014626346438,60.31340733356442,0.0911764638678727,0.2896346549845839,11.50837653360916,1.2009183724835495,230.21468241621776,9310.304674057092,12875.4,-1.5133546470712718
10,9,0.642857143,6693.787694726333,6860.188949893653,16046.2,5974.900525497657,2226.977475224236,0.593051448532511,167517.56074035156,12323.0,1188.3220375422989,665.0328130494032,546.4793350340066,172328.56892714053,-891.1962963131305,5148.695454320621,5661.3877924518965,3805.36369686341,388.8238448051969,557.8045338826006,616.0527480303541,0.1597460036337234,0.0323091936094375,-596.6750370573764,-3953.0,-354.3640275906382,-413.8032729313827,2.043268665231244,43018.56556312076,19513.6,-5802.0,18267.0,2750.6175306647056,59.38506284629549,-0.4071501272781351,0.2034976910161251,9.688834590258743,-0.3539753305778937,214.81340740279688,7398.783905530932,7252.8,-1.446026911221292
10,8,0.571428571,6721.397918787491,6460.846807246808,14479.2,5628.6091736016415,2561.3307132829577,0.3871060829685843,170920.29005432857,9629.0,788.9798948954531,987.250833451631,896.7541885038296,176495.00677160677,-556.8430582544088,4418.981288981289,3363.0257202257203,2787.339082739748,370.4211482188282,1268.3782128928322,949.9276788066412,0.2923788543363528,-0.3882460737162987,-1614.6996511810385,-6459.0,-1121.314643024114,-1143.5174382707146,1.537502159933873,39484.44139791225,18568.6,-9458.0,14611.0,2528.6303604916243,70.15476491203147,-0.8277053946038713,0.0954901624388516,5.903767493383422,-1.0415705655437493,324.5902031793319,6625.929040141615,6621.8,-3.494476995882273
10,7,0.5,6902.673102910159,7144.959600353081,14727.6,5527.778321042833,4276.77837844897,0.3460850302934621,170322.6938631132,18502.0,1473.0926880017269,819.2418657263134,905.9503599877412,157172.35382312682,1158.6046069116037,6457.837262853561,6217.5351354117365,5277.877995344945,280.9783803193185,1232.3376494638742,805.6681205252567,0.2169519557979255,0.4664593927272856,875.8392614241584,2522.0,877.406457100944,895.3385356015569,2.061541539414465,36704.91187064638,18594.2,-520.0,23549.0,2551.615703823756,58.6209121783298,0.0270000718397129,0.1059647710732969,4.310148322929146,-0.8055234200854262,320.58883324283147,7851.718164438465,5748.6,-1.921470824582333
10,6,0.428571429,7304.151695544494,9010.811075298046,15298.4,5792.444049291954,3965.927995067348,0.2544727471015141,172350.84726715888,19907.0,3338.944162946692,1135.956335788852,1051.749745754254,180247.76101898955,847.7542235299816,7339.640169313813,8064.4626228107645,5265.998064742475,981.5290291660572,1694.3736214270266,1133.009118100325,0.1397734628556345,0.631205438131701,863.959330821689,4002.0,1827.47651905624,1777.1414420618094,2.0291631091107343,36625.22514051527,19052.0,-2664.0,21405.0,2581.2458813526464,69.88337212329152,0.1917461172441284,0.0973117908801341,4.066975821032008,-0.7521509585691474,319.8518407012847,9005.280559171406,6087.0,6.3762977770216525
10,5,0.357142857,7762.02113801004,9333.29925725861,16058.2,6144.49566080403,3881.287610424356,0.2282781598910111,174158.48644938364,19260.0,3661.432344907256,1444.0493473704437,1094.8670111694028,184548.74170605445,763.1138388869895,7845.434571235652,6473.459554355165,4967.642050470246,1286.0599185520102,1702.3580421218992,1419.553834131928,0.1039491702604973,0.3996628487029302,565.60331654946,3229.0,2226.231522887885,2282.935843983648,1.9906655423742807,36675.441154192005,19853.0,-2636.0,21433.0,2213.251386535203,63.97294568901842,-0.0397964721846424,0.0954120090668883,3.5263482432179614,-0.6819136319380735,467.378005473086,10575.37506935787,5612.0,-0.8952137159806471
10,4,0.285714286,8115.0524524564435,8625.345522125672,17395.0,6560.596597023815,3609.938143106004,0.3098966452565052,176762.47994207096,18895.0,2953.478609774317,1352.44304145133,1100.7450216918455,185348.53639057712,491.76437156863767,7281.763122206037,8311.046210256667,5384.91766855316,1231.36072682853,1977.8483811510612,1339.1415096535716,0.0720520496544382,0.4404016204369082,982.8789346323738,2731.0,1726.1406535082824,1719.2643949540334,1.9279755005238453,36690.63967918019,20932.8,-403.0,23666.0,2903.24025874539,80.99123226114916,0.0009422995493356,0.0536763469543703,3.478015595390805,-0.5797609122022978,430.8288523300175,11530.884440247415,5626.2,-0.5005614122594256
10,3,0.214285714,8693.143747890379,9351.303284416492,19120.6,7412.044213746903,3852.063277438264,0.4108447052347349,178842.11646336105,17708.0,3679.436372065137,853.8001090687086,297.7822538823649,186893.1893780573,733.8895059008973,8782.86486050637,6216.453851529323,4655.75984406945,868.2107199197196,1041.5553919075091,821.2684247039414,-0.1149622996184762,0.11649422617485,253.72111014866368,2169.0,3135.9234405913285,3220.366133254366,1.9355489361794984,38148.02044122644,22062.4,-3810.0,20259.0,2013.538626398808,70.81353444232059,-0.3229650947127226,0.0364561931280625,3.215902699332697,-0.5941699600004176,696.8287451016928,12374.417758761578,5023.6,-0.7924310583911754
10,2,0.142857143,9081.82636003869,9088.372661094634,18675.0,7508.5195193397885,3495.08879712149,0.3022344001959799,184581.40275454585,16307.0,3416.50574874328,723.3503483893569,370.2351011631063,185868.78527905096,376.91502558412367,6914.530763008897,8384.394553788083,4533.972358622962,247.8856616775305,1055.857479188428,678.4094927160066,-0.1769835374947494,-0.0765921324664896,131.93362470217562,294.0,1359.7829850653716,1352.0320357568935,0.1417341634930938,39099.12022123682,20737.8,-7143.0,16926.0,2279.315577097651,73.96629939324069,-0.5160514533540622,-0.0109159949195605,3.2209096634373986,-1.498131831278389,514.001264589884,2554.2026271613126,6223.2,-0.4791943927200591
10,1,0.071428571,8895.429549311808,8078.827021663635,17209.2,7353.04462774468,3257.5172322791886,0.1825015686768159,185653.6619613648,12659.0,2406.96010931228,855.4542177056652,1038.2816967235867,185609.05705308417,139.34346074182213,6621.178656082906,4178.043933631002,2683.4155149272865,556.7728042225153,1737.6169667403335,818.2788488190041,-0.0577901928927874,0.032541280535881,-1718.6232189935,-3327.0,1050.102061080699,1058.679928830902,0.1277326996728188,39644.52071312332,19331.8,-9694.0,14375.0,1780.2919704363096,68.97030185410888,-0.4069180403516916,-0.0324144890086557,2.5874730031517688,-1.4848094006988752,563.883409935068,856.5755327763496,5666.8,-0.9139856792364132
10,0,0.0,8693.900022030179,8325.65162085046,18596.4,7345.844419309239,5895.878439756308,0.2860479255830191,181563.9423115324,25861.0,2653.7847084991054,849.2567728516719,1484.5327471114629,164100.14345689255,2777.704668218941,7781.54543283432,7442.780446723733,6775.332504366805,535.0729620569934,1758.206136231914,814.8377766293655,0.0610776511676578,0.917394633233946,2373.2937704460182,10165.0,2190.230480710685,2219.0467055823165,1.438250537415777,41750.59440295132,20643.4,3922.0,27991.0,1784.2377924480802,61.186520350424125,0.4779353123463734,-0.0562056086961409,2.58443792805362,-0.8594710597784051,851.8874925716424,9856.74554410307,5799.4,-0.6633106359860866
11,0,0.0,5483.338797883544,5483.338797883544,16310.0,5044.040286254457,3105.603730380665,0.3671953662848173,151892.8506426768,15700.0,0.0,,,151892.8506426768,0.0,5130.944703150575,4965.286330588369,4168.56488794944,,,,1.190866650032523,0.3671953662848173,0.0,0.0,0.0,0.0,,33912.724746141226,24538.0,0.0,24538.0,,276.8463522909923,0.0,0.3752015754714899,10.325840707695436,5.261801805015182,,,32767.0,0.9167678971252372
101,83,1.0,6462.187158424141,6462.187158424141,22087.0,6258.04794635373,4102.392058335442,1.4576416337064155,193944.4719195306,21867.0,0.0,,,193944.4719195306,0.0,6172.02051969824,6486.788197820621,5342.100099816621,,,,0.769763421932184,1.4576416337064155,0.0,0.0,0.0,0.0,,61670.84715496583,21467.0,0.0,21467.0,,18.776956333073496,0.0,0.0743635520156243,20.23822404948368,-1.9093389758928108,,,2151.0,-2.114195056717792
101,82,0.987951807,5271.024411568459,4079.8616647127774,16195.0,5356.593008460305,1828.8771121408704,1.080447291605129,179659.02868373762,10167.0,-2382.3254937113634,1069.7058225730798,1457.1983275807654,165373.58544794464,-2273.514946194572,4659.228037665923,4196.094240441705,3281.31046188451,1621.8722638760928,1619.765230885679,1274.849799037078,0.9713280214815028,0.7032529495038432,-2060.789637932111,-11784.0,-1802.9098757868503,-1512.792482032317,0.0088289555433598,47873.94514676281,18728.5,-5477.0,15990.0,3334.008473294572,13.103913699004217,-0.7543886842025723,0.2198875692844304,42.47980164391848,-1.9155819902283149,242.5376259469858,19852.448554451526,1772.5,-1.407814866578165
101,81,0.975903614,4936.63645831222,4267.860551799744,13903.333333333334,5146.419420829922,1884.1051734743785,0.75290858020285,173287.36187174567,8883.0,-2194.326606624397,889.2057428398357,1105.7687291486416,160544.02824776174,-2218.2868848610638,4605.899177781838,4976.821560387356,3616.699526750114,1285.8626267141922,1164.5323239140048,972.1830156224275,0.8324307354596471,0.0978311573982912,-1725.4005730665071,-12767.0,-1531.9757007845728,-1566.1213419164014,0.0063092126955157,42978.87010238384,18047.0,-4783.0,16684.0,2666.347376718445,17.65024261020531,-1.3598104763081242,0.2317030658997958,40.77315606482794,-1.915055702333735,198.0311423320416,17876.979502805985,1691.0,-1.0657298160556177
101,80,0.963855422,4635.885549248422,3733.632822057024,11920.75,4682.132870412129,1915.976601389724,0.3461200992618624,162576.54925738974,6038.0,-2728.554336367117,1112.738120390653,908.146559400777,130444.111414322,-2186.415456945718,3459.226592641385,3317.3013079890843,3884.276450515084,1234.8085936131386,1345.0137803416117,1221.6141838452502,1.6007776668264595,-0.8742453435611005,-1457.823649301537,-16114.0,-2968.774727194984,-2712.7939270568545,16.121661240266103,39976.71977434019,18036.25,-3463.0,18004.0,5020.425637665927,16.743448776229286,-2.331886977267516,0.1749790419119245,37.03887230370245,6.14577450628087,172.52318684744958,25791.60808747966,1583.5,-6.418875792509824
101,79,0.951807229,4477.6773755408485,3844.8446807105593,11114.4,4760.3510893033545,1850.7653652367767,0.202948273574734,159816.54517095175,8197.0,-2617.342477713581,966.56433626245,818.4415595542965,148776.52882519976,-2251.6266930986653,4891.530476127584,5242.795483061481,4537.549773699508,1120.9690983968983,1185.9619754267417,1072.308891813129,1.7272531761876544,-0.3697390291737791,-804.5503261171134,-14198.0,-1184.8239814854742,-1280.490043570656,14.067121403891448,41809.26532278772,19493.6,3856.0,25323.0,4451.109614466936,20.99097980826921,-1.8273806628801943,0.1729940861253368,34.176502836636544,5.377278086979238,153.65936352855297,23168.860452247354,1525.8,-1.6591404704227006
101,78,0.939759036,3897.785607402276,3562.728317731277,8280.4,4383.168682026,1903.9707924414809,-0.1606540978335323,150472.12485092226,8254.0,-2899.458840692864,568.2716675887448,465.1211522636389,147222.37031938325,-2198.4212658939614,4667.465308370044,4266.431958975771,3967.89398066917,287.0488422606262,754.1023994024339,670.0126390406597,1.800737056216228,-0.3603702233349167,-1374.2061191474509,-14170.0,-1885.9120363867696,-1504.5552113281956,13.58093178135949,39847.17900546767,18725.2,-3842.0,17625.0,4447.166378718026,17.61305040966514,-1.818011857041332,0.21094677215604,36.259712907052645,6.405216436621163,153.77093353426713,13500.11501759571,1370.8,-2.323600282533701
101,77,0.927710843,3956.427956939829,4373.07341240054,9453.2,4378.237402296852,2961.7394897042864,-0.0913789433171753,147748.6004050805,15336.0,-2089.1137460236005,558.2754341387887,380.3064725284174,151755.96321873594,-1140.6525686311556,4494.364472301456,4486.701296101686,4401.98070491203,295.02191935307974,745.6197666906068,669.4410139108505,1.9280254381567656,1.0496287220856284,-940.119394904591,-5920.0,-1827.5662744325973,-1677.6560473967838,12.878096053854106,40932.641238102624,20473.0,3262.0,24729.0,3906.998873816065,17.0018867053192,-0.4080129116207871,0.1844698119754663,28.31517885476485,7.703104242115775,6.5345237010815405,10836.745954141918,1398.4,-5.0601883566985455
101,76,0.915662651,3942.777640078592,4199.608967493559,10059.6,4471.493981058088,2302.028337525477,0.0180808013254929,147297.0387709275,12043.0,-2262.578190930581,626.6426728511677,315.3433023176453,158286.22007699654,-1800.363720809965,5054.104611109503,5346.595304946884,4532.387843447806,267.85776806636056,824.1460721320896,756.789229020246,2.241660925045771,0.6451298806116323,-809.7122563688154,-9735.0,-1065.6928069783862,-1117.9159085887368,12.200449367620786,44315.0063400373,21972.2,2713.0,24180.0,2673.0135240959785,18.75304319393944,-0.8125117530947832,0.1934808281586772,26.595148702712084,8.564115555057692,6.42650760522357,10192.91397848441,1369.0,-0.9932367794404674
101,75,0.903614458,4015.280777808549,4096.14851070681,11058.4,4840.981233861341,2012.551052868654,0.3047820903571825,153688.5079193946,10860.0,-2366.0386477173306,375.7860662484823,232.78777578755583,162401.45715665753,-2089.841005466788,5468.852358718403,5035.857543068749,4363.417599878318,239.02926303461928,475.5731949844006,404.0981728226981,1.9841825645397837,0.5592611015973478,-978.6824999383034,-11120.0,-1121.3384631787185,-703.168160979837,2.4355230981539995,45045.81837041041,23308.8,3220.0,24687.0,1465.2789836751228,17.133943959369013,-0.8983805321090678,0.2480331487961756,28.295683222744827,2.112608208856828,7.056911505750682,6514.887540062475,1388.6,-1.4582746158102875
101,74,0.891566265,4147.158984013639,4504.235711736009,11647.6,4793.473965180713,1673.8833156849548,0.5242980728232587,157361.60756426223,10346.0,-1957.951446688132,408.1066931197007,394.1989846794896,167142.02704953792,-2428.508742650487,4564.041803831356,4982.9520485463845,3571.4959975797465,308.37707486841055,438.15161008140217,383.4018669926363,1.7868855461895812,0.7278408831566014,-1770.6041022368745,-11252.0,-1422.360324888613,-1607.9787158668832,3.0110895050482167,42144.40378792775,21726.8,-4054.0,17413.0,2006.3330979675336,13.90400353441522,-0.7298007505498141,0.2730330072336556,30.08548521053168,1.2716843753463207,12.08304597359442,8057.789800045726,1402.0,-1.0026006070081246
101,73,0.879518072,4341.363095058428,4533.748872955219,12003.4,4825.332936637152,1698.39438381607,0.6806427372973114,161211.78627613588,9791.0,-1928.438285468922,395.8335347699376,450.798129456785,166473.26387875146,-2403.997674519372,4844.421106865313,4401.125799665107,3668.372290507829,212.6680573069077,397.58586407502094,344.257852834666,2.0869574415898406,0.4213530990353473,-1673.727809308792,-12391.0,-1726.617179104578,-1327.5994128329266,3.051369275330607,38722.879096762976,21888.0,-3036.0,18431.0,2093.8232255851976,15.272385534183975,-1.0362885346710682,0.2735323063511611,31.974947894193853,0.2447903617698119,91.35644476444996,6581.174996763736,1426.8,-1.3004163306769845
101,72,0.86746988,4352.460375944089,4428.55981682885,10475.6,4760.874225190948,1577.9207347322445,0.5517002572083706,165012.18247560045,8822.0,-2033.627341595291,594.0679152725751,486.0831872627629,170757.9442160587,-2524.4713236031976,3878.4159858458656,4229.232398397253,3485.5030855099226,197.75627708657177,467.102599152061,450.4632126890102,2.1466124508701365,0.4049163216409241,-1856.5970143066984,-13559.0,-2149.859831663613,-2293.604533852374,1.9080198987052464,37447.38763751856,20431.0,-4023.0,17444.0,1007.2622796471636,15.221791157466765,-1.0527253120654914,0.2885307710763292,33.12424842015129,-1.0199328657886224,88.57764955111416,5002.243872584285,1392.4,-1.2146380405696608
101,71,0.855421687,4312.89095807422,4001.761878144215,9667.2,4442.267479037511,1459.8655158437791,0.453702968725496,166573.62764156196,8407.0,-2460.4252802799256,668.8444390434702,507.9452564792183,166093.4459068042,-2642.526542491663,3910.773819807917,3465.224655724376,2943.6157195287774,228.19615754003445,641.190019634682,605.6290731293417,1.6438442980632726,0.155143438197259,-2398.484380287844,-13777.0,-2658.726537745569,-2261.246699890323,0.0875949577956091,33584.49830605753,18514.0,-6872.0,14595.0,1624.3289383619317,13.226097357896093,-1.3024981955091566,0.2955776397000164,32.209992645680465,-1.8481170433770115,96.60383015181124,2932.4137336131494,1377.0,-0.8578855211121215
101,70,0.843373494,4389.684352986564,4480.115485268522,10822.8,4321.948426523066,3073.5545695868987,0.54841602587542,164523.20855662366,15949.0,-1982.0716731556183,437.1013853590079,544.2560934697677,152149.361731966,-1028.8374887485434,4592.861099633122,4587.697381766275,4459.489927060447,204.61487027124736,560.3014826498512,479.8785641172496,1.387061305504559,1.0328263873469683,-882.6101727561736,-5342.0,-1722.9337257509478,-1579.159420065118,2.597020941468419,34834.76553319612,18554.4,3422.0,24889.0,3194.4234691098795,15.280917239525964,-0.4248152463594472,0.3075345350458455,31.919113002383316,-0.666888867907703,94.44733982489925,7270.054406742329,1390.4,-4.730751736344279
101,69,0.831325301,4424.314120733942,4677.384550472909,11285.8,4396.823876457391,2150.355754699808,0.6859290701906924,165315.31466881448,12898.0,-1784.802607951232,529.6803611425723,623.5548306285672,171102.5576104919,-1952.0363036356337,5023.406209345663,5358.769030624802,4323.07244111277,237.98684581541443,681.3740746641244,595.3832670969433,1.7968944806386449,1.415406104732963,-1019.0276587038506,-8937.0,-1047.983075216991,-1148.6143103525765,2.5919609213476176,35017.338806921034,19935.8,2853.0,24320.0,3710.886619124869,14.961843020958849,-0.0422355289734526,0.3006303429037975,32.01997029399373,-0.6582602881154086,94.77077608630204,7722.149043454636,1394.6,-0.9236336772834648
101,68,0.819277108,4423.115064169593,4527.753590133469,11674.0,4385.652412988976,1940.709357253456,0.8768916626009527,167043.48666076138,11524.0,-1934.433568290672,513.35751957231,623.8317478478966,175114.12383848624,-2161.682701081986,4748.829151883764,4364.642887312046,3662.1002692656766,227.02681130727296,681.666855543921,592.7443401766634,1.4543142204977455,1.3761660610866495,-1679.9998305509444,-10450.0,-1782.4744964466518,-1423.1913678144756,2.56242655780885,34965.152731721886,19601.6,-4707.0,16760.0,3821.132620048668,13.86721062660778,-0.081475572619766,0.3104901000476013,30.57712818242596,-0.6047953956754848,84.772047279749,8912.855159610092,1388.6,-0.9924528657852156
101,67,0.807228916,4432.374405026885,4474.856521115309,12267.6,4443.534681007,1845.288452121875,1.022445330162506,168403.23579641044,11134.0,-1987.330637308832,437.3624742549616,602.581821260655,177556.68989430388,-2257.103606213567,4228.950738916256,4508.412023530537,3867.6692269865566,226.7826658108799,675.4740082397334,572.6665525129797,1.26603133485349,1.1326846594486906,-1474.4308728300643,-10591.0,-1860.448491573492,-1943.0697807819836,2.5379612111405754,35133.94009980158,19490.6,-4578.0,16889.0,4057.625475570657,16.73542030901369,-0.3249569742577249,0.3069929966089778,29.72324734073976,-0.5575623254526333,85.29771392012802,9965.940235167624,1377.0,-0.9070754511764536
101,66,0.795180723,4538.80495298961,4533.91461795784,12639.4,4509.765827523036,1650.6727869829065,1.1512758107724288,170745.7411777852,10125.0,-1928.2725404663008,347.38265136441635,396.0053834767815,177805.97281367812,-2451.7192713525355,4211.2462167472,3842.4671587107737,3572.5209069076413,140.4773392677859,545.5888499001258,458.363144104836,1.942487852698206,0.7992958412468723,-1769.5791929089796,-11918.0,-2327.5708051653905,-1960.7743029510395,2.508233010935746,35727.925296906506,20085.8,-3896.0,17571.0,3831.5380332185136,15.643940099693497,-0.6583457924595433,0.2923897582761541,29.47507017433913,-0.5020692567376577,76.2954782408499,10660.867218623558,1405.0,-1.152610613533536
101,65,0.78313253,4541.181047310568,4491.995956873316,10922.6,4377.55173811946,1539.7346845288937,1.005559680960558,175139.10074513865,8901.0,-1970.191201550825,535.6713835610032,378.3128652877234,174116.15956873316,-2562.657373806548,3640.460323450135,3995.727385444744,3312.934069362171,103.61695375928538,592.7773706625509,537.6997882513504,2.1602240295089032,0.3042457382876148,-2029.1660304544496,-13926.0,-2384.004172768825,-2531.5601962481046,0.1500885273537925,34310.38016098447,18494.2,-4536.0,16931.0,3274.731240880692,16.321094019428116,-1.1533958954188006,0.2779694947632965,26.6647803871228,-1.6298285969424218,73.97161617809901,2788.840022214982,1424.6,-1.1776104871595887
101,64,0.771084337,4438.462030110632,4163.789464473223,9933.2,3940.502093725271,1624.8574466383425,0.7934712244641868,175549.9088706893,8818.0,-2298.397693950917,565.8125949238377,524.4187275025974,173156.59823824523,-2477.5346116970995,3295.2790806206976,2866.5645198926613,2518.994645135041,115.4484740407221,645.2344248147557,578.4108390791508,1.2247948593232736,0.354963822251107,-2823.10545468158,-13884.0,-3233.2312971879383,-2876.741439077542,0.1077026736977557,33251.57807185148,15223.0,-13503.0,7964.0,2741.061965735177,13.099246513591218,-1.1026778114553086,0.2998480485996322,20.36392954131758,-1.5399710032335543,72.07149228370398,1955.2870423678164,1440.0,-1.0324235720464985
101,63,0.759036145,4484.2698766637095,4756.79282289886,10939.6,3996.010315456771,3203.6991143663395,0.7260584545821728,171614.08532145407,15830.0,-1705.3943355252804,587.84118759851,782.0471700056992,155435.00609231007,-898.6929439691025,4816.512460959089,4808.611223217614,4660.154303967837,120.51449553334524,745.2769352826366,651.3194768053543,1.2561846057277335,1.0391022116765791,-681.9457958487837,-5418.0,-1504.9333877891504,-1355.5080587391503,2.6141129333340163,34063.32743266727,16543.2,1894.0,23361.0,3605.276230748484,16.43782222274485,-0.4185394220298364,0.2800841899683818,20.20658063313409,-0.3474405837848978,64.15060405015686,9222.281489314131,1455.0,-6.922181372676663
101,62,0.746987952,4575.070043490454,4928.85735524903,11316.0,4049.687277560936,2334.392841429718,0.7998745677009026,171994.01139644644,13145.0,-1533.329803175111,619.5091990853443,788.8003257046942,179456.3202692657,-1767.999216905724,4488.722102915669,4766.181465268027,3936.396106966,218.17032343199023,796.0476038609032,701.7929571475735,1.1783262672875108,1.5017652250423397,-1405.703992850621,-8709.0,-1592.0636810526648,-1683.2984167825707,2.599570956775249,34117.96337939096,16993.8,-2325.0,19142.0,2978.0392039058165,13.773763148631703,0.0441235913359241,0.2665218973404498,19.13468732884204,-0.3203182227192866,62.85300311043221,9680.198018719384,1505.4,-1.235438621867914
101,61,0.734939759,4604.869427731641,4682.911539163776,11920.0,4128.641292449067,2182.4776997193294,0.9648568988339709,172435.1268300592,12957.0,-1779.2756192603647,660.9074145713909,789.1026122856264,180011.54998174182,-1919.9143586161128,4596.747580792405,4224.540989592842,3666.9693973469616,225.35273124258035,788.7409847846569,707.2140693112425,0.7313107603487701,1.6242074969122131,-1675.1307024696594,-8898.0,-1932.800730724736,-1575.272938905835,2.583160454993376,34106.331366172184,16775.4,-4988.0,16479.0,2756.131763903894,14.65290100476034,0.1665658632057975,0.2671753213454991,18.56484507118793,-0.2890964633889271,96.55930819967593,10103.12849014767,1499.4,-1.2323148681220966
101,60,0.722891566,4647.099478058526,4703.146208507739,12734.4,4215.67250658247,1867.9098981078528,1.1699526235002726,173550.587216517,11781.0,-1759.0409499164016,597.9830026264283,770.8950860541681,179693.4615010221,-2234.482160227589,4104.340455563127,4429.7485155261365,3629.0206638779255,216.9082547927576,793.816136464337,694.7151020700418,0.4625518100635107,1.329724361619123,-1713.0794359386955,-9854.0,-1948.848102101808,-2067.680064135113,2.554980565784608,34296.81955782899,17215.8,-2334.0,19133.0,2990.635350556799,15.68515818024802,-0.1279172720872925,0.2730207025846672,17.755811634343214,-0.2439375513285967,95.44003352891282,10641.332891160104,1503.6,-1.7129317965009851
101,59,0.710843373,4758.696210624381,4721.7731273024965,13228.2,4414.79017347465,1637.706193630023,1.2522335917738454,174346.71301504067,10723.0,-1740.4140311216445,272.1047507741006,508.5525039868357,177137.2272308637,-2464.6858647054187,4308.060376586164,3889.200317232912,3312.6378864153426,108.34182191748516,384.3309124944447,296.7611826922056,1.0158193872006778,0.766368663618972,-2029.4622134012784,-11415.0,-2237.642962727042,-1863.9601431120757,2.5782967539079467,35354.2019133346,18862.8,-5268.0,16199.0,3156.1638423884124,16.745753026870865,-0.6912729700874435,0.2516448525023281,20.487028740180428,-0.2824830294020187,96.977832518571,10767.958525622733,1493.6,-0.8913178794009767
101,58,0.698795181,4726.959403097984,4598.108785266877,11558.8,4250.700513006448,1487.6767848726358,1.0534626038005557,178235.4002809729,8659.0,-1864.078373157264,352.0891017377482,268.5941306699118,174878.4424219712,-2614.715273462806,3707.360190588361,4048.9982333101343,3295.7365611854343,114.82964119337797,341.912745986622,289.66437340813275,1.1948185601360586,0.0452472718101306,-2046.3635386311869,-13765.0,-2325.3816901301625,-2464.6603291098786,0.1528221376191428,34539.53892637952,17610.2,-4369.0,17098.0,2972.243967106332,17.442754169411053,-1.4123943618962849,0.2542690928879286,16.42824896178889,-1.484058593209302,94.47909821754229,2291.613126902429,1524.4,-1.1854711476336235
101,57,0.686746988,4589.754748677806,4242.834083148138,10570.6,3975.007676424092,1530.2733084547665,0.7705553608759107,176473.77557884614,8693.0,-2219.3530752760025,421.9197986378949,403.6190800133839,170648.1967586319,-2572.118749880676,3574.0677001463496,3132.9570166404683,2660.1815439840493,152.9226588205187,496.6052991313737,421.558134537081,0.8405709789911804,0.0872290104191149,-2681.918555832572,-13650.0,-2970.527863964441,-2597.95281955189,0.1526422787367531,34006.33736985535,16201.6,-9368.0,12099.0,3139.8551399706303,15.642735104138186,-1.3704126232873006,0.270828524612283,12.947055423355632,-1.5337543030222167,88.78231805939741,3903.249990393257,1541.4,-0.9079658378056704
101,56,0.674698795,4597.004028435824,4719.157937953863,11116.8,4022.239876058295,3279.092066592956,0.6636493015205367,171600.00680545846,15187.0,-1743.029220470277,431.57228558118777,639.0864718448394,155642.70611480332,-823.2999917424859,4626.672346103513,4594.075761463652,4417.49458755691,144.3322624642603,570.5800764041562,479.8146765102143,0.7583044012502597,1.0896772001353432,-924.6055122597108,-6167.0,-1696.6397325537257,-1545.348173594727,2.3848477331799613,35461.150060258806,16556.6,-3213.0,18254.0,3820.1441988490415,16.4626399697528,-0.3679644335710723,0.2540382926642549,14.060038986221713,-0.5223825344534563,56.37641350777826,9691.41398083904,1559.6,-6.846857329534947
101,55,0.662650602,4671.492008511113,5075.586108884192,11565.6,4153.887131171178,2351.1260620767644,0.7465262849315979,170643.5797847526,14280.0,-1386.6010495399487,540.4269595523607,653.6116753673604,174911.3263974929,-1751.2659962586777,4783.124116318053,5097.490889876831,3791.570878574259,274.32699541310893,742.8835976714347,641.3430073200406,0.634887985551646,1.7441092786744283,-1550.529221242362,-7610.0,-1290.6118265373907,-1388.8964033801867,2.423884015938862,35999.8289017056,16182.6,-4204.0,17263.0,3806.908956095481,14.229711977503174,0.2864676449680128,0.230110306892866,14.16703115588454,-0.5934891584249856,56.758259310870365,8899.412808569718,1575.2,-1.117859158680402
101,54,0.65060241,4688.158669483686,4805.106432165359,12131.0,4241.390541317695,2270.467393528295,0.9346251959347678,171530.75021274696,13453.0,-1657.0807262587814,585.5221636768935,666.4347928549698,181573.07937083545,-1831.924664807147,4694.50355831558,4362.351162685281,3911.242075711238,281.3627912197702,730.9922271523604,648.3862500200815,0.5690205696313194,1.7068632186348218,-1430.8580241053828,-8588.0,-1800.1259119944534,-1477.5169613826592,2.399971418312312,35862.483873487494,16380.2,-4280.0,17187.0,3231.243367498026,16.7757977600636,0.2492215849284063,0.2174232944916102,14.152178892594552,-0.5425792657705093,41.61369966729711,9785.314215727958,1618.8,-1.1144861653751887
101,53,0.638554217,4754.6776684440565,4930.7037800687285,13026.6,4315.139312655211,1991.6800401366368,1.1813952576094615,172923.5938638461,12266.0,-1531.4833783554122,505.24362193396246,642.217733289931,181842.6606774669,-2110.7120181988053,4156.06087383407,4422.7967108492885,3662.712941150896,284.81213244160267,724.7452532106734,625.0432335564539,0.2457764844785137,1.2790975801836009,-1679.387158665725,-9287.0,-1956.6378334425865,-2015.95964586417,2.369165417705685,36103.63736525759,16386.2,-4339.0,17128.0,3667.126763557538,17.423728937863988,-0.1785440535228146,0.2131534429896225,13.346973588319395,-0.4852310078216607,42.06899095533435,10857.055822287137,1572.8,-0.6722661701750324
101,52,0.626506024,4878.314033011477,4861.015905985242,13589.4,4422.150081637861,1752.0241884308334,1.355223909735276,175236.0475757983,11084.0,-1601.1712524388986,329.5238351222105,421.2740656964199,182210.465318393,-2350.3678699046086,4066.3920743372505,3727.4325772068873,3254.4950187200325,184.21804868320743,492.4702523935948,415.9564365119381,0.5466209941263822,0.956372271048186,-2087.6050810965885,-10836.0,-2435.474019051189,-2105.628445360989,2.3361738002391825,36788.57232350648,17457.0,-4014.0,17453.0,4147.577883536364,17.846958714629658,-0.5012693626582295,0.1844840372624011,13.739267082541142,-0.4247386121429154,42.705971479407935,11472.613804422415,1561.2,-0.5482118351818054
101,51,0.614457831,4884.237762162786,4748.776583710407,12133.6,4369.888019297441,1598.161275188008,1.127290410436962,178965.59008381254,8453.0,-1713.4105747137337,353.3736702467267,247.59303560754117,174290.41865487455,-2504.230783147434,4075.5940970793913,4425.276069518716,3678.294429474543,136.7010751080238,485.0687055588296,410.465077582623,0.94646578816017,-0.0499902963562274,-1663.805670342078,-13446.0,-1957.9500442558283,-2096.4264226188484,0.2344757302940674,35818.387505633815,17494.0,-3028.0,18439.0,2052.5426913952324,20.41245553698319,-1.5076319300626428,0.1750102309409274,10.40814047971504,-1.5278229081437646,38.036824262811486,3947.1550219328215,1598.2,-1.0563529443049466
101,50,0.602409639,4716.774008546647,4238.267340803498,10828.2,4037.49064501988,1523.0442834579335,0.7621890817457632,178431.56091254027,8479.0,-2223.919817620643,384.74538384955736,454.2751178470618,172241.18054113147,-2579.3477748775085,3614.110194042088,3188.868925936048,2759.2157467932207,227.8157035817797,552.252186651879,473.6698248837778,1.0618948760536362,-0.0813973647815652,-2582.8843530234003,-14137.0,-2952.598697925198,-2557.910325656152,0.1933119250546597,34785.63451131831,17108.4,-6132.0,15335.0,2694.2734271042323,19.14486902575965,-1.5390389984879806,0.1790171936370331,8.428348130598598,-1.4906536216274613,42.20426518730073,4781.861659324261,1637.8,-1.344702330769686
101,49,0.590361446,4734.089504380563,4891.683911334936,11343.0,4124.248104794343,3456.7251552206226,0.6521058222160081,173523.20234255848,15766.0,-1570.5032470892047,497.0149527393506,770.8095984378218,157031.28652092634,-645.6669031148194,4982.178385665052,4950.353350374525,4844.247744337912,222.8419442780124,687.9040241433868,594.2947799782139,1.0199296148541688,1.1564469209860462,-497.8523554787089,-6014.0,-1366.338613122136,-1189.842134033188,2.047006770219746,36105.890484069634,18429.4,2325.0,23792.0,3832.57768349188,17.405074488670152,-0.3011947127203693,0.1755954854319773,9.99907547878438,-0.6144839418115409,44.23008026219266,10261.658502129709,1621.2,-7.451220854000019
101,48,0.578313253,4817.573054379439,5348.121530063108,11858.4,4262.617946395783,2593.3551052876924,0.7561450754850207,173173.8945363074,15145.0,-1114.0656283610324,573.522053251525,785.2921562102637,180096.12164621163,-1509.0369530477496,4825.139610515313,5124.25138410314,3970.964516336316,359.30389935064943,818.3954658966114,714.2842909764154,1.025586696597695,1.7992938465286643,-1371.1355834803048,-6710.0,-1264.7886254353823,-1346.880909182927,2.0733111187601154,36542.78259591097,18430.2,-4335.0,17132.0,3422.4078219873195,14.24208466543478,0.3416522128222488,0.1730701014116548,10.331298511588775,-0.6637827355486818,43.15669125408022,9890.285992369165,1632.2,-1.0241411419510922
101,47,0.56626506,4852.898089582892,5037.641082002512,12541.2,4434.0257250838495,2436.2100415287514,0.9418641089425476,173346.31790004674,14503.0,-1424.5460764216286,609.5257392643523,746.1998613270342,183072.5821370896,-1666.1820168066906,4929.008074645612,4566.865691727974,3926.237679979495,376.192606657545,759.8819885704495,684.4981824046077,1.0189815502920845,1.88496743833582,-1415.8624198371258,-7422.0,-1578.435125610863,-1243.0124450526273,2.079172238212488,36841.03279181829,18242.0,-4955.0,16512.0,2595.0545273654634,16.157321850373446,0.4273258046294044,0.1657316154228036,10.990455942343928,-0.6778005312327332,41.82343840479886,10077.389168104984,1670.8,-1.0646637828576215
101,46,0.554216867,4932.940612948805,5148.989200539973,13570.4,4464.811944374284,2162.3406419556422,1.2389545748962658,175474.1082753665,13320.0,-1313.1979578841674,581.1014373410012,741.3646648252884,184929.37053147345,-1940.0514163798,4282.739263036849,4586.812859357032,3822.2963223570255,383.422892098154,761.9395261752124,680.4181728079915,0.5931500209529693,1.435462033412363,-1519.8037774595955,-8300.0,-1804.0189478036584,-1889.2812566613911,2.02748816143202,36921.02759941942,17967.8,-4399.0,17068.0,2409.0225611230767,18.112645096377864,-0.0221796002940526,0.1708375509115476,10.604039181104588,-0.5845639439780775,42.21374183841091,11382.93353920875,1658.8,-0.8452904559864632
101,45,0.542168675,5105.456007438961,5100.844313254271,14345.0,4646.841273414872,1816.7505700852207,1.4212910855481138,177452.54472343298,11605.0,-1361.34284516987,300.0088326685713,470.26182538237066,182133.36278146383,-2285.6414882502213,4504.309701687477,4117.149835431796,3624.433407632378,209.4237840113262,389.9160935775993,317.8792835306654,0.6849529319824903,0.8302851884776754,-1717.666692184243,-10264.0,-2042.4520527222585,-1667.7108180107623,2.01788448015737,37890.93917132743,18395.2,-3995.0,17472.0,2648.9950547330186,19.61090767169519,-0.6273564452287401,0.165492234412314,11.211907835369397,-0.568864512822093,24.92589015461643,11529.49145026644,1633.4,-0.7455542854769629
101,44,0.530120482,5124.540071285141,4987.104230565838,12915.2,4488.555895398907,1630.4797308116972,1.151536335920865,181542.9692172382,8620.0,-1475.0829278583024,420.2786381702386,236.2072259205244,177483.4089899524,-2471.912327523745,3891.343945002644,4228.0898466419885,3400.281044866957,137.87897222410228,393.4375785688487,359.7512471638392,0.7868146249599185,-0.1923268271501972,-1941.819054949664,-13163.0,-2157.7655032019584,-2280.676574695596,0.1648585383022855,37079.35369687973,16962.6,-4838.0,16629.0,1763.4150674188954,21.27928934421856,-1.6499684608566128,0.1595623114285612,8.199570539016765,-1.5169810069415908,18.013883534651946,2760.217943863432,1656.8,-0.5236330064322813
101,43,0.518072289,4919.157108998504,4321.206718629926,11425.4,4177.417655103699,1589.3428941232144,0.7513994956984538,180474.0457333137,8640.0,-2140.9804397942144,484.5001947844973,328.2299383513144,174751.50422658908,-2513.049164212228,3716.499670655396,3320.220386431002,3112.9707909083795,288.6426733578692,514.6206889183497,469.9730242133292,1.1942958181280623,-0.2013903545833926,-2229.129308908241,-14159.0,-2820.479826911421,-2455.520849042844,0.1564590888643156,36294.39831455641,16580.8,-6244.0,15223.0,2129.2688181627013,21.91775571320976,-1.659031988289808,0.1511689994025496,7.596466520245963,-1.5066043367099924,32.22266283223663,4120.21960208872,1664.6,-0.7204287435982994
101,42,0.506024096,4883.557522403689,4859.643149028438,11907.2,4154.057274497543,3903.836678399544,0.5946200440215371,175159.17059162195,16736.0,-1602.5440093957031,399.7907797335614,653.7018259510319,156498.206428631,-198.55537993589812,4659.824034692686,4605.155580971443,4827.254999152855,290.880169091418,522.344537791515,440.76581636827234,1.2055279230878095,1.101070179951237,-514.8451006637661,-5013.0,-1695.2370286416372,-1512.1964850055538,0.157844949610813,35777.54082559237,17286.8,-1425.0,20042.0,3902.096705618658,16.325926843656863,-0.3565714537551785,0.1742255877396142,10.844247342907162,-1.5050125516602386,40.22188459035707,11140.68378324174,1690.0,-9.492418529461698
101,41,0.493975904,5009.73115906996,5779.857383871331,12303.6,4353.398957260442,2813.336214750776,0.6548431362041282,174399.1187925293,15501.0,-682.3297745528098,840.7130529931984,694.0843555912764,181129.1115360102,-1289.055843584666,5849.1594871218085,5467.945412964421,4269.161196832843,505.4927851725656,781.7300499795454,736.5135490588798,1.2688304406079216,1.736577494325318,-1072.9389029837776,-6318.0,-807.3105339891672,-322.8610325764312,0.1358639763602765,36491.03320833489,17380.0,-3933.0,17534.0,4817.603501742333,14.224231374020926,0.2789358606189025,0.1677691543774545,13.350118589692846,-1.5875358034994798,116.41606418359969,10379.684709358247,1681.2,-10.870496333105038
101,40,0.481927711,5113.286268641328,5618.619861111111,12872.2,4543.072908163778,2651.974634294625,0.813943105240549,175592.9378103106,14697.0,-843.5672973130295,856.9681251718386,732.4513408443327,188102.4578703704,-1450.417424040817,4901.496342592593,5189.443148148148,4494.814047248059,580.1191546615445,847.0237382739153,810.5486520814069,1.0273427352181588,1.6257850336597794,-847.2860525685619,-7421.0,-1094.0822982055824,-1270.5241771056471,0.21981360096022,36555.21117214837,17466.0,-3565.0,17902.0,4819.023479917896,16.02328167941271,0.1681433999533639,0.16782686357015,16.477860199646862,-1.5238592172947747,122.28368656529784,11737.873234586548,1673.8,-9.692855114778643
101,39,0.469879518,5215.431512091949,5497.830447818938,13919.2,4663.407811350813,2295.993906143835,1.1496753660388537,177124.34527627216,13742.0,-964.3567106052024,768.568972033765,653.3212583050963,185140.4463197601,-1806.398152191607,5054.386255924171,4726.1305735564365,3944.6709765774704,591.8339423714144,826.9613940317398,772.129323797346,0.8483228494421382,1.4863344768413256,-1397.4291232391506,-7928.0,-1556.090987266778,-1117.634263774069,0.194767483235967,36859.71703270143,17509.0,-4623.0,16844.0,4315.920492780188,15.736997533149449,0.02869284313491,0.1637531667639687,19.296127106276828,-1.4742285677773086,134.29333564998674,12540.14827834829,1681.2,-8.516348739204322
101,38,0.457831325,5443.447496856269,5461.286642451527,14797.0,4906.865497637826,1892.6140018319527,1.3664953025672282,178756.50778594488,12493.0,-1000.900515972614,555.7848415135725,412.2749950488739,182912.3167749527,-2209.778056503489,4374.46191231391,4681.298818232977,3808.508103743838,404.2886142791007,376.0170020970298,382.6769915369928,0.4409049138110114,0.88270932805848,-1533.5919960727829,-9770.0,-1603.1913954763577,-1797.5586073843297,0.1957772336800476,37919.42954349073,18314.0,-2219.0,19248.0,866.6535063103272,15.774350401007103,-0.5749323056479355,0.1497116136033041,20.848432946691418,-1.475561678821606,145.14923354947487,12688.27960306583,1678.4,-7.782643510034723
101,37,0.445783133,5533.51578270312,5309.984578262694,13306.0,4832.001310318655,1577.2980294800298,1.0791802472173626,183301.0641397487,9193.0,-1152.2025801614463,564.5440335802313,465.4197576339881,179220.98819765003,-2525.094028855412,4600.656577843055,4230.1931913554345,3280.535662403705,184.9801223030996,480.7902835920859,488.7313463095537,0.1856617434044787,-0.3355050967980906,-2061.564437412916,-12468.0,-2069.55796523749,-1571.3639418551847,0.2156372000899175,38910.69984430818,17585.6,-5067.0,16400.0,913.4201114492632,15.413685728694512,-1.793146730504506,0.1133919293230028,18.061469350807684,-1.5418198714200453,148.9989932851897,3483.669216677289,1630.8,-7.717160657590898
101,36,0.43373494,5248.133125016359,4352.944095437528,11326.6,4396.885060791996,1357.8626906329844,0.4724692822493331,183889.78896117155,5730.0,-2109.243062986613,827.6003117710628,573.9621795115306,184072.73564312456,-2744.5293677024574,2978.489434608795,3279.906021955708,3037.2200068500483,490.7009457035765,722.8186046685737,715.8447816767809,0.1862030995689792,-1.2969773305148289,-2304.8800929665726,-16215.0,-2982.8917816224657,-3193.531085089445,0.3164763425234368,37327.318646543456,17207.8,-5822.0,15645.0,1023.071258515254,17.63940229778777,-2.7546189642212444,0.104356450940203,16.877310016225483,-1.3840603001734553,145.03896028309083,3232.805584492579,1601.2,-7.294974113540719
101,35,0.421686747,5179.497226261264,5275.440367335629,11791.0,4379.976241550417,3676.647862535799,0.3720880525538291,178479.6779858651,16210.0,-1186.7467910885116,882.751711799077,733.7114556816623,161051.90299383816,-425.74419579964297,5197.243979997097,5131.902532029714,4931.659291185345,443.2281347984091,707.8360821879181,693.8567754272327,0.2346159075129266,1.1238788851822592,-410.440808631276,-5099.0,-1178.6263944134753,-974.7765397011426,0.3251903053846964,36783.47115603787,18312.2,1957.0,23424.0,1079.631187026378,16.880936733893165,-0.3337627485241563,0.1002895311717183,16.48899715668194,-1.3727496881617394,141.32834110679994,9969.450202068889,1577.6,-9.877452255643698
101,34,0.409638554,5222.612943563567,5713.409034330456,12071.4,4504.219886874163,2809.385552565057,0.4031918548182897,178245.22114913657,15325.0,-748.7781240936847,1035.2234635080615,777.3034097364755,183968.1621361173,-1293.006505770385,5719.4856856053,5329.274001204577,4365.986347830896,494.79560941431,818.0211901655623,811.5600945091361,0.2690328360003017,1.641853488163629,-976.1137519857248,-6526.0,-934.8727606480488,-452.5348340929395,0.3274781930866508,36661.79922169341,18393.0,-4219.0,17248.0,981.5277377639338,15.746595705851158,0.1842118544572135,0.1014614382251283,15.447220230634937,-1.37883928483784,246.97671955064916,9724.822242131324,1556.6,-7.052306428410962
101,33,0.397590361,5217.246647642969,5434.455162848534,12543.6,4586.902563020368,2626.264383291896,0.5614783222632975,179525.71364091057,14514.0,-1027.7319955756066,1033.1092787241612,827.7941177404741,189314.7792338228,-1476.127675043546,4824.940456262853,5100.105409153953,4547.513820235468,485.760917426502,857.7954921466542,850.8522303766822,0.2541896378953166,1.6741416652835188,-794.5862795811527,-7409.0,-1189.7780147453325,-1347.0800634353864,0.3404571215593062,36066.20355648621,18118.0,-3594.0,17873.0,1000.7365787258832,17.102436084023733,0.2165000315771033,0.1066564493187127,16.221154515776906,-1.2558813169190743,247.15217984068036,10827.113593777229,1549.4,-6.224835811646322
101,32,0.385542169,5230.394942186996,5375.72605098283,13363.0,4692.702658527953,2207.807750824365,0.9336002068073008,180496.8445202002,13168.0,-1086.4611074413106,1049.3189242932422,731.5512175667814,184076.64259409823,-1894.584307511077,5098.46410636568,4709.987182552967,3855.4487039514097,488.67054931350185,830.4897313273918,821.3023778985698,0.5003220427858275,1.5251043259219264,-1486.6513958652113,-8371.0,-1540.5574876995624,-1073.5564133325595,0.2703735698628984,36058.20008881398,18173.8,-4788.0,16679.0,1320.6961421916794,16.853734007319474,0.0674626922155108,0.1195243376874785,16.339330457825366,-1.2104508193602277,270.1014624173664,11017.319533761742,1537.4,-9.652776885687372
101,31,0.373493976,5404.652462349188,5224.231696248487,14575.4,5013.195094399773,1939.882501785367,1.3270841589536793,180033.517087017,12056.0,-1237.955462175653,436.2906842398398,411.0011835622004,181756.0984772085,-2162.509556550075,4557.204366680113,4919.518959257765,4116.721699075033,212.93917549734653,234.0648159992589,228.7624997698788,0.5301205140050118,0.6704424302170627,-1225.378400741588,-10153.0,-1380.4296022633716,-1614.816153018127,0.2723716356090736,37440.42743583344,18445.2,-4465.0,17002.0,1285.0837326804756,20.368088259465488,-0.7871992034893528,0.1219290666108069,16.326506117502426,-1.3509739558711331,269.1761505037176,10862.951146591016,1585.2,-6.801150330843582
101,30,0.361445783,5382.439515730815,5164.3756342437655,13073.2,4859.881409079194,1636.5030339377684,1.0563701229411415,183865.87281557312,9073.0,-1297.8115241803753,456.3731437534811,367.82739807691337,180213.6816366188,-2465.889024397674,4716.39474252402,4318.7482457087335,3641.48807069422,212.8731794683823,385.8960701503225,380.0975613651108,0.7148626070367817,-0.2296912948804276,-1700.612029122401,-12610.0,-1945.1948210163664,-1455.6257771742194,0.2719889131643743,38091.92286961455,17115.8,-4690.0,16777.0,1649.435661067137,20.386364864829844,-1.687332928586843,0.1090287862764924,13.878200556445517,-1.4498463021980073,269.93740015047933,3455.779398217138,1602.8,-3.953147557805401
101,29,0.34939759,5168.938478308399,4645.903847218378,11667.4,4536.935826684805,1563.8951454411597,0.6213983624630671,182440.62413592785,8469.0,-1816.2833112057624,686.4863488011198,607.334223506506,176841.91873789096,-2538.496912894282,3328.9559368945474,3737.749515637974,2911.6366021556973,265.63093796416905,542.6148651978268,540.2746577576219,0.2757656029077273,-0.5330053142267449,-2430.463497660924,-13555.0,-2549.600672619991,-2843.064582803692,0.2769453878678259,37406.09752927098,15811.6,-10740.0,10727.0,2293.2513599690687,17.910857845024292,-1.9906469479331603,0.1042403396241798,11.867961170841015,-1.4653397693412047,247.2967852601404,4663.118317566226,1598.4,-3.085493950534805
101,28,0.337349398,5136.988430060368,5274.704921608375,12064.2,4568.132113643258,3749.6362664822473,0.514793574689279,176344.15843311648,16140.0,-1187.4822368157656,784.0406014782078,818.5362347202671,158832.45071976597,-352.75579185319475,5361.753278078571,5290.790228631547,5162.708029231157,228.7200098336923,594.5274237229311,581.5512663859541,0.3023386318672711,1.141117726414578,-179.39207058546435,-5425.0,-1033.796579953074,-810.2672416196683,1.5582931097613144,38270.507554283766,17059.6,2646.0,24113.0,2575.8851876587946,17.68421509480037,-0.3165239072918375,0.1156435506008664,13.196129080792971,-0.8898638649711085,247.8541910075357,10067.713926581382,1658.2,-9.62031390651056
101,27,0.325301205,5224.59377709958,5813.752786178896,12504.4,4677.299332431544,2875.1971329105363,0.5388815635184908,176859.25996774173,15692.0,-648.434372245245,899.941204042051,842.2054932357588,186652.15026722456,-1227.1949254249057,5650.728549529767,5299.487011641878,4413.207651359421,376.1215482642742,675.8339777272934,662.2324905530621,0.3519565237081146,1.645544270067986,-928.8924484572,-6170.0,-994.72139375813,-521.2919701684723,1.544510129048403,38174.87306708911,17269.6,-3738.0,17729.0,2428.607666956518,16.09301894093903,0.1879026363615705,0.1128811595525659,13.65377962819476,-0.8584023573641174,271.6536397694682,10606.501778329415,1721.4,-7.153292750878949
101,26,0.313253012,5264.464394605669,5423.584783778934,13152.2,4739.545329861454,2625.855158294483,0.7638073627982612,177757.23730262485,15062.0,-1038.6023746452065,897.9835602464475,860.7028904951744,186245.9851516239,-1476.5369000409592,4923.692670016149,5209.281984568455,4438.007088393222,391.6801081241148,709.5261606350737,699.3549415257783,0.2940178192389886,1.7950714266159142,-904.0930114233988,-6914.0,-1069.1996151138237,-1248.3278496820903,1.5161349519144742,38027.96283249076,17322.2,-4202.0,17265.0,2536.7710775708524,17.773238340440184,0.3374297929094987,0.1196061618933199,13.797855643724244,-0.8068274399655678,273.6627486524244,11309.793493554338,1729.6,-4.593924875024316
101,25,0.301204819,5326.274235946073,5473.42484094578,14099.6,4842.706306731119,2256.306687983144,1.0968280530646837,178673.14401015057,13941.0,-988.7623174783612,915.3767838071273,827.6378408559191,184793.21517424745,-1846.085370352298,5225.768255626246,4858.2283258949765,3968.980334067695,392.5620827952362,663.014098926269,657.4673439621185,0.1198195670447849,1.435412156451685,-1373.119765748926,-7873.0,-1429.3899366680407,-946.2522640719936,1.4998144498173316,38333.90292774659,17275.4,-4924.0,16543.0,2483.692472912052,18.85571555951587,-0.0222294772547304,0.1290904568491263,13.988233265966832,-0.7819075581548862,265.48540449523773,11748.425412377936,1794.8,-8.154298682456666
101,24,0.289156627,5471.608313502977,5372.574235002897,14770.4,5030.779910919432,1914.600566917465,1.358976944767351,180319.8732135388,11750.0,-1089.612923421244,505.928707603661,500.4722904271492,185075.56475483224,-2187.7914914179773,4322.061726444409,4674.493126876284,3915.399058057049,230.35957274690165,283.73500778059065,275.3384286493522,0.5379704978326142,0.7777391442865909,-1426.701041759572,-10201.0,-1609.232651678426,-1849.958793253831,1.489141006589461,39065.018578908406,18933.6,-2449.0,19018.0,1899.1488356629616,20.625591513512493,-0.6799024894198247,0.1285467377350621,14.978803748685175,-0.7649079520473903,265.3086881351608,11973.480362178683,1831.8,-9.45398099930651
101,23,0.277108434,5466.94517526759,5251.389230431441,13369.8,4836.334610742824,1643.5757213384622,1.0732462434669778,184945.42553308327,9314.0,-1210.7979279926994,514.4599474394107,351.29772443355114,181960.21231748816,-2458.81633699698,4639.138434515315,4256.618179822154,3615.782419391967,214.35173832059823,422.3835882273944,413.2881391999039,0.6911077088957974,-0.2875357800872862,-1726.317680424654,-12428.0,-2006.0230808361105,-1532.882085182925,0.1025005288374348,38554.77671245322,17359.4,-5225.0,16242.0,1816.7854854109723,21.31537302891884,-1.7451774137937015,0.106207180866204,11.91414535081843,-1.4615395538945433,248.5779555793313,1876.9876292686656,1813.4,-8.783027895243414
101,22,0.265060241,5205.731928759045,4507.68655363617,11677.4,4611.2386220407225,1579.9814950630207,0.5576511468507838,182755.12316144683,7706.0,-1954.5006047879704,556.6971712518856,319.3271807370254,175700.63840904244,-2522.4105632724213,3783.455534229047,4145.028417573043,3707.8603975989313,356.6225072968766,437.10375762365385,428.7921097154775,1.007458673461824,-0.9324312130129848,-1634.2397022176897,-14632.0,-2120.201337268638,-2388.564985469193,0.1053468013411116,38086.85532331377,17327.2,-3899.0,17568.0,1739.101837156175,22.015140249163363,-2.3900728467194003,0.094081866161581,11.029796506104024,-1.524584787584844,224.24138779449257,4169.68712906943,1758.8,-6.532006157906958
101,21,0.253012048,5212.061044723999,5455.230363603705,11970.8,4632.732988021835,3873.033249528785,0.4246434141773895,177478.61161006795,16661.0,-1006.9567948204358,672.3391307787377,634.2829111280005,159863.42739472943,-229.3588088066572,5439.430448282056,5356.204716327526,5182.665817839391,336.8671708976028,487.8781548607875,466.059114714354,0.9897723149420308,1.1300327632489429,-159.43428197723006,-5447.0,-961.7277852082634,-732.5900714161835,1.662301338623878,38703.99189546185,18806.8,3196.0,24663.0,981.0067278056672,18.343259217990948,-0.3276088704574726,0.0916081140952562,12.338888133036724,-0.8185994584816647,220.30705844343703,10526.848372689454,1762.6,-9.316504708167722
101,20,0.240963855,5301.573987545401,5920.98955505279,12359.2,4752.5899381208965,2877.848456045837,0.4887076455925372,177016.8335903014,16022.0,-541.1976033713509,831.0515678033184,637.3188524561779,182484.3250754148,-1224.5436022896051,5832.52439668175,5441.895625942685,4300.1580543412365,464.49534332807946,603.7868250435338,589.7007543707035,1.0153529711709772,1.7557333135274238,-1041.9420454753845,-5931.0,-830.1051861727346,-339.49612301648995,1.6825526154924075,38949.17454455792,19077.8,-3569.0,17898.0,966.9529461147436,17.168406126524005,0.2980916798210082,0.0748490607744168,12.406520172189378,-0.8536241160230433,165.81917862539302,10126.816847272325,1722.8,-8.032364668070606
101,19,0.228915663,5354.496975188701,5637.189173219399,13111.6,4865.31542061577,2715.0221542612303,0.6894475417909662,177543.12072114943,15454.0,-824.9979852047418,786.8260830141118,638.2981979574513,187707.00040907232,-1387.3699040742115,4987.948456888324,5240.602972592155,4498.545740922418,491.65445365382914,632.6520820656481,618.0914453711869,1.0121470639704682,1.7814386252787353,-843.5543588942028,-6439.0,-1045.6052392040556,-1184.072062809916,1.667911602780186,38984.54181513073,19156.0,-2058.0,19409.0,2150.388290518711,19.48976703658513,0.3237969915723198,0.0639983932798552,12.23778214777083,-0.8184323419186089,166.1770140542909,10743.603233639711,1745.6,-3.307337467590555
101,18,0.21686747,5471.16922337089,5834.750471342383,14097.4,4990.997749548445,2367.9178158477503,1.017982772286207,178244.94413246325,14539.0,-627.4366870817576,777.9450171404612,565.2014742312303,185469.32937405733,-1734.4742424876918,5272.903940422323,4869.07253959276,3963.3703667269706,525.9305191671905,530.9435193593815,517.9940257163947,0.8942160703364017,1.3551403723889164,-1378.7297330896504,-7499.0,-1377.611436172735,-899.1165792759166,1.6631699643184232,39422.06889688551,19414.6,-3932.0,17535.0,2253.1947763120666,20.532398763015347,-0.1025012613174991,0.053474860085901,11.2709572290711,-0.8100343650741246,197.0411124613338,11184.200975287536,1765.8,-9.654858222788956
101,17,0.204819277,5704.203445004873,5672.857661806089,15140.2,5127.303884369953,2047.706437575872,1.3442223279124188,180027.76715927589,12718.0,-789.329496618052,494.1017143174609,496.6200975661402,184614.75354310565,-2054.68562075957,4514.940086978767,4823.204195446406,3994.572085219957,232.9020155635396,283.5382356522142,265.5000690959788,0.4849989946432097,0.6987665651180759,-1347.528014596664,-9418.0,-1438.6706631610978,-1657.0804327194728,1.654146750540061,40195.6666199632,19323.2,-4356.0,17111.0,2286.105268792316,23.78954304012684,-0.7588750685883396,0.0455243323429788,10.437661445272404,-0.7953436233113356,196.00765291181872,11375.125432787789,1834.4,-9.249296919072384
101,16,0.192771084,5719.980504287412,5534.115660016398,13834.0,4980.187739541789,1896.5514829758447,1.0203990384806918,184611.5380454571,9756.0,-928.0714984077432,483.2368571541502,222.4570602699744,182782.2818256354,-2205.840575359597,4980.3890680513805,4600.628313746925,4225.61452532971,157.5034831099978,339.46172048977616,341.384723449099,0.8467813887191576,-0.4890836839096921,-1116.485574486911,-11978.0,-1697.3085093490845,-1191.6314516468592,0.1450791230933643,39674.38387801378,18908.2,1121.0,22588.0,2286.2948847425573,26.21090143734755,-1.946725317616108,0.0238712859882477,7.380885626384767,-1.544690426299643,184.7639034010702,2201.6189814945037,1839.8,-7.01588180765795
101,15,0.180722892,5516.380680890818,4902.990438069824,12309.6,4655.6814089865775,1701.7612828568203,0.5187036531715904,183770.5186496759,8538.0,-1559.1967203543163,735.6974387097233,519.6161353533273,178279.22809650877,-2400.6307754786217,3410.3305537024685,3825.342506115188,3112.521201831491,326.01890100945377,526.054227317699,528.9772919683837,0.6457918852412017,-0.7527436130180835,-2229.57889798513,-13553.0,-2452.6368389487934,-2761.689965995771,0.1185465670303441,38647.55639750365,18442.0,-5900.0,15567.0,2275.50763567165,24.693836282038223,-2.210385246724499,0.0114031276473273,5.985023676408431,-1.514037599695778,196.709684560776,3578.6275742910707,1856.6,-4.209940139463792
101,14,0.168674699,5529.796480408053,5704.2681708055725,12770.8,4723.588541895427,4070.015065484454,0.383955809239642,178272.67260581822,17906.0,-757.9189876185683,879.3607036528265,814.2292190765422,160217.77018978397,-32.37699285098779,5709.391618715929,5624.794821320412,5379.598875662702,320.3510764983229,644.6116666782303,630.3919634638979,0.5728139014925538,1.1076994056189935,37.49877584608112,-4133.0,-706.0695746598076,-462.6289009823104,1.510046589954687,39299.60813521054,19314.0,2302.0,23769.0,1255.5075467714175,21.608891219665097,-0.349942228087422,0.0115588184578897,6.968780067978858,-0.8909011618018535,198.99296469976017,10372.801617792366,1848.8,-9.2889110330108
101,13,0.156626506,5614.536840919557,6258.452273899904,13286.8,4883.852761934852,3019.914172287822,0.4628086354744464,177699.78007809896,16819.0,-203.7348845242368,1056.1244016396015,814.0837928738177,182604.86673546105,-1082.47788604762,6100.8126704503575,5685.970332424265,4390.007794401779,460.5194686012384,773.4287399270554,767.2417624055885,0.6239040577393938,1.749404503562938,-952.0923054148416,-4919.0,-576.2903359756074,-71.20784924788222,1.5354096762805844,39648.87619684853,19545.8,-2773.0,18694.0,1197.7589490377366,19.55742586623149,0.2917628698565224,-0.0006774180336911,7.348369149722639,-0.9327473627955468,192.71481520630425,9939.883689973703,1851.2,-9.378602012869775
101,12,0.144578313,5672.496133384431,5962.654124130455,13974.2,5007.856788537811,2859.39763334659,0.6718532249994451,178527.51547481708,16115.0,-499.5330342936859,1029.8187307618853,818.6000197890919,188753.4305266961,-1242.9944249888522,5160.574396964496,5472.297362001988,4618.398638275005,490.5258580497708,808.4812379564443,803.4655360343704,0.6479175004176165,1.7439895127430696,-723.7014615416156,-5981.0,-818.6505301463039,-1011.4461227337432,1.5138492123075302,39563.12067462008,19759.2,-3289.0,18178.0,2251.7014233685563,22.606276115224947,0.286347879036654,-0.002816917409638,7.209203304063375,-0.8852057540993904,193.696153807968,10807.647952947684,1808.6,-2.728229250288784
101,11,0.13253012,5777.6346954273,6059.808470230747,15040.0,5123.262742177618,2642.213803934111,1.0210730938878734,179463.89204103552,15180.0,-402.3786881933938,1051.8896542177004,816.9907803472515,187464.1646567277,-1460.1782544013308,5588.151979868959,5154.582423321622,4279.240659653532,506.3001852664274,769.9471814850885,763.642277127249,0.3460995807678277,1.2570156605324485,-1062.859440163089,-6649.0,-1120.2787411500458,-583.868539829281,1.5053212617190204,39982.75433321287,18547.8,-4936.0,16531.0,2233.1747132725604,25.170894851555072,-0.200625973173967,-0.0131283647683809,7.2936177538745826,-0.8700262209275941,297.6519779877164,11413.1346837293,1819.6,-6.874273334406272
101,10,0.120481928,5994.902069532252,5989.327308594583,16031.4,5338.000450319152,2238.003323162219,1.337563476647476,181520.1377631712,13686.0,-472.8598498295578,601.1263193146399,506.7066786662285,188560.45670718703,-1864.3887351732228,4524.098848368522,4873.328854766475,4064.975200911192,260.31752424725164,342.05436414136904,325.92920182354806,0.3855692618964645,0.8297083007799311,-1277.1248989054288,-8596.0,-1378.9482982411264,-1647.9216713297174,1.4913554712011834,40877.306966580014,18855.8,-4360.0,17107.0,2362.1665267292187,26.357669503582983,-0.6279333329264845,-0.0158106630995536,7.338440584551845,-0.843024667852176,297.82293397252,12058.030294734004,1867.2,-9.414643028074977
101,9,0.108433735,6036.593902640733,5912.727336347976,14643.6,5119.611418960557,1851.9137544088185,1.0353615576667736,186195.1492829233,10277.0,-549.4598220761645,602.4506418038511,349.5930852054001,183592.82778854435,-2250.4783039266235,4966.696651593454,4502.390180878553,3696.343695026048,152.0690511376998,470.7311961301015,477.36004465933024,0.56086166140884,-0.4033101892845193,-1645.756404790573,-11072.0,-1798.014731452783,-1205.323868104786,0.1676211177131519,40555.49700366341,17371.4,-5120.0,16347.0,2491.551424313771,27.356056368758093,-1.8609518229909348,-0.0405442480854198,5.131257970108872,-1.53318321231239,276.05923277441747,2861.728203521778,1880.8,-7.9328063670190785
101,8,0.096385542,5813.001046646595,5140.4879939292105,12855.6,4781.175935694624,1763.4302086469836,0.5213956262889969,185460.0310065666,8748.0,-1321.6991644949303,774.5696862113448,554.3608175680324,178929.27535367772,-2338.961849688458,3553.6942381700906,4021.386091387067,3176.68654544327,326.864551228987,565.1959232743335,570.0350419124395,0.2794967554546808,-0.8204251533259452,-2165.413554373351,-13859.0,-2268.4677523052724,-2618.326281528149,0.1282868721612388,39544.98452538648,16711.0,-6075.0,15392.0,2502.431757311272,27.45851463983684,-2.278066787032361,-0.0237922962130565,4.306049720317216,-1.5050099714670515,287.7816880901216,4246.802876730013,1945.2,-5.876431939693971
101,7,0.084337349,5805.301851593967,5924.158148867314,13493.2,4798.275955365761,4363.633312787336,0.4028832775585468,180155.27629540212,19058.0,-538.0290095568271,859.9455576628529,800.3894427976609,162229.6569708738,261.24125445189384,5632.9222524271845,5582.269644012945,5330.5076293079865,315.7103931057898,598.805880263512,595.4334581073824,0.2344693532447989,1.151427769090819,-11.592470508634506,-2793.0,-733.1504317906238,-539.0982672710552,1.5368838228766566,40388.48014437215,17010.6,-1791.0,19676.0,1366.1391583583206,22.48350417612397,-0.3062138646155965,-0.0081102995410639,5.550067663035572,-0.8593364655974387,289.93361309099714,10645.781660635128,1950.4,-7.998302361409849
101,6,0.072289157,5993.101208673093,6998.805255626382,14130.8,5000.611746170997,3668.387614843192,0.4149215593471929,181541.2960330649,18364.0,536.6180972022412,1136.973497380878,961.5427276651276,194394.2633450414,-434.0044434922502,6569.406530506049,6196.076752959542,5277.375123379999,604.5430444674593,863.8326202317276,854.9672228717951,0.1586746853414752,1.3172070694756792,-64.72497643662155,-3461.0,-108.59978712386146,397.3860108078097,1.4995793580225585,40180.16150231383,17707.8,-1450.0,20017.0,778.4152490798087,25.757337094894613,-0.1404345642307363,-0.0223188173598081,5.097867620558594,-0.7615068200725051,283.3907196786797,12226.936354096,1961.4,-7.446266565464847
101,5,0.060240964,6102.103224076014,6534.337385609188,15037.2,5226.88148997392,3275.851894689176,0.5674680026663741,181992.5051222752,17910.0,72.15022718504679,1122.5200686599755,1013.7247061095954,190816.50215323883,-826.5401636462661,5698.185043961959,6043.615871164543,5150.321983804553,659.6465482664213,962.012200318622,958.2393535786046,0.2094993545928087,1.5924405173758367,-191.7781160120676,-4064.0,-247.5995792265103,-473.8354757362804,1.4957762829977688,40419.07564542348,18163.4,-2082.0,19385.0,3327.229282751638,26.32236535654294,0.1347988836694211,-0.0452566393575621,4.969055546204935,-0.7543094818350775,284.5812713444088,12568.807215890818,1923.8,-2.1812572070990592
101,4,0.048192771,6298.38408804756,6894.13165620571,16245.6,5421.934616177776,3097.128791323576,0.8604865600982183,184040.9194086644,17129.0,431.9444977815692,1130.7345138992096,903.0902271913612,193834.89922049,-1005.263267011866,5863.592376999392,5444.917948977526,4607.920025230409,712.6105054959062,861.2746727357195,857.0361051400835,0.0341768744408778,1.0617825978747022,-734.180074586212,-5030.0,-822.7491004335034,-308.4281426988473,1.4418049700222595,40507.08375231274,18477.8,-3548.0,17919.0,3006.4628219886536,27.82936420222307,-0.3958590358317133,-0.0628722633911993,4.732189754889936,-0.6646116023408,338.0971753800969,13676.80593778178,1934.0,-7.108301859605404
101,3,0.036144578,6602.8752235296,6662.943671339404,17547.4,5702.600947162416,2588.639736174857,1.147136266958087,185983.65780973888,14871.0,200.7565129152636,567.6199200832347,417.9136251402772,188642.96735905044,-1513.7523221605852,4983.156656093318,5453.097308912309,4411.803882914035,440.9904609226872,351.55874960407493,351.2046147674203,0.071046197300395,0.6128233809733971,-930.296216902586,-7350.0,-865.1360973820738,-1188.8638636049218,1.434728883676572,41720.32941463765,18753.6,-4696.0,16771.0,3053.273603855373,29.25865592842065,-0.8448182527330185,-0.1071618178689153,4.848602894786014,-0.6558741322538344,335.28390954532847,13442.35640491377,1918.8,-9.072282113505606
101,2,0.024096386,6721.780716971368,6518.68561607615,16101.6,5589.641338485648,2209.583037709505,0.8498723164539207,190625.66383491896,11652.0,56.498457652009165,578.711049771267,523.901839550356,185439.6870967742,-1892.809020625937,5487.4010047593865,4971.443839238498,4014.068873857412,187.1051866160852,497.6026043307075,487.1625220738092,0.1581417795863187,-0.334891983430012,-1328.0312259592088,-10022.0,-1297.9484751744603,-684.6195149388532,0.2694995394674488,41443.59311030684,18323.2,-3943.0,17524.0,3267.1275304156675,30.672420352458065,-1.7925336171364274,-0.1641356999875388,3.11882869385602,-1.3709372431482043,347.53560968625936,3806.310600515396,1954.0,-7.625938685897519
101,1,0.012048193,6484.657985027453,5813.191595906815,14098.2,5230.788534421081,2164.549945237331,0.4701535679660938,188173.98494122096,8422.0,-648.9955625173261,837.605644965073,660.2846750944605,182135.86887655128,-1937.842113098111,3787.67983888526,4389.152405834966,3387.4169459146688,339.4850925682861,617.8944590384282,615.6162598908453,-0.0953637993513874,-0.581386672963455,-1954.683153901952,-13478.0,-1902.863807446698,-2384.34068081298,0.2001771223689141,41313.06322799317,17370.8,-6212.0,15255.0,3160.3372763045368,30.76599288471576,-2.0390283066698704,-0.1817634901915561,2.7285951323440565,-1.4846365332216236,356.6129554573137,4559.163455628586,2027.4,-4.733305376529675
101,0,0.0,6385.685591083672,6039.475415890282,15709.2,5237.575814546863,5481.404844461287,0.4964227942628548,179293.05256885657,25730.0,-422.7117425338584,970.8656830089948,1006.8821731831162,146411.84029141697,1379.0127861258452,6315.309563378154,6135.190495375266,6100.608212115148,425.4286460374637,647.5569567529266,626.4528230585374,0.1849101479994879,1.723786648859642,758.5081122985266,3991.0,-213.66317859760784,143.28904367991436,3.1767637421606434,40041.44596265072,18574.8,3938.0,25405.0,3297.0783733481344,24.846766855414884,0.2661450151532265,-0.1938580563472775,10.018108146446794,-0.0943991123241975,359.2725984541543,18823.644373325656,7634.2,9.211149543432809
102,84,1.0,4636.377258891601,4636.377258891601,16232.0,4701.138673321085,2563.4814371284147,0.7596837003932967,138762.30848438313,16062.0,0.0,,,138762.30848438313,0.0,4742.685606164478,4733.892738640415,4025.302720280088,,,,2.86082844836331,0.7596837003932967,0.0,0.0,0.0,0.0,,26468.25074857829,23779.0,0.0,23779.0,,16.333692665430362,0.0,0.0242056443011485,30.87787341614208,21.8535472284221,,,1204.0,-6.744921652154052
102,83,0.988095238,4623.492227067973,4610.607195244345,12860.5,4627.386020054351,1881.828760592644,0.1186733145329034,144199.81125215066,9183.0,-25.770063647255483,310.3119879741822,341.2343446590245,149637.31401991818,-681.6526765357708,4303.838184204432,4513.363969736741,3542.7244821158006,57.09642496015378,155.93738793850895,104.30200251081574,1.27854783401294,-0.5223370713274897,-482.57823816428754,-6743.0,-147.50530653346777,-438.8474219600457,16.636082786497735,21231.621892556654,20485.0,-6588.0,17191.0,69.29646455628166,15.017633309149524,-1.2820207717207863,0.1270789028330379,31.32444891793493,10.090060277708758,3.5355339059327378,7766.030664647651,1207.0,-6.590250022662893
102,82,0.976190476,4576.303733434299,4481.926746166951,11516.0,4263.452191229942,1821.1764009773551,-0.0421540771826855,147739.2156923721,8674.0,-154.45051272465025,469.0264959127418,319.3307917556547,154818.02457281502,-742.3050361510595,3805.266584068969,3639.397759537453,3421.722079453964,60.12894424776451,578.8449898671589,634.6518330173359,1.1242919256484492,-0.3638088606138637,-603.5806408261242,-7405.0,-1165.5541397399584,-937.4190220955084,13.222746985214137,18644.80551967416,19017.666666666668,-7696.0,16083.0,776.3519390929182,15.08633109277076,-1.1234925610071604,0.1665533752809823,29.470244443843416,6.603829620041064,40.77989700820736,8099.42099847257,1279.3333333333333,-6.193384842461067
102,81,0.964285714,4595.522111503335,4653.177245710441,10797.0,4069.2537868002746,1731.9746390395312,-0.22873621666006,149465.9908878167,8341.0,16.799986818839898,611.5986586043515,305.53033567777896,154646.3164741505,-831.5067980888834,3330.209655713805,3473.7877649433667,3344.7071440401387,51.30217898118785,626.2573375740435,647.5909567262543,0.9938089145677312,-0.7884826350921832,-680.5955762399494,-7592.0,-1214.480099809814,-1412.4759504506724,11.368257954448836,17444.253977566303,18499.75,-6833.0,16946.0,635.5435337829612,14.4024860963349,-1.54816633548548,0.2012500679943933,28.550643348667283,4.823619166969838,35.06660329525326,7444.811659948664,1272.5,-6.732022895970782
102,79,0.94047619,4557.749299172354,4406.658049848434,10210.0,4048.269718561136,1869.1764843734152,-0.4012736625732083,148493.32117101457,7946.0,-229.7192090431672,541.7425888515489,264.59790123174764,144602.642303806,-694.3049527549995,3791.085550690468,3967.3918406871,3585.1303876361803,70.71139468615972,545.124450355431,562.7896507795282,1.10389205478766,-1.0914234462258017,-440.1723326439078,-8370.0,-736.8052277165039,-951.6000554740094,10.297341345899476,17110.338041461153,18222.8,-6664.0,17115.0,561.8836178426993,17.783170539947353,-1.8511071466190985,0.2269682007400347,29.768170139587266,3.4740064740239,30.96288100290411,6825.820461804196,1309.4,-7.513869998993496
102,78,0.928571429,4552.840113655311,4611.8313313063845,8300.6,3776.644446140851,1311.2181317317647,-0.8585165290765147,149746.462454749,6913.0,-24.545927585216305,347.0847333488527,305.5475712056435,145028.0149030554,-1252.26330539665,3711.168668693615,3468.518915416438,2824.614776630033,99.00656709045184,441.0825139506412,492.2340549809304,0.4071325087891003,-1.5265306321232357,-1200.687943650055,-9547.0,-1358.1263621014268,-1031.5169374708626,0.7436135190615846,14688.148089311975,16284.2,-9693.0,14086.0,505.1358233188383,12.94851053517526,-2.2862143325165323,0.2981871117067022,32.7633772549063,-1.2493868884930668,29.368350311176822,4892.02739815891,1284.8,-6.380320644926066
102,77,0.916666667,4598.132296042162,4837.068107178598,9648.6,3831.300097617358,2630.1543699224726,-0.6225665751372911,148290.17192020596,16033.0,200.6908482869976,574.7187267644539,468.8011665725869,142355.86134720285,66.67293279405794,4869.567959180797,4859.41226549396,4127.061159901709,123.63709813750916,582.8991639946794,602.8247300787523,0.9302167049104654,0.6574126983686289,101.75843962162116,-3.0,125.77295084907018,126.88235301631904,15.86417668642268,16055.415117188855,17961.0,1796.0,25575.0,353.13906609153355,16.070060619999424,-0.1022710020246677,0.2908155463018646,33.4642450713488,5.944293075570126,30.77823906593748,5944.883373582932,1294.8,-6.951990380182325
102,76,0.904761905,4637.132462821532,4676.927580063802,9808.2,4000.339813513719,1997.0087069642752,-0.6416722990505426,147595.15788271962,9302.0,40.55032117220162,580.4577772110082,480.73288883840087,151342.95438538343,-566.4727301641394,4143.696109707089,4343.208476612669,3713.309051565735,117.32279414339222,594.6202840410785,617.4954215369462,0.9806020351737836,-0.4593374801801211,-311.99366871435313,-6607.0,-320.3555602581528,-598.9894964573887,15.97473196504554,16468.28327020217,18771.8,-3642.0,20137.0,281.76940926935345,13.088389513540404,-1.2190211805734177,0.2995194953531051,37.47865417186043,5.735122360190496,11.247221879201968,5236.517107511057,1257.2,-7.460029501871924
102,75,0.892857143,4646.875529893621,4701.89258107089,9880.2,4035.295919324286,1838.203860732851,-0.5842160846696436,147114.9677967885,8871.0,65.51532217928889,464.14717433289735,478.1405640206297,152245.36604449473,-725.2775763955638,3954.579609728507,3773.050527903469,3375.398579946921,124.10906072884823,537.9458722457767,585.2516576996745,0.97896126560303,-0.5012015631876885,-649.9041403331671,-7232.0,-1039.6995707569818,-788.1059964359706,16.04338501359305,16656.472119773036,18620.8,-7588.0,16191.0,532.8405014636185,13.184369619246064,-1.260885263580985,0.3007143203991158,41.72992137362287,5.60030370150592,13.794926603646704,4499.363955384411,1274.8,-7.358708605239569
102,74,0.880952381,4702.951499698113,4687.037898870889,10056.4,4047.35954930008,1774.260479837532,-0.532396042161715,148376.72896783875,8488.0,50.660639979288135,457.41253516687095,494.75628696295024,150911.44815905744,-789.2209572908826,3834.555768286696,3986.841384388807,3804.131771064502,36.85396908790874,536.9765388228267,584.0436594282808,1.1575651837034076,-0.8323232336861583,-221.170949215586,-7489.0,-676.4870778375307,-908.1298378777816,15.98853653676801,16579.07853221437,19006.0,-4738.0,19041.0,602.3206787086098,16.522805261088525,-1.5920069340794551,0.3004757839840931,42.32524565002053,5.696138045146251,13.881642554107188,4501.99069692164,1243.4,-7.728028104561837
102,73,0.869047619,4729.92579645667,4746.702815099168,10320.0,4078.883585243395,1566.0266511964228,-0.4403355752930135,149479.48360079137,7932.0,110.3255562075674,441.3020544151101,300.46678494738603,150541.7880678183,-997.454785931992,3791.760929835786,3605.999040307102,3449.929351074464,51.7766338184507,499.6639769348431,539.0418826070935,1.7238011334824854,-1.0662282977797288,-575.3733692056239,-8229.0,-1200.506182384851,-950.9246763286916,15.958749417262192,16754.586373424332,19330.6,-8070.0,15709.0,774.6481136619387,15.58449102767972,-1.8259119981730256,0.2906702462286953,41.72454627293341,5.7478840558714746,14.720733677368102,4160.669766340284,1258.8,-7.247641101494702
102,72,0.857142857,4729.507828317114,4834.978266480822,8489.8,3866.518688523556,1369.1115254880858,-0.9008933383855382,150505.15809197235,7143.0,198.6010075892209,224.87937177975817,276.15722369475446,147484.23380310775,-1194.3699116403288,3531.463269836353,3741.5944969283983,3113.470863183175,68.86302389476846,287.7212184429999,344.8523668516385,1.6295925096731192,-1.6453761170939942,-911.8318570969132,-9154.0,-936.051532750128,-1211.2223363281246,0.2163609741232431,15255.3784091764,17573.4,-6990.0,16789.0,792.7254884258484,13.325932523032549,-2.405059817487291,0.3237176335109909,44.38240068146156,-1.469785041984348,13.217412757419636,1713.9196011631418,1251.2,-7.07354701834119
102,71,0.845238095,4710.760340064387,4583.1901388001625,7953.8,3565.1573153447343,1424.4500152104729,-1.0674496063593442,149706.1769715598,7033.0,-53.18712009143837,296.1608754592898,378.7803164896218,147348.04878332076,-1139.0314219179418,3212.9610894941634,3005.700795632731,2792.9984479430977,81.64841176639251,370.9134167906943,430.7759954475122,1.8136063097093549,-1.2921188200491511,-1232.3042723369904,-9287.0,-1827.16242615226,-1529.7245166703142,0.2141566266716856,14834.605628563446,16437.6,-9321.0,14458.0,809.9022780558158,12.719155612641536,-2.051802520442448,0.3453102448900919,44.10808682714084,-1.4847619212608911,11.61034021895997,2095.190026196265,1233.6,-6.251843155244058
102,70,0.833333333,4741.565458523498,4855.918173366451,9424.4,3787.0199242933872,2762.795100161301,-0.8489067877242388,147391.03797943136,15792.0,219.54091447485007,595.1143225587131,516.2289415134148,140669.67108385253,199.31366303288632,4802.320118778359,4807.633271816504,4079.030095572117,82.97724171919508,655.3293408231625,696.4814181068502,1.9510654091289357,0.5915125299878391,53.72737529202868,121.0,69.61347398628186,59.63451261388127,9.283478700410328,17434.231198392437,17026.6,-4643.0,19136.0,751.1845312571339,16.87956071610729,-0.1681711704054576,0.3211769054592903,41.31177184771333,2.5930662387801093,13.084341787036877,4194.318190969937,1213.2,-7.184858698299368
102,69,0.821428571,4735.626753330374,4657.344372905274,9597.6,3803.886915127882,2051.8660159085466,-0.7601328601193869,147847.57750620163,9214.0,20.96711401367338,596.9872906267171,498.98382864961087,153194.1457929088,-511.615421219868,3940.285455988712,4085.8897071793967,3691.621609156065,89.13788673433874,662.7278437007295,704.6482602810133,1.5956331440531966,-0.3884535956618994,-333.6811111240231,-6623.0,-592.1521236650606,-802.4001501757657,9.242152485821796,17370.926494038362,16585.8,-6942.0,16837.0,577.9271580398347,15.53116099532469,-1.148137296055196,0.3151460107255509,40.64159750153651,2.6719832079332493,13.084341787036877,4682.319685977526,1185.0,-7.53446970100487
102,68,0.80952381,4701.091258025701,4574.025338575797,9778.6,3842.001599407505,1881.033239340698,-0.6222570898750929,148384.48745246517,8844.0,-62.35192031580391,598.1666723035806,513.4896270483009,153226.33779913597,-682.4481977877167,3987.719382554245,3799.171981942624,3691.994474926888,98.160543990478,650.511830209344,689.1274917746181,1.6193861359232646,-0.3768494465582588,-333.30824535320016,-7324.0,-1009.932760986732,-754.9662236102326,9.185931007897755,17233.1699559438,16913.4,-6432.0,17347.0,389.1339101132151,15.720403810713837,-1.1365331469515554,0.311613069340675,40.63992832995079,2.7764299551542773,12.441864811996616,5128.975777727229,1226.6,-7.280526306637442
102,67,0.797619048,4672.625315527095,4692.648553987791,10134.8,3859.672803335743,1763.3802777786418,-0.4513719776162569,149296.36704028753,8486.0,56.27129509619044,578.9747442358856,472.3453077241507,152043.63174221956,-800.1011593497728,3680.071049734815,3816.5268688081655,3554.4813415575422,64.39204768695433,647.1502380016188,687.7936677835268,1.5439208720501354,-0.790950555799814,-470.8213787225459,-7373.0,-847.6955131089358,-1062.6145564296626,9.135035083004889,17189.43033939774,16916.2,-6976.0,16803.0,403.1203294303076,15.922587575631912,-1.5506342561931108,0.3059480792993636,39.08464703131906,2.861193991821493,12.441864811996616,5296.043860456291,1266.6,-7.205201653657445
102,66,0.785714286,4719.780623679626,4818.96667956282,10349.2,4042.9031269748098,1549.2264748362495,-0.4070698286078024,149622.5069402633,8084.0,182.5894206712192,420.9708856875802,211.04807188358157,148978.74828319953,-1014.2549622921651,4141.06035399942,3921.79833639617,3577.584874347469,119.19712428740024,419.10698208113456,435.2047098280963,1.6905233175023002,-1.0706080750068785,-447.7178459326192,-8215.0,-911.0108079569296,-601.6252521650576,9.169369849637729,17727.532478079796,17456.4,-6620.0,17159.0,484.0103304682656,15.74834092574118,-1.830291775400175,0.2926897299944745,38.38844187657784,2.8048688870840515,13.133925536563678,5224.8376711219125,1312.4,-7.098967977108156
102,65,0.773809524,4703.719491278086,4775.612511358745,8604.6,3922.455581438918,1444.8990908219075,-0.8015822493912002,150798.97950526138,7760.0,139.23525246714416,168.02417233944306,109.411681129848,146552.0339088431,-1118.5823463065071,3879.270601176527,4103.920082261227,3429.5547877571044,123.61165431833456,144.40733290728136,206.8142295280042,1.9419576585178269,-1.38104957392915,-595.7479325229838,-8602.0,-532.6242536931732,-863.4150049879504,0.4122638129672479,15365.831994641983,17317.4,-5338.0,18441.0,491.79995933306014,16.36389677963477,-2.1407332743224465,0.3247947320713796,39.69730119634791,-1.413912127179739,10.940749517286257,2833.974346241467,1315.8,-7.135263647408356
102,64,0.761904762,4673.410589067951,4505.799861854602,8092.0,3702.140226265096,1467.6263106474937,-0.9596781707818444,149759.05038697203,7176.0,-130.57739703699917,316.4797169149553,251.1581012356814,147994.50020146204,-1095.855126480921,3322.055603522708,3117.405341622057,3041.8799795252203,141.2010045604802,374.7593345111957,427.4661540729612,2.363785124495746,-1.1789332026151198,-983.4227407548678,-9186.0,-1693.7288995341742,-1420.6300026417694,0.3588500251005808,15024.171446333869,16907.8,-8990.0,14789.0,525.1468366085808,16.378498617790672,-1.9386169030084168,0.338926462756689,39.7338692079249,-1.5075687173173562,10.074720839804918,2683.776701617848,1314.6,-5.902660223296674
102,63,0.75,4718.428620044955,4799.11549346082,9555.4,3916.102310640736,2769.5607335237164,-0.7754065709464012,147098.72417509515,15601.0,162.73823456921946,558.0755468208014,411.4282937746067,139924.70673975162,206.07929639530172,4809.330324760963,4806.771636993076,4185.55011545887,128.1876418586562,606.1186697450655,637.0065612928737,2.2779617484063333,0.5445085526189566,160.24739517878197,-7.0,59.87766089146589,66.64471859648529,7.213905195921635,18223.784264714068,18398.8,1023.0,24802.0,530.024810740025,17.877646850605704,-0.2151751477743401,0.3124223641321285,37.49408353776485,1.5859886975263016,11.467344941179691,4366.6353399536165,1291.0,-7.430946426038204
102,62,0.738095238,4689.413845096116,4547.574679243596,9720.4,4026.752307951429,2235.103693959536,-0.6677258612934807,147523.3497958944,9536.0,-88.80257964800512,545.4518173587724,550.0306843986812,154166.75984621575,-328.3777431688786,4279.609414815146,4401.604944342617,4374.926629394196,161.5354754197709,629.1551323462827,670.5679544896399,2.2692912360163766,-0.2525470075352113,349.6239091141083,-6548.0,-294.4455265554716,-463.0761913493316,7.174173838046187,18214.216637217996,18890.6,-4517.0,19262.0,672.9150763655093,16.979954628646855,-1.012230707928508,0.3025160357716412,35.203808513126525,1.667896152369621,10.848963084092391,5117.066973084627,1246.2,-7.173471814947747
102,61,0.726190476,4667.462941963104,4709.212163897751,9970.4,4111.166201258015,1862.89380871824,-0.5491188039125737,147792.51954928887,9182.0,72.83490500615062,589.8023302854506,544.0850900287195,150324.59705017193,-700.5876284101746,4578.962505696648,4325.64631064341,3754.003857854592,131.63984633129462,631.2438166136393,659.813558801702,1.980541302702473,-0.4775727881023442,-271.2988624254963,-6965.0,-488.9413414239971,-163.72310046782968,7.165921709256413,18280.947713464506,19307.6,-4535.0,19244.0,732.0619509303835,15.824741147596306,-1.237256488495641,0.2900491997102742,34.77583541017182,1.681772612435158,10.55935604097141,5263.50668991164,1233.0,-7.761049179180984
102,60,0.714285714,4674.104874667102,4808.8221748787455,10248.6,4118.042420727565,1759.800172986578,-0.4533259117043997,148567.20436808234,8795.0,172.44491598714467,577.2613600248351,522.5589385093514,150425.4580028104,-803.6812641418367,3997.680386201895,4174.971805448529,3609.056442784932,138.35797265547177,630.7165734312673,660.7391252898392,1.729794144972676,-0.9020851128882794,-416.246277495156,-7211.0,-498.24315634542654,-745.0052199625825,7.14274935486212,18452.817751925213,18978.6,-6983.0,16796.0,725.8445425847046,16.57849767908768,-1.6617688132815762,0.2836936544638092,32.68162325359522,1.71964529649238,10.737783756436867,5350.632553938079,1283.0,-7.721296862159986
102,59,0.702380952,4723.644575798886,4753.498367513519,10483.8,4379.7306730919045,1702.1283311736497,-0.3942985632501138,149178.53653878882,8179.0,117.1211086219182,323.1515949218693,516.5794769946076,151051.1610549944,-861.3531059547649,4647.829303132334,4478.078206305479,4903.197440563792,125.3779856339992,234.908946195144,228.86919369935345,1.812401518393052,-0.8837964603436907,877.8947202837039,-8010.0,-385.287637712473,-94.85630303214384,7.156183229278389,19089.32392467976,20605.8,-854.0,22925.0,741.0670010194754,21.16110562109852,-1.6434801607369875,0.2583091019806446,31.73988346615093,1.696258113319001,12.429802894656037,5443.713298910616,1300.8,-7.477202790884831
102,58,0.69047619,4743.182022897656,4896.802728954672,8685.2,4104.179695796111,1470.2154902758396,-0.795511239743216,151504.24086613912,7246.0,260.42547006307086,573.5201895257261,685.853813487736,151553.22837650325,-1093.265946852575,3231.358984736355,3380.3346438482886,3151.16614423525,146.7210228310398,445.75153138312425,411.5382386744415,1.9080238122305984,-1.4615548298465544,-874.136576044838,-9000.0,-1317.8772255875049,-1511.3266214281225,0.3146215419959948,16092.10358379695,18971.0,-7151.0,16628.0,746.9262346443584,16.43779997327145,-2.221238530239851,0.2728394049003463,31.02452275137896,-1.4896001250235615,10.931605554537702,1513.9141568894408,1293.6,-6.540305187539964
102,57,0.678571429,4734.091703420153,4502.123081856076,8208.2,4004.33170819096,1719.2843722190717,-0.9930343995250756,150415.7627093645,7437.0,-134.25417703552466,577.1420008483399,649.9638965335603,148724.36906234254,-844.197064909343,4333.680042141908,4071.8928129723786,3677.489138364814,109.1159466426228,423.4483714558459,379.0757533505242,2.0996088549281127,-1.2401628064445096,-347.813581915274,-8933.0,-793.6854645812195,-409.0055640225692,17.13271855224003,19249.311408215573,18506.2,-6841.0,16938.0,185.69383403871663,18.142123833017337,-1.9998465068378064,0.2898644405856493,30.93615140185002,6.039840187857867,11.282730166054646,1023.993486318867,1438.4,-6.770100809006382
102,56,0.666666667,4760.738032313244,4842.4438083632085,9573.6,4116.472485821122,2679.1288491670834,-0.7950141890642874,149177.3954099705,15500.0,206.0665494716077,629.3288281545141,667.5568903703543,144132.76055320175,115.6474120386688,4821.940612999674,4811.714046846439,4185.21717932728,109.39406623222196,533.6273606635176,514.6374729148789,2.257109081800322,0.5125282642015973,159.91445904719194,-138.0,71.76254672680989,79.25500683519658,16.707616342973356,19138.26632799709,19368.8,-222.0,23557.0,346.98804013971187,15.9622257655715,-0.2471554361916994,0.2747605971865169,29.59422262100625,7.043264210103379,12.16552506059642,3124.6485365736885,1457.2,-7.238547290323344
102,55,0.654761905,4760.681606530505,4808.540045965049,9770.0,4117.818121162385,2135.526154359877,-0.6797893003927313,149955.20678846393,9775.0,172.16278707344827,626.3524106977774,653.8884922272465,154314.51489527774,-427.9552827685375,4036.339360825637,4185.809028229478,3763.05924088994,106.29071210733233,533.6065865524545,514.9286522549727,2.090592873846229,-0.3259606695304994,-262.243479390148,-6229.0,-491.5149796391106,-706.3462453388406,16.635866392295934,18953.277515826358,19406.6,-6794.0,16985.0,345.13229347599207,15.356494235942993,-1.085644369923796,0.2625145424988979,30.409364881316836,7.155513689406244,11.85326959112968,3859.729416974775,1419.4,-7.377243332591381
102,54,0.642857143,4745.202449540858,4676.102582565284,9991.4,4019.972942842506,1989.358259542492,-0.5605900848916445,150618.06324874,9197.0,39.725323673683306,577.5519571677763,374.85409624714606,154365.4433563748,-574.1231775859226,4108.679243471583,3942.2682411674346,3856.4746102974286,108.1059095784998,513.6038432688388,514.3719441682025,1.7017807803763212,-0.2878003828382561,-168.8281099826595,-6903.0,-874.5135293118678,-634.006362692895,16.560716348343426,18806.326714502386,18002.8,-7873.0,15906.0,405.52126947917066,17.5117637201296,-1.0474840832315528,0.2562254094123959,30.71892249473327,7.272113854574326,9.679876032264026,4351.344099995373,1437.4,-6.684150657058898
102,53,0.630952381,4733.9723800403135,4840.652381451951,10370.6,4077.080577760751,1850.340782145705,-0.4139167667788632,151283.78955203778,8857.0,204.2751225603506,471.5250225574002,259.5836085747704,154881.85989299204,-713.1406549827097,3525.004720939992,3648.732322702476,3480.85776830467,81.5477558442871,429.5536126246453,435.8694618229508,1.394461666279532,-0.7281882392826481,-544.444951975418,-7104.0,-1032.3390509962835,-1217.6808852244858,16.509730721369237,18872.397632762117,17987.4,-7228.0,16551.0,428.85743551907575,15.889803225235225,-1.4878719396759448,0.2611343492254223,31.906617933051088,7.350918527720355,8.561541917201572,4739.193299018787,1460.6,-7.100024310326762
102,52,0.619047619,4817.433916510379,4919.430764206401,10581.2,3983.220264773936,1618.35944850116,-0.3588813166926542,152205.51502108463,8359.0,283.05350531480053,494.7592429799439,316.2431971593413,153332.99640757675,-945.1219886272548,3727.2079795340737,3531.3899956455475,3392.6347583469683,96.29600720739006,509.12820245499,523.2916723857915,1.3066982736085813,-0.9649855560134648,-632.6679619331198,-7880.0,-1262.9870295152932,-1015.4776266304038,2.006761205596825,16057.341926471276,17792.6,-7815.0,15964.0,450.034109818354,15.69888556907312,-1.7246692564067616,0.2433340633660393,32.23578876908661,-0.2654882484426901,8.876936408468826,4608.685303978312,1342.2,-7.253566112612418
102,51,0.607142857,4837.941586081621,4944.982156219421,8955.0,3723.315091276071,1558.5527487132963,-0.6942125300543786,153837.93439493168,8152.0,308.60489732782025,331.0238564066918,230.39550884202205,152294.8574224371,-1004.9286884151184,3329.7262994301504,3467.5667990560064,3338.368278325665,104.86344530361409,301.9013886084082,313.81882706746615,1.459455796550648,-1.164127802607024,-686.9344419544232,-8269.0,-1227.7633207625167,-1412.9593067343271,0.191510980751438,16082.61560049952,16439.4,-6988.0,16791.0,248.09977831509332,16.639289296454688,-1.9238115030003209,0.2587968663505679,31.122001473089075,-1.2189412186545403,7.402702209328657,1057.779103981347,1314.4,-7.013375418666909
102,50,0.595238095,4820.16933783845,4719.678804749191,8348.0,3477.164504672835,1417.5455867321434,-0.8998300072522966,152905.08726999193,7119.0,83.3015458575901,330.73697989463744,432.7512167205852,149650.27927057887,-1145.9358503962712,3310.277111855933,3082.4193603363065,2661.8286191444263,103.98401723408112,311.52471382282164,319.6403342298236,1.0915721955870623,-1.3540480555200896,-1363.4741011356618,-9264.0,-1722.2679126552894,-1432.4084943085445,0.2348651814058022,15844.07963594823,15049.8,-13742.0,10037.0,468.18340423385183,13.47727488903523,-2.113731755913386,0.271674208212277,30.326634103100155,-1.3008941180820326,7.362064927722343,2207.670533918764,1291.4,-6.5325366955007205
102,49,0.583333333,4878.080312089079,4965.657453818428,9738.0,3680.747135253735,2840.489888074168,-0.7393607093664745,150857.79121529724,15706.0,329.2801949268269,650.2637838638872,530.4084007492128,144128.96308290155,277.00845094575334,4877.083802658256,4883.291211421491,4155.122926776575,74.24732598115557,682.6593112269317,698.0398779720325,1.0003883270566265,0.5145461065908544,129.82020649648666,47.0,143.39962359263427,134.3981964937784,9.359610942876692,17215.10519528547,15612.6,-5059.0,18720.0,421.4946025751672,16.780295363208115,-0.2451375938024422,0.2553006803156905,30.22842868510922,2.8219952590451043,8.734987120768944,4267.576574936701,1305.8,-7.795109299661554
102,48,0.571428571,4891.95403755012,4910.021008757158,9944.4,3793.1679197817016,2148.781680273498,-0.6553706778290411,150767.47231854458,10006.0,273.64374986555686,647.4537507963937,544.1608453903156,154430.26540922868,-414.6997568549168,4063.26890367127,4215.753157628831,3674.566778581154,64.3911912960317,713.6955523310087,739.6580042607904,0.8575495304962855,-0.3082380815954818,-350.7359416989343,-6072.0,-470.23512835645033,-679.4167024932076,9.388103187277256,17406.455978814145,15684.2,-6870.0,16909.0,400.9865334397132,15.45763550343433,-1.0679217819887783,0.254545666198319,29.76442386547929,2.7683012141295635,9.523654760647265,4169.678337517412,1302.6,-7.693813331944056
102,47,0.55952381,4818.955421785386,4554.437685382734,10232.8,3759.553181383243,2289.9569323723263,-0.4952591869712844,151632.6762633393,9581.0,-81.93957350886649,664.3583696003303,557.7092984287749,157659.0161315502,-273.5245047560884,3522.1782276109693,3369.3170109798616,3738.268734204929,149.05692862804568,734.3747093483943,763.2680817152991,0.7339994128081839,-0.1644281017246808,-287.0339860751592,-6438.0,-1431.060721507586,-1220.5073785535085,9.277663441910448,17009.72019857889,15720.2,-7635.0,16144.0,348.7387274163831,16.65800306122105,-0.9241118021179776,0.2495557257927804,29.58873499865526,2.989973373194555,8.384509526501786,5118.087210111811,1318.6,-7.784835411882913
102,46,0.547619048,4818.753947706611,4943.974785825545,10544.8,3854.3042693606258,1843.9103869221665,-0.4077424237419688,151947.26269357148,9298.0,307.5975269339442,610.5349503915743,549.7885784691043,153867.78957359813,-719.5710502062482,3760.837373442368,3908.44382788162,3493.1468386449087,149.7015346427403,709.9934808260465,748.1162051041823,0.3168767627798773,-0.726543986460446,-532.1558816351794,-6709.0,-754.007880875603,-981.8482327221096,9.278983993062592,17301.508723012397,15996.4,-5607.0,18172.0,440.79961433739777,16.639211672621087,-1.4862276868537427,0.2579491501296901,29.35010376360353,2.987768764170003,8.25832912882498,5240.057219820791,1340.6,-7.790591837758643
102,45,0.535714286,4888.512449676637,5068.471314599319,10857.8,3982.677512928468,1640.9711122745564,-0.3425174482381818,152554.3221806824,8531.0,432.0940557077183,514.7111786280876,317.02846423126124,152685.57670613343,-922.5103248538584,3926.457086234057,3714.071192641903,3308.335778427237,210.72920432644727,572.9310458805888,600.933196838297,0.7927518491190064,-1.0279231780011548,-716.966941852851,-7699.0,-1080.4016948160793,-816.2285199304206,9.289751771503218,17905.94407072632,17112.8,-8160.0,15619.0,405.5640516613855,16.730205603238236,-1.7876068783944516,0.258489660957192,28.769698313834603,2.9702977600891938,10.0747208398049,5052.852190186879,1369.8,-8.015445190864211
102,44,0.523809524,4903.932298896774,5042.756699919116,9215.6,3762.997526773009,1561.0740754447245,-0.7133608228673577,154061.3003702493,7937.0,406.379441027515,234.06953459040147,183.44558658559075,151663.85403073605,-1002.4073616836902,3552.534160150984,3724.713885144244,3387.505344931037,220.51632690774764,309.1252435787847,359.2816108765886,1.11882963125364,-1.3396707665550247,-637.797375349051,-8164.0,-955.00030718466,-1190.1514460134936,0.5724694023715549,16807.738354641202,16694.0,-7153.0,16626.0,408.6327201779111,18.178337154565515,-2.0993544669483213,0.288557637697272,26.782221438329906,-1.277420004052147,8.408329203831114,2205.4663716970385,1376.2,-7.35237430358001
102,43,0.511904762,4883.433157975296,4807.52530414977,8707.6,3533.0743590277903,1477.4278951830065,-0.8934247151420627,153094.9568712045,7740.0,171.14804525816908,208.49152483369312,334.59300355245875,149598.54791400477,-1086.053541945408,3403.523970890506,3187.449475029165,2827.097028640836,220.8550654116322,293.7995001739699,352.7754334840796,1.2087396179353012,-1.2085575429690067,-1198.205691639252,-8612.0,-1619.8509670825424,-1339.1616352739716,0.5904406205244799,16593.36491441233,16094.2,-9869.0,13910.0,434.0480388159805,16.76812563430935,-1.9682412433623035,0.3114732751405924,24.815775863589757,-1.332631517610939,7.176350047203607,2895.633760094136,1369.0,-6.78586630391996
102,42,0.5,4970.5294727588025,4989.919259300265,9943.8,3832.551904183249,2949.1248988069046,-0.750977211023503,150210.10299996534,15740.0,353.54200040866453,548.1904061775123,517.5243692045517,143234.7467753543,385.64346167849,4802.961871678476,4820.6958730070855,4260.942595977584,110.67260305900784,595.1033232990465,613.172659769231,1.2138257950980629,0.5478094188681173,235.63987569749543,-257.0,66.32700426970314,60.276265513998624,8.877859911191088,19466.938207465428,17475.8,-727.0,23052.0,362.1777188066641,19.221397205798823,-0.2118742815251794,0.2994865626136523,23.69885010560477,2.3759652651031105,10.074720839804902,4333.695395119848,1349.6,-8.024533934166897
102,41,0.488095238,4964.858605728432,4915.620450673688,10191.8,4046.166174685944,2216.8597852109715,-0.6409373968737035,150133.25622819137,10435.0,279.2431917820868,677.0659850686959,753.174722108916,153483.5557147282,-346.6216519174432,4824.308153941459,5016.269823447421,4670.481960305213,110.55649810279046,787.5930515462866,815.6746947026944,1.529584833346366,-0.1763449157114492,645.1792400251247,-5469.0,314.0634716378745,81.62254777698126,8.899498647599446,19595.48442314957,18474.6,-613.0,23166.0,819.5744627549102,19.23734869097656,-0.936028616104746,0.3017902027450586,23.34280918141845,2.3366852518507266,10.358571330062812,4178.198901636977,1339.2,-7.744142667436269
102,40,0.476190476,4933.237084956652,4910.363710740421,10485.4,4106.896593629732,2015.0972951382432,-0.4706324200178021,150629.95078651467,9939.0,273.98645184882025,671.0997796211783,723.9772279427598,155169.0494977501,-548.3841419901714,4234.760101813554,4024.299622744421,3672.481366586985,57.97601816799335,762.1218665564354,786.8766696352773,1.5037375449705743,-0.1763982937216472,-352.821353693103,-6231.0,-776.749600097141,-507.9255043509238,8.868383812598893,19537.21814023162,18728.0,-6893.0,16886.0,689.8712198664327,16.8193535070596,-0.936081994114944,0.2974195511683186,22.741731771335388,2.393906351470309,17.598295371995533,4685.480646802855,1339.0,-8.260736393497698
102,39,0.464285714,4930.641376913601,5029.77815970386,10850.2,4126.628856943959,1998.759183486912,-0.3178799806162515,151753.6242003569,9532.0,393.40090081225935,636.6717972104461,692.9262116983331,157282.2210999471,-564.7222536415027,3717.761924907456,3820.281544156531,3823.849838448268,37.438424819647686,749.7404039836382,776.7401518201796,1.2216108171035864,-0.5759085695472718,-201.45288183181992,-6340.0,-856.3389906135226,-1024.9236812570216,8.793863907242953,19513.8544188206,18723.8,-7174.0,16605.0,682.2871096539932,19.809317084258183,-1.3355922699405685,0.3085863202789915,21.692732765466115,2.532694424581803,18.17140610959976,5614.12343704195,1340.4,-7.550421843141897
102,38,0.452380952,4991.142657244878,5110.031705806161,11069.0,4192.287675441703,1707.6588540811692,-0.2502283893893859,153160.8343337242,8752.0,473.65444691456014,557.8431607458372,496.8808956951781,156634.59858084135,-855.8225830472454,3679.328208593794,3510.970941037337,3420.123996435508,85.22518077311838,650.7620423027412,673.268893887323,1.4113096845911624,-0.8702995868346789,-605.17872384458,-7518.0,-1291.5568745938222,-1063.3573975706836,8.74876021738273,19809.159634428543,19061.0,-8183.0,15596.0,661.8134178150214,18.808029675773,-1.6299832872279756,0.296687570808743,20.21044585697266,2.6124638685021337,19.256167843057437,5843.573629432802,1370.8,-7.838370780642456
102,37,0.44047619,5013.498943300139,5101.700689576566,9363.4,3950.2555076103295,1553.1512503689776,-0.6365756816127293,155313.744282238,7170.0,465.3234306849654,568.2570099770144,555.7435712005561,153999.2965179233,-1010.3301867594372,3383.800535704109,3550.253319655781,3231.565776502472,85.62719437108694,613.5757069784931,630.9991346502596,1.4699100239912917,-1.3839270422485996,-793.736943777616,-8785.0,-1143.8338348871644,-1358.8850704603688,0.2614924020186054,17481.413627108293,17773.6,-7164.0,16615.0,726.8440685594128,19.261290759338948,-2.143610742641896,0.3273522204210121,18.481417456805143,-1.3372920478995245,17.14642819948222,1690.1802425919464,1398.8,-8.21188124130749
102,36,0.428571429,4941.038978817708,4553.3206282615365,8590.0,3684.54948975125,1832.5201152776183,-0.8199434175575174,155144.38918144934,7349.0,-83.05663063006432,336.53362737770567,246.64494495432024,152636.7802107848,-730.9613218507964,4066.067635321805,3844.411235035301,3748.390023963353,193.38268253077493,215.7121216669393,209.16864477311023,1.5855101070212836,-1.09318359543539,-276.91269631673504,-9336.0,-1014.466617657522,-676.6179708426725,13.860270690019329,20014.34425856077,16710.8,-5927.0,17852.0,426.8954204486161,20.80919653679344,-1.8528672958286867,0.3395312087357188,17.004629969952695,4.941100812370822,15.722595205626808,1561.4973723871478,1487.4,-7.476773425247254
102,33,0.392857143,4811.887699922036,4264.607316262055,8682.4,3889.76797706855,2403.677172741124,-0.7950126567609921,153906.41246447334,10332.0,-371.76994262954577,747.3264625048329,676.7356243863256,148979.16591286997,-159.80426438729046,5292.802593947456,5088.679248420352,4969.93392475543,333.31602808014486,647.3553280122933,614.3072935737595,1.6219871270299269,-0.0517444897390203,944.6312044753416,-5769.0,249.342836489358,550.1169877829789,13.92829694653209,20468.44225302472,17996.4,-465.0,23314.0,490.3587462256596,23.653795436084867,-0.811428190132317,0.3212312493986636,16.48791503836216,4.825288131646671,12.29634091915148,3343.127899852764,1528.4,-9.81029753078333
102,32,0.380952381,4840.424712167112,5172.463220929245,8743.4,4071.020416302116,1878.5903722206108,-0.7869684468346819,153002.7921891029,9911.0,536.0859620376441,749.8276344664021,678.9077941352206,152764.1197230952,-684.8910649078039,4516.673447719358,4747.519451286843,3965.2690388443866,369.1692682776372,724.4952729424041,721.9827920219082,1.5046425518340378,-0.5356875199157207,-60.03368143570151,-6035.0,49.92320555430797,-226.0121584451199,14.021048286681207,21028.879481411863,18123.6,-6538.0,17241.0,695.7899826815568,19.688666988960403,-1.2953712203090175,0.3154983777427077,17.820812726323943,4.656566538438312,10.779610382569444,2813.219974357061,1517.2,-8.349419019533276
102,31,0.369047619,4864.565992002505,5230.7381049831165,8825.8,4139.781913918783,1698.7651876102234,-0.7777715648072061,152681.06549452472,9027.0,594.3608460915157,700.2348148290375,670.7293819919962,155025.96510795047,-864.7162495181913,4104.344264811215,3863.4088304512434,3471.918984671456,399.39590567452086,661.373314535687,656.6552329292153,1.492984250030771,-0.8243151766972999,-553.3837356086319,-7106.0,-947.7493865104848,-638.3413413532626,14.066384777356577,21453.203032421054,18413.4,-6734.0,17045.0,682.5044322200414,18.145579393093488,-1.5839988770905966,0.3061323852127827,17.96001908602209,4.571975390381043,22.578751072634613,2443.004287421347,1558.0,-7.881586871312036
102,30,0.357142857,4877.310017033004,5165.4208147290665,8842.6,4186.701785215518,1591.7665435875288,-0.7615804717676989,152798.26746650372,7044.0,529.0435558374656,652.1563657901696,636.6850558118233,154585.3063778182,-971.714893540886,3541.24370211124,3725.55961633868,3383.7422841138937,406.1326585059377,620.4483294740382,611.4565340301901,1.6193724643148737,-1.3029715770510637,-641.5604361661944,-8701.0,-909.2344784034948,-1201.4419040532375,14.079204843679609,21593.312634857077,18810.0,-5181.0,18598.0,685.2289398441962,19.80245817764644,-2.0626552774443603,0.2916033133353494,17.641163857233295,4.548359001490685,22.420972325035294,2464.7964953636947,1587.0,-7.806166687391473
102,29,0.345238095,4902.819070604994,4680.8658961214815,8855.6,4213.35910442423,1821.6688147924056,-0.7751858051290392,152681.5277702216,7302.0,44.488637229880624,642.1602832878241,653.8192538285111,152053.0817293742,-741.8126223360091,4209.06035399942,3980.736870103492,3560.043967539081,384.7534908848289,600.6330733423731,586.6076423461486,1.4028729633726804,-1.161210262242092,-465.2587527410069,-9271.0,-881.1800216139568,-533.6252521650576,12.456554647896118,21178.30142331475,18619.6,-6879.0,16900.0,663.037480086911,21.05523845784508,-1.9208939626353887,0.2809883229631892,17.43564380284484,3.822647951437008,28.675773747189428,2475.046513155993,1595.6,-7.567058903083766
102,28,0.333333333,5085.107817596219,5176.051051218189,10041.4,4194.6159811622765,3076.15618211522,-0.667424816707423,152123.67575894538,15774.0,539.6737923265882,505.05412823382494,377.7221573911241,146189.90585648888,512.6747449868053,4901.213012564527,4870.227372024099,4277.699158786871,187.9360898779045,531.1351598165122,557.965150478699,1.2705697714530475,0.4870604523690613,252.3964385067825,160.0,155.62722017959004,158.5274064000496,13.208568834077257,22168.53887550564,17906.4,-4031.0,19748.0,1154.5374398433346,20.251210858903843,-0.2726232480242354,0.2659305470490901,16.13329363772721,7.697766404332697,31.567388235329165,3453.5831043095013,1571.4,-7.071359148457904
102,27,0.321428571,5116.170907465463,5327.778670275462,10334.6,4121.659824010327,2423.800256851227,-0.552224330965876,153409.02410227325,11427.0,691.4014113838612,483.3365616998818,378.88436361470906,159190.86143973458,-139.68118027718765,4197.052691317064,4362.315624045052,3972.704982618163,204.2957637285046,462.1129621837997,486.2589100266721,1.164359854968937,0.0403149087920147,-52.597737661925294,-4569.0,-314.8575802054429,-545.6329148474133,13.073458064625733,21887.731241830432,17846.6,-6837.0,16942.0,1162.64977529779,18.66235023910695,-0.719368791601282,0.2627448194600358,14.546593786739349,7.851884920026022,32.3496522392436,4727.660017793098,1608.4,-7.287428825727773
102,26,0.30952381,5104.66904261569,5173.228780734254,10687.8,4216.52469147138,2066.920854410406,-0.3769736039748552,153496.50086849052,10735.0,536.8515218426528,511.0647726500954,356.4902104547461,155463.34893903672,-496.5605827180089,4598.775724149546,4340.370747726507,3642.516200752829,198.8494804549738,433.8298531923495,440.5730401638141,0.8528795160441426,0.0519384582578039,-382.7865195272593,-5340.0,-473.4250492052206,-143.909882014932,13.078461041779452,21985.528754904,17588.8,-8023.0,15756.0,1456.1296988936124,18.04508205515505,-0.7077452421354928,0.2634122987828033,14.369446013636974,7.846365224077033,81.88833860813149,4776.055203239189,1608.6,-7.57156998355836
102,25,0.297619048,5150.502305968426,5394.587131492747,11353.6,4315.584095819635,2055.1778274268468,-0.1999391559434732,153846.9863874987,10515.0,758.2098726011463,349.30061368365097,295.1218688194736,156337.73397285916,-508.3036097015679,4053.594571829668,4252.234487599439,3690.101453671549,236.5891120315905,322.5560576473775,371.4993916706252,0.5903118173208227,-0.4177993368941541,-335.2012666085393,-5372.0,-413.9374566622173,-689.0910343348096,13.076105495080308,22369.82703793933,17681.4,-4718.0,19061.0,1315.606058058415,19.773062531795464,-1.1774830372874507,0.2772251251351183,14.781789916094072,7.848972565047791,83.16429522337094,4975.938660648364,1593.4,-7.522948987333679
102,24,0.285714286,5278.608795786647,5321.39834521258,11870.6,4337.975069959095,1790.787721589405,-0.1057167337150667,154595.080413951,9582.0,685.0210863209795,339.58851119042384,297.7554785966519,155793.55186163585,-772.6937155390096,4300.529382445297,4059.5618302347607,3548.6110457903656,130.92992156366304,300.4846008653054,335.81949819994213,0.4359012250603346,-0.6900981511000593,-476.6916744897226,-6686.0,-769.2251509166585,-442.15622371918016,8.473028504469694,20646.0462079163,17433.6,-8118.0,15661.0,693.5959198265238,21.252109389421964,-1.449781851493356,0.2827396679259181,14.306947672629793,2.2902048295452158,104.0302840522893,4859.000624469302,1517.8,-7.42239311979991
102,23,0.273809524,5303.271693395422,5299.365539262062,10103.2,4080.546299962839,1657.7766945618944,-0.4570206756004881,156876.46688692953,7789.0,662.9882803704613,450.8722727695957,212.96362278199732,157596.83822138127,-905.7047425665204,3383.892206717124,3552.1951868495744,3394.3983269382647,67.769338296111,335.63339123157124,332.0291922497972,0.692921407853866,-1.2694592570580452,-630.9043933418234,-8677.0,-1131.5166298016902,-1358.7933994473535,0.2736199142649633,19433.94564365365,16796.6,-7216.0,16563.0,932.3493443983328,22.89641284027305,-2.029142957451342,0.3132578678777742,13.372696289048625,-1.4550689571719098,102.172892686857,1512.7359469384116,1513.8,-6.704994650339537
102,22,0.261904762,5174.626652996464,4684.553468280677,9157.0,3948.9840488920736,1924.0387920390028,-0.6781725472419523,155562.55341660278,6841.0,48.176209389076575,448.2379823139021,112.88560516555329,152621.29408810087,-639.4426450894118,4114.0911145713,3887.9224973630016,3570.0395891608973,260.59754579796373,314.01007807602724,310.20738223887247,1.105310534864084,-1.0654444494153066,-455.2631311191908,-9300.0,-972.6688355592688,-628.5944915931777,8.982627929611821,21773.780779278808,16781.8,-6911.0,16868.0,1142.9395434580083,23.53103136134184,-1.8251281498086032,0.3208644565459339,12.558043203660738,2.461722180046211,94.75072559088926,1859.301087413466,1517.8,-6.5461125466641175
102,21,0.25,5183.38165939471,5217.003812725484,10214.0,4099.794803351726,3152.413541006279,-0.5854826779981966,153388.90686045607,15589.0,580.626553833883,588.8835185406584,448.4697719678664,144595.11615830328,588.9321038778644,5027.690718268284,5025.956310812288,4525.63324195763,262.43993144093474,550.4158138633838,561.2811970155755,1.27693807867198,0.5153878044765823,500.3305216775421,-55.0,280.6287230930402,285.0051121038068,9.711607986876814,23970.95844388777,18309.2,-386.0,23393.0,1815.4125426469875,20.92295430372651,-0.2442958959167144,0.2920981590672906,13.541584318747322,5.432974180921536,82.27271722752322,5205.7290147793965,1499.4,-7.7353534572024145
102,20,0.238095238,5172.874316009373,5342.05041456606,10486.4,4197.043739637468,2501.9717408205424,-0.4732452776341048,153872.51003463555,11938.0,705.6731556744589,609.9499592395753,521.1036092654984,158755.74984375652,-61.50969630787222,4593.42473230282,4760.140910795383,4357.131039530595,250.7616085258867,615.709818393228,638.6595697512829,1.1152435241927563,0.1433876649263047,331.8283192505073,-4010.0,72.30722476649498,-149.26087386165727,9.665967906626298,23914.71270309944,17972.0,-6404.0,17375.0,1870.946765677741,20.895534046554328,-0.616296035466992,0.2704218112289979,14.366399332901471,5.484034869522132,81.41130142676751,5637.633752470465,1495.6,-6.5303181456379145
102,19,0.226190476,5174.272216016902,5328.38784525023,10871.4,4213.195028652044,2274.118786810316,-0.2905604597023583,154825.23635955612,11413.0,692.0105863586296,610.3432592641576,487.7805906126486,160557.18348623853,-289.36265031809853,4332.976797242853,4112.885199747585,3910.5147732494,241.3945110053684,611.8815904679033,631.256587931156,1.0444446172092778,0.2233259385586736,-114.78794703068796,-4761.0,-688.4687058437789,-409.70880892162495,9.524878782938254,23630.93647337539,18217.6,-6890.0,16889.0,1829.129656421327,19.14727155433968,-0.5363577618346231,0.2407252302903866,14.26559354835464,5.64196454455566,82.6782921932958,6454.121324723687,1491.0,-6.351595893192914
102,18,0.214285714,5186.367718783959,5359.843053097346,11566.0,4484.524106673829,2152.213288835526,-0.0986964650613797,154448.8518480232,10902.0,723.4657942057447,350.3725068099686,447.0666250092178,155714.91566371682,-411.2681482928888,4704.788097345133,4928.798716814159,4633.7015759980695,255.399624924281,510.7256602195128,574.4841694666796,1.197156783485966,-0.3101392838531523,608.3988557179814,-5204.0,225.1287603072342,-37.89750881934469,9.609820540409826,24138.17328833364,19564.2,-483.0,23296.0,1706.8897152423176,23.38703505470904,-1.069822984246449,0.2362692868862573,15.460586437605528,5.550537153205769,83.40383684219807,6317.7006816810845,1504.4,-6.349360730675451
102,17,0.202380952,5319.704289487003,5351.236321795896,12141.2,4602.73166544467,1935.0170929767687,-0.0248913580226524,154864.76859044624,9725.0,714.8590629042956,250.1173169437465,353.64205326438264,154700.87780021605,-628.464344151646,4711.422955901,4456.046963790917,3861.895357497324,114.35766644562264,373.190337889433,420.0819826590099,1.030511120811457,-0.6964189142216705,-163.40736278276427,-6424.0,-381.63104170506085,-31.262650263477557,6.565789498514402,22386.810535049757,19823.8,-5613.0,18166.0,1370.8242775790047,21.25780340301373,-1.4561026146149672,0.2225843628547825,16.2177377968868,1.4829112663993806,99.3846064539172,6222.33779118564,1491.0,-6.658389548169891
102,16,0.19047619,5365.790628643071,5447.43550850582,10503.4,4407.34699640043,1681.823693996107,-0.3638187027756426,156970.8769856882,7540.0,811.0582496142188,414.7979576759949,488.2030744781737,155125.6581345131,-881.6577431323076,3723.7421393585087,3954.638647495655,3367.0972387840384,49.069561049220994,413.5880577957336,426.84925853729646,1.1196116695811882,-1.1792489192883686,-658.2054814960497,-8244.0,-696.2946221281632,-1018.9434668059688,0.3835482159202678,20275.278389649444,18505.2,-6979.0,16800.0,1318.0869470562252,20.98879432210131,-1.9389326196816652,0.2420083285591555,14.540538036965156,-1.5029349863978816,96.74347523218294,2508.516304130126,1455.6,-7.323435418895396
102,15,0.178571429,5338.969541618803,5207.944979444726,9487.4,4079.878034161976,1628.765886997738,-0.6263431734912481,156019.2360781522,7224.0,571.5677205531256,557.9745527242893,703.7025528285232,153997.54530607647,-934.7155501306764,3503.881398884947,3246.9262825927804,2736.8489704193603,57.15894976230134,623.4508216192856,647.0431416305775,0.9260841509036676,-1.1692346886517229,-1288.4537498607278,-9090.0,-1565.0375864257758,-1238.8042072795306,0.3728580881395434,19973.67455224688,17660.4,-10628.0,13151.0,1096.8979897875647,20.03762999670558,-1.92891838904502,0.2473475169426842,11.45612861705497,-1.5441914498067255,105.8286350663184,2581.541652992817,1498.2,-6.683610593524239
102,14,0.166666667,5367.628405436701,5471.682164339716,10278.6,4294.699509459628,3253.0360152111066,-0.5685469800289122,152910.35508975055,14820.0,835.3049054481153,700.6273970162464,820.8411633539878,145012.77854423044,689.5545780826919,5123.925928480769,5118.537318580652,4630.11133735092,55.42754348324339,759.8650884267942,783.1422720577065,0.9344612783910076,0.5123069058703532,604.8086170708316,-805.0,385.63867064448,381.240322316291,5.722528854129639,22431.31537423893,18992.4,-230.0,23549.0,1118.663041313156,21.82201752751241,-0.2473767945229434,0.2343934512896456,12.385373905405904,0.8535794613451078,111.41723385544984,4662.795455647773,1609.2,-7.003269091994412
102,13,0.154761905,5424.793660419361,5645.669328010646,10646.2,4223.319271791404,2588.537719541086,-0.4490449840931948,154131.76657222124,12532.0,1009.2920691190448,673.9674076974642,732.1146276789877,161821.97307607008,25.056282412671408,4363.349922377467,4537.686892880904,4178.816919710286,117.1682445180786,702.1674256948104,725.3163713887877,0.4480035964277534,0.2873706958254348,153.514199430198,-3366.0,-131.77242803388162,-379.33568378701057,5.640323422265221,22090.429967017106,18121.8,-4836.0,18943.0,1157.9184772685858,18.843205879814903,-0.4723130045678619,0.2344494339245154,11.76162465045423,1.0183773237050104,110.59972875192776,6040.012688702901,1614.2,-6.352115438014129
102,12,0.142857143,5426.171229370202,5358.1241665501,11099.2,4265.163910432997,2488.882220147628,-0.2620190152844744,155383.78952945318,11791.0,721.7469076584994,695.7095616575114,810.7615238172392,160960.9925863757,-74.59921698078688,4836.498298130275,4624.072690819229,4518.523351001245,117.9343498420156,717.5817774588289,738.1741836557254,0.4107213063461172,0.2387109298219315,493.2206307211568,-4159.0,-172.40784849709962,93.81269196579706,5.56946975366185,21822.64864389264,19071.2,-866.0,22913.0,1322.8560768277102,23.903219972631486,-0.5209727705713652,0.2283442278716355,11.694298794296856,1.1413914938140532,97.59713110537623,6714.337381593709,1650.0,-3.537905644544056
102,11,0.130952381,5468.839650087795,5660.777612093789,11826.8,4326.234620967757,2316.973949866373,-0.0634693383976487,156679.36809382986,11198.0,1024.400353202188,638.6410536096411,757.3377438696662,161603.55095639653,-246.50748726204165,4060.9418963389553,4294.939325380502,3968.081695072208,147.79927775069413,692.7758724887552,723.743384713566,0.1992289876913264,-0.1865005348542406,-57.2210252078803,-4606.0,-390.9410694543631,-681.7437098255223,5.500024755396001,21811.514381111607,19071.0,-6980.0,16799.0,1561.8698089149436,22.74582795823097,-0.9461842352475373,0.2354122121110717,11.260251840917077,1.258468372050399,97.59713110537623,7254.724010497296,1720.8,-3.687627083439944
102,10,0.119047619,5537.209459069412,5549.794024352809,12455.4,4536.479757113712,2052.8333426867416,0.0825860410517262,157581.95390624597,10414.0,913.4167654612085,411.3877309077536,308.44944236018785,158510.47436815716,-510.648094441673,4597.371943108565,4329.710784815307,3968.1010242000034,126.96179047883513,330.77735316976,345.355043432817,0.6099290996192839,-0.4389577914048478,-57.20169608008473,-5947.0,-513.8119056959949,-145.3136630559129,5.507542131894507,22484.20374589053,19729.6,-7335.0,16444.0,1580.5194399310635,24.581925633478697,-1.1986414917981445,0.2401397303907774,11.96835477484611,1.2467732194951142,71.79275729486923,7169.545872738439,1762.6,-3.685046788467246
102,9,0.107142857,5567.727754803322,5624.273643009267,11017.6,4301.475338801231,1847.803865847048,-0.2192772680035446,160454.1945710832,8016.0,987.8963841176663,467.3818363507697,371.4273870991547,159373.9818684165,-715.6775712813667,3639.423127842054,3886.511886260289,3497.611516689973,97.32008230942915,286.10249683086414,268.5136466070544,0.5957977321310922,-0.9970096394060012,-527.691203590115,-7994.0,-789.3834209179313,-1103.2624783224237,0.2651955328120509,20350.14615934776,18308.4,-7336.0,16443.0,1295.0002702702434,24.666419881201573,-1.756693339799298,0.2590045426202881,9.968744830679393,-1.2546068106857169,67.4477575609449,1403.0839428899978,1703.0,-3.2464364475385183
102,8,0.095238095,5511.0322534595125,5362.191821291593,9974.6,4129.6956110457495,1826.350361741544,-0.4862948871722737,158794.06680566707,7609.0,725.8145623999926,467.0319037483129,453.2350605128148,153521.33424898933,-737.1310753868706,4214.771379703535,3898.064061366228,3376.7698322628744,111.2091940871639,314.2031020941253,323.4120982463872,0.9567963546656758,-1.0477174000182106,-648.5328880172137,-8581.0,-990.6710668112888,-527.9142264609427,0.2525610606634545,20427.11812572633,17483.8,-8959.0,14820.0,892.3282467791789,24.746306754457347,-1.8074011004115071,0.2629177801688058,8.89601046404635,-1.4140756657428792,127.9421744382985,3144.9371365689994,1795.6,-5.460977238994176
102,7,0.083333333,5549.356966403839,5549.747731271735,10767.4,4287.430131063704,3388.1868391970047,-0.4273608773795535,156202.06071534235,15463.0,913.3704723801338,651.9633166199243,548.8813165641048,148000.96213475207,824.70540206859,5367.674023580919,5369.448148302091,4772.644466031528,97.03722242152352,604.487539037476,621.5708721517855,0.8375779169355619,0.5333809787855325,747.3417457514402,-195.0,616.2647515926692,624.9884174164417,6.457706935630033,21945.04600923183,17556.6,-502.0,23277.0,1791.3658755262709,24.87751180306979,-0.2263027216077642,0.2438365966068608,8.036120491962896,1.4174952162293302,136.56756569551936,5392.912452074068,1864.6,-6.813317141557143
102,6,0.071428571,5611.997762944368,5973.981594796434,11174.2,4347.920352521146,2891.3186612976065,-0.3131613833106449,157220.10380760912,13434.0,1337.6043359048335,627.8214161366733,592.9640960658978,166693.76641773066,327.8372241691918,4429.315056612864,4597.233341363527,4409.561390939,194.97291374179292,611.9578898520998,638.8182114241001,0.6708508538407459,0.3844969354903024,384.25867065891225,-2572.0,-88.48996216714568,-313.3705495516133,6.3613609317716495,21558.10730321907,18052.2,-4502.0,19277.0,1495.5279001075178,22.381572699855305,-0.3751867649029943,0.2366525640760709,6.779181441312126,1.6555678004682597,138.05542365296628,6869.716886074854,1908.6,-3.1847852071627183
102,5,0.05952381,5656.27003348005,5771.155377031221,11707.2,4427.67121225156,2538.24725058172,-0.1428311936632828,157844.69511254263,12684.0,1134.7781181396203,678.3100046060464,594.3558367134427,161633.43089282454,-25.234186546694676,5015.947599050575,4717.727177286836,4116.040965522967,214.8978545498116,622.7563082940654,638.6478013969536,0.400178021667267,0.4126931568319626,90.73824524287876,-3282.0,-115.0576070439256,273.2619928860977,6.324521035045883,21537.284021800704,17932.0,-7936.0,15843.0,1366.5329487429135,23.56509964005872,-0.3469905435613341,0.2306457382772853,6.604018218564605,1.715037818564607,178.1704240327221,7175.804500208054,1881.8,-3.2491145777958352
102,4,0.047619048,5677.115328791345,5728.500119565737,12526.6,4692.43768054275,2583.101666217939,0.0431621295023606,158100.8593395576,12052.0,1092.122860674136,472.1816421645858,641.2676463288076,160654.8030034913,19.6202290895244,5008.064708976996,5228.077669902913,5029.137287991717,215.90173201702223,583.4627296071216,645.6657891864843,0.5099306708209039,-0.067043023577784,1003.834567711629,-3897.0,534.4489205380187,265.3791028125188,6.334978654178306,21899.40797518225,19250.8,-742.0,23037.0,1297.9028083797346,26.695160453295365,-0.8267267239710807,0.2357364359108264,6.86737269775,1.6983141764758252,177.1115467720837,7272.250008237425,1909.0,-3.5838505898128044
102,3,0.035714286,5793.271863751454,5942.974496092143,13174.8,4779.705605147825,2085.320354688322,0.1930700798002984,159397.23791345366,10817.0,1306.5972372005426,379.6533062635551,542.2528511493522,160003.22711846975,-478.1610824400928,4562.548488276429,4270.087721102427,3651.1052267658174,204.34671702270768,455.3968561278653,490.6389086561741,0.165031729107063,-0.2981776485285214,-374.1974935142707,-5340.0,-554.3314437859144,-180.13711788804812,6.316454455115526,22433.18872767085,19421.0,-8108.0,15671.0,1248.003285252087,24.49288490021745,-1.057861348921818,0.2375099246680658,6.448303776522567,1.7262213336848746,179.8908002094604,6812.958899976322,1878.2,-4.160666241673394
102,2,0.023809524,5859.876052655886,5882.768675793899,11728.4,4562.733015376119,2018.0407547120467,-0.090431431586034,161801.28511611183,8275.0,1246.3914169022985,453.0765227847959,528.3439572658895,160021.19814804295,-545.440682416368,3927.9287621428166,4184.9162074646365,3917.326389380906,99.44225508966312,415.17610782488174,429.4739119847606,0.369240950958572,-0.8841265781461298,-107.9763308991819,-7427.0,-468.5981972658665,-814.756844021661,0.6878783502930379,21223.117263470645,18372.2,-5746.0,18033.0,357.7753485079725,27.07199566946973,-1.6438102785394264,0.2625556010115614,5.66954838414812,-1.161424898989856,177.71972315981137,2685.554221755989,1809.2,-4.834677827392556
102,1,0.011904762,5771.962923424595,5534.415948639973,10586.0,4317.282937503049,1906.8329942365635,-0.327215456553327,159863.76000173844,7862.0,898.0386897483722,562.7225639093277,753.4519580017277,157006.1408458636,-656.6484428918511,3856.213718533536,3521.511798164104,2955.2315770198607,134.24622923248597,636.4621211658875,674.5717279693744,0.49484178377135,-0.7994231893461627,-1070.0711432602277,-8284.0,-1315.7403515324943,-886.4718876309416,0.1032253433094908,21554.22638553145,17471.8,-9004.0,14775.0,321.653540319396,25.05946954528137,-1.559106889739459,0.2756454634354749,5.800601045312749,-1.4807824852534417,184.65318843713476,1801.5360239884797,1752.4,-5.85582133912632
102,0,0.0,5762.511631073497,5723.898915275729,11167.4,4349.278751317483,3716.4813250949146,-0.3067936491679456,157211.8669730088,15758.0,1087.5216563841286,536.5713239598485,782.8697248940831,148373.96574917645,1152.9998879665,4899.8839193417225,4844.966989648946,4415.350209402882,136.08382165835775,655.3809506073546,694.0221278090773,0.5021650478489594,0.5148021937588699,390.0474891227937,-375.0,44.92146202824642,157.19831317724493,5.169334953944703,23341.94556249213,18076.6,-4912.0,18867.0,1131.1329718472548,23.571420897201712,-0.2448815066344267,0.266388046510273,5.799477277234076,0.7881127027657193,187.3272537566277,5129.218201943629,4029.6,-8.724827191398928
103,59,1.0,4571.977887521191,4571.977887521191,11752.0,4466.89994103339,2031.6156977641583,1.1474993041077932,170374.086422938,11582.0,0.0,,,170374.086422938,0.0,4856.148595857596,4545.252413945604,3360.5629114770845,,,,-0.2038702271393568,1.1474993041077932,0.0,0.0,0.0,0.0,,33426.466475170724,17818.0,0.0,17818.0,,12.54306268742801,0.0,0.2794880687524266,20.738102267908744,-1.7737163933489732,,,1307.0,-8.542427950530158
103,58,0.983050847,4439.244224593847,4306.510561666504,11390.0,4270.419696984134,1961.282043753292,1.291625372083954,174938.9476697577,11049.0,-265.46732585468726,732.586993424858,184.3555435782358,179503.80891657743,-70.33365401086621,3820.114134138032,4046.7739706025504,3621.2810215040895,204.5824859813613,352.4774875631868,277.86502587283366,0.3705130519357396,1.435751440060115,260.71811002700497,-724.0,-392.9604880985121,-1036.0344617195638,0.5957519874586086,31770.576253378917,17645.5,-345.0,17473.0,600.3336572273788,14.32818376726192,0.2882521359523218,0.2658970195128582,22.63538205208335,-1.352456123111628,142.12846301849606,6433.823030844567,1353.5,-8.102745410983685
103,57,0.966101695,4412.364447604903,4358.604893627014,11124.333333333334,4289.922403540543,1825.5524337014915,1.1304862334706671,174557.83917193918,10165.0,-213.37299389417785,562.2776841845754,295.83846483880137,173795.62217630207,-206.0632640626668,4716.870098154323,4435.864462499413,3950.9010335822272,166.83440257945446,261.99169620551265,199.36286763269487,0.8363915166156977,0.8082079562440939,590.3381221051427,-1159.0,-137.97212438002953,-139.27849770327248,0.4447811579203162,32012.971840343977,17923.0,660.0,18478.0,425.0815608013753,17.18113401077483,-0.3392913478636993,0.2520007206809749,28.89488787162081,-1.4348577071588948,136.70040234030037,4626.205258175635,1381.6666666666667,-8.150162428532823
103,56,0.949152542,4421.940752883853,4450.669668720704,10733.25,4229.263470112088,1622.9166704137988,1.0469713105716143,174578.79927151243,9689.0,-121.30821880048734,578.2220816758369,256.3175345454936,174641.67957023226,-408.69902735035953,3761.327171222416,4016.6295886659295,3472.7636640204355,140.15435240933874,268.94028889498753,203.01492591892145,1.2099331607784285,0.796426541874456,112.20075254335096,-2192.0,-419.613271206666,-1094.82142463518,0.3655665385656398,32109.38824109909,18158.25,1046.0,18864.0,624.4973311925891,14.689300010516838,-0.3510727622333371,0.2420724331497964,30.178761030771952,-1.4557864065027697,135.03332921912278,3778.427377942822,1383.75,-7.94540213601532
103,55,0.93220339,4420.819912188377,4416.336549406472,10319.8,4128.3385878951885,1554.8755157235437,0.9159478451848676,173961.56880091637,8711.0,-155.64133811471947,508.4820042615278,246.808664656826,171492.64691853218,-476.7401820406146,4091.151498726218,3809.2164886985743,3360.1251310941043,121.94683064469169,308.3696536188836,286.0777068592978,1.334771869879063,0.3918539836378805,-0.437780382980236,-3086.0,-742.2608820058003,-764.9970971313778,0.3288979228859012,32074.949661554936,17776.4,-1569.0,16249.0,555.0117115881428,15.039520205936178,-0.7556453204699127,0.2309257881705304,30.534732920826627,-1.4956478492501482,119.78438963404204,3529.9617403973125,1386.6,-7.675449059344608
103,54,0.915254237,4312.967475233761,4032.7157027481167,9667.2,3948.8921137001103,1522.1603398895716,0.766723330754165,173367.70690686483,8634.0,-539.2621847730748,543.0645727657655,362.0931832091806,167404.77695268035,-509.4553578745868,3226.97652989322,3550.582958425931,2961.796381571246,132.85428308348938,326.6664227433845,301.5983041541952,1.5225311168117637,0.4013767319542792,-398.7665299058385,-3263.0,-897.2323709753923,-1629.172065964376,0.3048103231874082,31270.469528011512,17364.6,-2059.0,15759.0,824.4060286048368,13.91603695139306,-0.7461225721535141,0.2223834495227813,32.42660143912251,-1.4683175605794208,120.3295474935396,4473.536265063227,1378.4,-7.769185693101704
103,53,0.898305085,4385.69405346524,4670.143452823895,10853.0,4070.893823072079,3087.6311279869906,0.6709207377060149,168204.20174770578,16119.0,98.16556530270373,656.7189973154678,631.983423892028,153686.28312078211,1056.0154302228325,4784.80621487773,4747.981576043725,4609.273417626936,155.49875376280937,480.9686072520082,451.135894564756,1.5112750068682632,0.9567384748193652,1248.7105061498514,5205.0,217.04805876132923,-71.342380979866,2.682000499273077,32923.19603440096,18651.4,6089.0,23907.0,905.5681641930656,17.521739998860124,-0.1907608292884279,0.2079905105266023,32.994157678599734,-0.4034004633040456,120.51763356455352,8698.837679069453,1383.8,-5.893678959192278
103,52,0.881355932,4476.539397427762,4812.831613439625,11174.8,4029.175105733483,2299.725608815126,0.8050479096500617,170777.7558961007,11938.0,240.8537259184332,597.4526404868002,616.4368677352778,186663.3929182765,268.10991105096787,4404.308260380496,4174.971731794395,3760.347097416943,208.167522405684,450.2266529631399,430.480817391106,1.18668189210663,1.4788438159643271,399.7841859398586,450.0,-346.5657110730044,-451.8403354770999,2.602084490871482,31935.10918662778,18076.4,-2215.0,15603.0,669.18121611414,13.207383248227172,0.3313445118565339,0.1957816203353452,28.96424929242728,-0.0337425863847684,90.85537958756213,12016.187960497731,1397.0,-6.063959313640442
103,51,0.86440678,4509.632033382781,4616.132848495799,11525.0,4109.097986783045,1972.726175984778,0.9306227243675228,171400.68868744766,11262.0,44.154960974608,575.3287960027512,610.4876882986042,177756.34352696722,-58.8895217793804,4188.826632938838,4430.697352967748,3613.280303187119,227.18230765109377,477.5362732353236,469.9690305484402,0.7149377695084949,1.4243006154617617,252.7173917100345,-441.0,-19.998865958857092,-667.3219629187579,2.583043667631111,31924.780895633317,18214.8,1738.0,19556.0,671.8740209295187,13.051429076415776,0.2768013113539684,0.188922192667034,25.85746629185369,-0.0061179514650313,90.1082682110804,12285.956647765654,1424.8,-6.503209440822504
103,50,0.847457627,4554.787752807996,4642.1151465325465,12016.2,4199.800835583002,1787.3831522855724,1.078849135573109,172526.58718844963,10993.0,70.13725901135513,599.3984650702333,588.2314666665309,177122.13942354193,-244.232545478586,4531.999468033659,4237.696392300996,3646.630001080936,228.6966605373601,439.6777731486006,418.1233353829807,0.6698073097258479,1.1329860396658116,286.0670896038514,-630.0,-288.74663800601775,-324.1491278239373,2.5559675353049123,32190.106901169504,18528.8,1.0,17819.0,511.0316037193781,15.273988872540553,-0.0145132644419816,0.187385098234067,24.115987939335504,0.0291430247460547,88.43472168780767,12550.652553312722,1469.0,-6.971898656244761
103,49,0.830508475,4685.17835390648,4684.668708240534,12309.2,4349.582587819631,1616.1884413740984,1.1129584870203146,174010.6133731312,10070.0,112.6908207193428,300.2161098485306,435.6777465031918,174824.90787608828,-415.42725639006,4010.550718768981,4284.235422150233,3571.0380945881247,79.2825081388066,228.75706584766567,225.92881284788103,0.8026101000721797,0.571923489190308,210.47518311104025,-1798.0,-148.3236097922481,-845.597877088615,2.5568884494333,33132.36155350892,18799.4,-706.0,17112.0,626.3207644649818,16.217371948700006,-0.5755758149174852,0.1687237755165034,22.56149767193528,0.0280142028487503,89.60636138132159,12250.65099682465,1507.4,-7.282964560913424
103,48,0.813559322,4698.989413152981,4739.198749056401,10648.0,4189.948342114973,1552.1864052194364,0.959223913768512,177986.9721916578,8658.0,167.22086153520922,199.91632875759063,101.20463962344677,173568.0772134153,-479.4292925447219,4275.563194219778,3960.466731370646,3484.969257231028,46.04524196671936,171.8933626423383,212.1764941208177,1.1044729665662365,0.188065608560352,124.4063457539437,-3101.0,-581.1231697619569,-580.585401637818,0.8099890084036067,32087.91352245741,17596.6,75.0,17893.0,595.1900536803341,15.933867333095645,-0.9594336955474412,0.1597216035526184,21.655617140001244,-1.1846232895925095,90.6107057692412,5158.749385786975,1500.4,-7.442763232763608
103,47,0.796610169,4584.677963572329,4241.274365536362,9890.0,4113.309785736887,1507.0547627128235,0.6454493207565546,174486.72544848025,8360.0,-330.7035219848294,426.3515858964369,217.1522034391319,169162.15920238858,-524.5609350513348,3395.975527831094,3713.119588398379,3112.6557726889687,160.54709281202454,286.45402885178146,296.1824081941092,1.240561292502385,-0.0900291490954603,-247.90713878811584,-3340.0,-729.758492963439,-1460.1730680265018,0.1318456821324897,32735.239204062247,17565.8,-2369.0,15449.0,373.174490017738,16.324439286715922,-1.2375284532032536,0.1608926638865837,22.8203754260082,-1.5683997029448504,91.04010105442546,3408.455170579117,1490.0,-7.22918369459966
103,46,0.779661017,4669.355001018313,5039.518035725719,11015.2,4251.344183693361,3299.0279469218267,0.5536666481356519,170408.67520777724,16110.0,467.5401482045272,687.413174463628,702.10172587717,157366.0923234522,1267.4122491576684,5266.828977527371,5214.192688392343,4955.284340467476,205.3886349427331,569.6401416408161,545.9937508688257,1.32062480948963,0.9653872523572482,1594.7214289903914,5185.0,670.1731238235152,410.6803816697748,2.421652069016802,33514.01686599824,18390.4,5861.0,23679.0,850.2955368576262,17.9377604127717,-0.182112051750545,0.1559964977966347,24.820515140542764,-0.5329775189801532,93.21319649062572,7913.541590009278,1474.0,-5.436304620508712
103,45,0.762711864,4792.512839598169,5257.904339431829,11566.6,4357.666837420882,2597.3639302722263,0.6211437782054515,172272.36015749015,13607.0,685.9264519106373,770.0470213181426,744.4964731702546,186440.56417210627,565.748232508068,5067.33019214857,4786.172060310748,4350.804900911679,304.86533483220023,610.3450973919709,578.9448054983017,1.1448168381971473,1.4703716900148096,990.2419894345948,2127.0,242.86663063159085,211.18159629097408,2.3666336382515945,33197.50495428832,18199.2,-955.0,16863.0,813.7060279978259,16.112934792323788,0.3228723859070164,0.1468030518137493,25.59027165560351,-0.3532797655335445,83.47634395444017,10603.2197496817,1510.0,-4.793353564150999
103,44,0.745762712,4848.537070666658,4964.78986358298,12118.4,4460.148237538179,2202.6659254343526,0.8406921634653962,173474.27886233391,12793.0,392.8119760617883,739.053656899495,723.3710338444985,180834.5014003072,171.05022767019432,4585.66523624537,4821.314707742344,4070.213060342716,320.33834715319904,633.5379296483308,614.5519914148762,0.9089031607346488,1.6696654154900308,709.6501488656313,961.0,364.08339079423695,-270.4833596122262,2.3322398258850034,33227.14061223839,18247.0,-467.0,17351.0,859.0295105524599,15.20170311466868,0.5221661113822376,0.1413451801386989,26.79507850860778,-0.298488900246629,84.70832308575115,11255.487894673475,1484.2,-5.734509968690734
103,43,0.728813559,4924.329255328998,5118.159672368104,12936.8,4589.216463144167,2016.539419897822,1.0588324720909337,174822.86886412208,12513.0,546.1817848469127,740.806494412228,675.7890155261604,180311.0272223561,-15.07627786633634,4903.007564442303,4611.507877619851,3851.612301694426,331.32585715194364,557.5125664493721,525.0089708595322,0.506099889593959,1.2787671516880392,491.0493902173416,991.0,64.2179582679828,46.85896858470733,2.30609011524158,33688.59955402427,17955.6,-1382.0,16436.0,810.912325717151,16.652967718079772,0.131267847580246,0.1355901556940963,25.76255567016517,-0.2610668316664647,79.5958541633922,11676.770201531364,1523.6,-5.255181345380301
103,42,0.711864407,5098.777067912032,5113.513428451532,13497.2,4713.375804667399,1727.9566775784094,1.232303483311505,176925.76895818065,11017.0,541.5355409303402,464.4737433035812,532.0299060261896,179676.6596726815,-303.6590201857489,4079.65243390684,4340.177087704574,3559.829218470782,115.689710648655,319.7243991342982,297.0344221136105,0.4214040370830418,0.7773259070073979,199.26630699369755,-538.0,-108.96178534728006,-776.4961619507558,2.282976768409505,34658.5610948509,18717.6,1441.0,19259.0,516.1041561545481,16.610746922659377,-0.3701733971003953,0.1212217660608237,23.016835637270272,-0.2295492219409896,79.90181474785163,11353.627459562133,1517.0,-6.113786677393057
103,41,0.694915254,5089.116286543593,4991.214128883522,11824.0,4484.319178302671,1569.1460728827622,1.0330167621801056,180921.18002472303,9108.0,419.2362413623305,401.2566999596469,370.10377595726766,177343.14765616422,-462.46962488139616,4349.210451202108,4051.22335053244,3444.352403369862,84.43806354279897,324.8376616777054,328.53839316106263,0.5378924512313112,-0.031046353299749,83.78949189277728,-3181.0,-475.1100080001261,-506.938144655488,0.4162081666415054,34376.51877215068,17235.8,-1548.0,16270.0,593.3915233637891,18.125826104747794,-1.178545657407542,0.1018458110820898,20.382392637780733,-1.309570329037265,81.34310050643509,3425.970597621753,1536.4,-6.288744340671108
103,40,0.677966102,4971.670822051414,4670.67701697093,10727.4,4296.504511648887,1611.2947108109342,0.6989055259743606,178003.12169000733,9132.0,98.6991294497384,571.5470722020424,430.0108499991507,171850.27249852775,-420.32098695322406,3395.882006531399,3745.105519567429,2942.072187099733,133.3649393258742,429.900220126557,422.43745483970304,0.2146385695601393,-0.2001844910139152,-418.4907243773514,-3356.0,-696.2067026373297,-1460.266589326197,0.1100314401630106,34649.0637538829,17258.8,-840.0,16978.0,733.2218627400563,16.083196248472795,-1.3476837951217084,0.090319304097702,16.77584433335295,-1.523750738755678,85.90983645660141,3592.350076956565,1454.4,-5.978486040547955
103,39,0.661016949,5035.8593830700365,5285.732668676095,11447.6,4370.573293411759,3603.282601296221,0.5699173896642125,173596.8942543182,15760.0,713.7547811549039,748.7384156527733,791.9986164444701,158803.36422186156,1571.6669035320626,5336.369309838473,5271.947677563954,5061.0150514407305,144.571191246711,582.8935054653303,552.1365891990558,0.2127572921854243,1.0247247339392895,1700.452139963646,4562.0,734.4272996085965,480.220713980877,2.00753201756724,35639.80800176104,18557.4,6026.0,23844.0,747.9864303581971,18.35392620003201,-0.1227745701685036,0.0951108266392976,16.297202991775045,-0.6652165842847928,83.63791006475473,8999.389575620204,1497.0,-6.621825816110321
103,38,0.644067797,5153.403522587253,5705.880369954188,11809.2,4452.4018183142125,2732.371212298369,0.6141138812675407,174835.25890233557,14449.0,1133.9024824329963,824.1739104275247,827.7557288373798,186502.8504624428,700.7555145342105,5274.5061370905005,4991.721453885383,4299.126771173978,318.5530100757653,638.8485195130229,609.24311343946,0.2038356219421577,1.4997496097046803,938.5638596968938,2799.0,473.3605827802503,418.3575412329046,1.975000563901239,35639.535757347134,18550.4,-1417.0,16401.0,736.4233157634256,14.728875187940796,0.3522503055968871,0.089861850410387,17.276917606703122,-0.5867641175013734,65.92192351562566,10418.49457149971,1473.0,-6.056870471808423
103,37,0.627118644,5189.615081172427,5294.5712213774,12389.4,4607.855430090012,2467.6907986755286,0.8097180505826099,175412.36720864664,14084.0,722.593333856209,805.2614608712837,831.5786934726966,182562.2012042368,436.0751009113703,4913.558915307872,5138.425746055465,4353.421470121863,329.96847173262364,692.637648735845,674.7551441088397,0.2189477961065092,1.7553467535827436,992.8585586447788,2363.0,668.3062735317226,57.41031945027589,1.970558288060847,35948.01802466454,18343.2,405.0,18223.0,392.2917281819726,16.61666416299756,0.6078474494749504,0.0821862815009285,19.38568253159288,-0.579064068799586,65.53853828092292,10816.994728054688,1499.6,-6.167599948816537
103,36,0.610169492,5315.689385632119,5621.585651181981,13499.6,4749.749246793878,2313.93428571997,1.0643894324080283,176794.3895486822,13746.0,1049.6077636607895,799.5645127964149,766.9980417049537,184253.259356342,282.3185879558116,5045.274064365807,4756.6375418669,4124.211624239261,345.9453835789377,609.6837194513423,580.8821470857296,0.1162127685613996,1.242310555827344,763.6487127621767,2370.0,234.35907551920445,189.12546850821127,1.9498117426528567,36492.87559246733,18412.4,-1202.0,16616.0,546.2067374172523,18.177881733257184,0.0948112517195507,0.0722092893430532,19.430178877445503,-0.5450452268122647,60.20382047677704,11538.97802084508,1524.6,-6.588531181266411
103,35,0.593220339,5516.445732930164,5674.458753461156,14325.2,4917.450126830042,2005.441408033981,1.2322670812362475,179059.34847565234,12653.0,1102.480865939965,401.0879188606826,453.5473581357216,183175.06713337864,-26.174289730177406,4331.094665900423,4601.107831356773,3835.334405990062,241.03716236259737,273.8570192767875,259.94347288387013,0.3544841133852133,0.6392037531271816,474.77149451297737,772.0,142.29769754348672,-525.0539299571728,1.9311231257053767,37494.29614509708,18467.8,-563.0,17255.0,739.8972901693849,18.57598924274281,-0.5082955509806116,0.0680930836538022,19.86959080676808,-0.517439889554034,60.75936141863242,11486.534479763586,1553.6,-7.206219455526538
103,34,0.576271186,5549.93502963119,5453.1791521812265,12960.2,4673.130052706355,1678.609067025056,0.9486026226072454,183695.5394083351,9132.0,881.2012646600351,427.7201705306543,351.9442387456001,181984.3188852753,-353.0066307391023,4335.570539419087,4043.934170685208,3508.627540745718,164.26805260735333,424.41895507230606,438.9076309117497,0.5191387371533602,-0.3935975592057222,148.06462926863333,-2263.0,-487.17307100983953,-520.5780564385086,0.1792089336253286,36976.11021246844,17041.6,-1105.0,16713.0,724.7621678868172,19.08704976779579,-1.5410968633135154,0.0425680837493757,16.852780744415373,-1.4053293231386594,90.54998619547106,1763.858312925204,1583.2,-7.487133815030585
103,33,0.559322034,5348.339846398469,4697.904453790575,11647.6,4473.326777880002,1585.7798432900684,0.4724194612536551,181415.8948954864,8411.0,125.92656626938331,582.1810421300524,423.1767319248221,175104.62789819908,-445.83585447409,3578.395988353284,3917.381052518064,3327.530986169785,345.7930971069479,507.6298974405655,508.7364684160013,0.6609361119633625,-0.8811661970632717,-33.03192530729939,-3764.0,-525.655791351518,-1277.752607504312,0.0737126830744862,36851.04844102163,17110.0,-1075.0,16743.0,650.5802794428978,20.22113566760917,-2.028665501171065,0.0287362373587807,14.419587290072169,-1.513403847480077,90.12491331479882,3608.103193064072,1606.4,-7.01089520902137
103,32,0.542372881,5396.674022636465,5536.242102567386,12391.8,4537.693863285052,3887.916779775621,0.3427304744394998,177117.70588455128,17321.0,964.2642150461944,771.5559178577741,772.1194582531218,161071.25614956144,1856.3010820114623,5599.717485114284,5537.904526538191,5284.427225674444,345.60644662202907,647.1644857562233,621.3183791636031,0.5964053295370843,1.106901819511967,1923.86431419736,6084.0,990.141700556981,743.5688892566877,1.1989322348606006,37084.747370962425,18277.0,6240.0,24058.0,802.8463738474494,17.83134000327993,-0.0405974845958261,0.0341292542516327,15.338036983877776,-0.9879591441689072,86.88325500348154,9702.020104960568,1628.2,-6.76798461253105
103,31,0.525423729,5478.133738358058,6028.884229789943,12788.4,4685.066765576061,2959.520183622495,0.4168605610245784,177278.7288064083,15880.0,1456.9063422687514,941.6292012721088,819.1949682022713,185058.373965627,927.9044858583368,5802.083863781031,5524.72219127944,4615.755335940256,451.14560946897024,779.7143146112576,744.9114499802255,0.6236942448464342,1.6129609887527376,1255.1924244631718,4353.0,971.223586974248,945.9352679234352,1.208421848076976,37453.59855739788,18540.4,115.0,17933.0,882.2016209461408,16.449014545339793,0.4654616846449444,0.0336912857004768,16.241224649122042,-1.006869972071092,84.60910116530017,9822.696534970251,1619.6,-6.125719055112222
103,30,0.508474576,5502.43184723715,5795.949297856615,13391.8,4784.914697826195,2861.430714152264,0.637299903864534,179186.21071355863,15525.0,1223.9714103354236,916.0047834228355,837.7468363699647,192712.47666913032,829.8150163881057,4928.179009608278,5108.828578467603,4708.798523570854,463.7854869738674,792.5002489336022,765.3774739000033,0.6150085388284398,1.7414004673269587,1348.2356120937693,3789.0,641.537358794154,72.03041375068187,1.176934611923157,36957.4813167639,18562.6,-452.0,17366.0,871.6057021382996,17.69001926481272,0.5939011632191655,0.0196222150689076,16.833985004018736,-0.8486722218100272,82.47848204228785,11904.545126653931,1634.8,-6.080086480754831
103,29,0.491525424,5609.457707918029,5988.308455585624,14573.8,4978.455607826612,2564.3506052195603,0.964592535461298,179993.6016105766,14997.0,1416.3305680644326,883.2697014368459,719.5389569596219,186021.2733703651,532.734907455402,5319.22779281204,5045.584532117932,4307.538311224384,503.3536330463911,660.8793871714485,619.2746841967964,0.4706078857272616,1.2428655987780983,946.9753997473,3647.0,480.5314789922477,463.07919695444434,1.1776078066105795,37638.93082790516,18480.8,-1514.0,16304.0,873.8442080828814,20.335325893218364,0.0953662946703051,0.0200017498938734,17.620060405001375,-0.8496202911863977,70.36476390921808,12282.9277186144,1597.2,-6.712834521136122
103,28,0.474576271,5889.214747117763,6096.689649789249,15723.4,5166.386535396612,2289.522541854671,1.245785778653468,182214.7470826097,13865.0,1524.711762268058,478.2818749513241,425.8733241748968,186210.355258365,257.9068440905128,4633.744184836343,4868.648072019566,4197.492509480432,300.3826290892069,300.0441435482387,269.77958342916315,0.3314207572594069,0.5248000188975789,836.9295980033476,1984.0,413.9988464984826,-222.4044110212526,1.1601009267610067,38712.15814000536,18604.0,-459.0,17359.0,636.8922200812304,21.104099038680605,-0.6226992852102143,0.0221783534277956,17.66115012137063,-0.8274001647836073,72.50655142812957,12221.41655629029,1626.2,-6.923099178988853
103,27,0.457627119,5945.073219197891,5815.534462968024,14219.8,4930.944339901714,1927.326549381149,0.9143935843084144,186680.6899603772,9938.0,1243.5565754468323,488.76318206582334,354.8304569237329,183400.97053839848,-104.2891483830092,4686.409893413501,4383.169882481552,3819.694679115357,161.079436733862,414.1359134938383,422.9243075271839,0.4456619349904326,-0.5500591522133016,459.1317676382723,-1434.0,-187.0692769175112,-169.738702444095,0.3677600344544123,38962.57340997647,17023.4,-1663.0,16155.0,829.7406221223586,22.406315813592368,-1.6975584563210948,-0.0090641191618883,13.68922160075536,-1.3774795542720732,93.21587847571892,3471.7179949713063,1599.2,-7.436317708262829
103,26,0.440677966,5771.887000281053,5162.953135205748,12755.8,4604.150921040879,1782.393233354681,0.4474686774990391,185370.4691080312,8751.0,590.975247684557,703.8848310283139,609.1445145090729,178507.26970389724,-249.22246440947745,3438.867679076856,3792.990256912693,3094.99012407671,323.021376020774,552.260373918187,546.3310450730572,0.3217086057413197,-0.7216635452941389,-265.57278740037464,-2967.0,-662.743507329928,-1417.28091678074,0.3767993688791041,38407.79470731364,16525.4,-2375.0,15443.0,854.9984210511726,21.56067753669095,-1.869162849401932,-0.024681637311865,11.048611596315348,-1.3924118558177017,101.43076456381463,5114.691142992215,1587.4,-7.487265013603492
103,25,0.423728814,5805.465415469289,5963.841373797798,13596.4,4714.467630427922,4294.265921700661,0.3242263171439662,179647.79840097463,19015.0,1391.8634862766066,893.0216184432508,886.6782646190073,164099.12313384732,2262.6502239365027,5814.605368331486,5738.535595492871,5529.6825746703125,323.01761810876326,729.3552377134513,705.9777102725533,0.2937899350465957,1.1251886655515944,2169.119663193228,7992.0,1193.1209057293672,958.45677247389,0.0884962391649235,38599.47860696023,17753.6,5689.0,23507.0,957.5480666786384,18.19289041911325,-0.0223106385561988,-0.0126799616816766,12.801285072940786,-1.5246710953119684,99.73565059696556,9286.822046682932,1610.4,-7.667142527522089
103,24,0.406779661,5912.824466226584,6525.103709372105,14221.4,4878.335069891318,3383.7617307987844,0.4091845073654288,180197.10293589107,18072.0,1953.1258218509136,1078.7581826387832,946.7051807465024,188767.79604494743,1352.146033034626,6155.984735591445,5830.772644891054,4916.700608844037,455.5484730959944,874.7059553821991,853.2907858437223,0.3398058260992245,1.6676565498854112,1556.137697366952,6772.0,1299.8686763092337,1299.8361397338494,0.091736957626173,38843.0663636313,18342.8,1432.0,19250.0,1303.9682894917337,16.429359083387794,0.520157245777618,-0.0315948486555921,13.349737089276625,-1.5149069862494493,129.02015346448786,9828.025057359268,1621.6,-7.769980784308573
103,23,0.389830508,5963.396377897695,6349.5492081447965,14948.0,5022.141238101385,3159.478286474639,0.6472228969369301,181587.82312667664,17096.0,1777.571320623605,1077.9570863564643,996.5805176238418,193163.9562122926,1127.8625887104806,5402.959134615385,5603.542185143288,5050.896786700784,485.8629979724524,923.6979243043928,912.3748852899002,0.3353253766185563,1.7149919667550857,1690.3338752236996,5617.0,1133.029687548812,546.8105387577889,0.2180134411382435,38633.75053701349,18708.0,1367.0,19185.0,1506.3486648183407,17.70261665689733,0.5674926626472925,-0.0508798395599193,14.557746899549551,-1.425254530517332,129.94883608559178,11277.036005597363,1610.6,-7.373478412983248
103,22,0.372881356,5763.620969966666,4816.657423312883,14378.4,5025.726614480663,1328.5129677753646,0.7207233989446642,175190.89797605213,7419.0,244.6795357916917,1071.1048554800657,943.2818875872496,151416.34478527607,-703.1027299887937,4763.395582822086,4414.690552147239,5059.457273261229,717.4819664670317,917.9297424246224,908.7565949865364,0.4898997207621055,-0.1825566421746313,1698.8943617841442,-4282.0,-169.14239502112014,-92.75301303550988,0.621755302830415,37239.05074746665,18829.0,-1058.0,16760.0,757.6161957086182,28.03084671920244,-1.3300559462824246,-0.0425475083828327,16.041257827410494,-1.1183002225001473,229.04650182877708,17551.424996966074,1549.8,-11.570743488717806
103,21,0.355932203,6033.526828879699,6512.482429770913,15597.4,5282.018858371254,2491.205689714965,0.999348848733056,177290.0307047036,15012.0,1940.5045422497212,615.0000866306771,456.7461471157861,189002.93334715453,459.58999195080673,4795.746708821395,5099.693894474966,4260.030461653547,739.3331484134319,588.0167731746055,609.5651840212307,0.445064837083906,0.6714637036478189,899.4675501764623,3128.0,618.7177121230316,-60.401887036200606,0.6089366547507656,38336.970167851694,19051.2,-1264.0,16554.0,545.168964633901,19.79096578111792,-0.4760356004599743,-0.0523025505578969,17.227479123923985,-1.1044807746791232,228.3600227710621,18664.70942836912,1611.2,-7.997288585356653
103,20,0.338983051,6099.153888404913,6291.976671423867,13978.8,5060.567120679698,2196.405051217684,0.6861873017948715,181846.13940760808,11196.0,1719.9987839026753,584.6285432148641,498.5999958735495,186879.6666483697,164.7893534535258,4956.811395323307,4636.078164452739,3984.4762555667776,736.2104857089562,606.4277678236149,638.3581136427114,0.4947447526755095,-0.4406190691393271,623.913344089693,-101.0,85.86221727158318,100.66279946571105,0.636537920799968,39309.79857302045,17581.2,-1661.0,16157.0,819.3211824431248,21.651914603339268,-1.5881183732471202,-0.0911526039729387,14.78787262549065,-1.1430837110018248,226.34155606074637,17397.647986501997,1633.4,-8.38114549928532
103,19,0.322033898,5941.901646335081,5738.842499022947,11983.6,4688.06898316394,1986.3765865273567,0.2037831912393039,180636.6424620321,8894.0,1166.8646115017557,710.3673283667806,818.2089303623502,182720.3113170677,-45.23911123680159,3497.252079727541,3895.119926302272,3101.471461293318,699.1412369449495,652.8812043875503,666.0544557110702,0.0927646553795203,-0.7443640028924268,-259.0914501837665,-3204.0,-562.6220112695578,-1358.8965161300548,0.6445250550379993,38755.79715803951,15670.0,-8124.0,9694.0,1229.2199965831994,18.705125266905203,-1.89186330700022,-0.0937654952977489,11.499953277418124,-1.1547227378768707,244.4851733745832,17002.39889066247,1663.4,-8.514770082620934
103,18,0.305084746,5943.389205287571,6356.9870029072445,12893.6,4716.864803635852,5016.335916292786,0.0878111308176814,174970.28798240298,21909.0,1785.009115386053,839.1662967587487,1009.9516457980872,164832.18381414685,2984.720218528628,5847.650959653762,5825.752436954892,5730.562543973409,697.0626014192451,730.2080595774468,716.532604253281,0.119925229694078,1.1351316646469731,2369.999632496325,10167.0,1277.0087899083728,991.5023637961658,0.6668034148974705,38609.83975671731,16134.6,3690.0,21508.0,1008.973636920213,17.775540514400383,-0.01236763946082,-0.0630055685964145,10.972951794382457,-1.254768464995116,245.59560256649544,16464.46053480163,1681.2,-6.362078962372734
103,17,0.288135593,6630.001553456932,8249.719164159687,16062.6,5171.502700076133,4564.416360494001,0.4004659519164881,183519.9931533257,23023.0,3677.741276638496,1347.8825524060271,1116.9383477064785,194164.8706398894,2532.8006627298428,7132.978616147654,6823.87275388243,5596.671899040161,845.9682716516048,1122.8949209619886,1034.6699726889303,-0.0318512648355091,1.380717463319402,2236.108987563077,11563.0,2104.0470871802863,2276.830020290058,0.0617732177878354,40940.32218697669,17320.8,4873.0,22691.0,826.7359312380232,16.38145100869309,0.2332181592116087,-0.0670777127223151,9.563774016363098,-1.526899208427812,296.0013513482666,11263.82134147113,1773.2,-6.632688667804832
103,16,0.271186441,6915.314616432072,7939.047744646609,17368.4,5478.808352689518,4097.795687603387,0.5081218829889791,184644.8654136636,21029.0,3367.069857125418,1384.5678049111382,1215.1799500399852,194627.2946488444,2066.1799898392283,6263.156243014887,6510.607358397782,5727.300035511039,969.2413748245044,1244.4630169679629,1215.2133031041603,0.0603032292600491,1.2097433590102735,2366.7371240339544,9657.0,2155.245975189955,1407.007647157291,0.0874186288398283,41340.39142944156,18343.2,3848.0,21666.0,693.8079705509313,18.4186600573096,0.0622440549024803,-0.0621564497559334,9.545712217448983,-1.4975457101181855,293.3516660937857,12238.642238105844,1717.4,-6.832745537631999
103,15,0.254237288,7194.546346279402,7688.135320660523,19035.4,5723.957629937894,3675.3285264116384,0.806567798832489,185917.9345609482,19957.0,3116.1574331393317,1377.387173857054,1119.9869214413975,193245.01238479264,1643.71282864748,6342.126056067588,6045.850758448541,5015.2228071488935,941.3723638203762,1144.6510050718002,1099.8569564213255,0.0178373680770636,1.0516105100782225,1654.659895671809,8234.0,1311.6086035134613,1485.9774602099924,0.0754592736252444,41934.00832782262,19039.8,1822.0,19640.0,729.7645510710984,19.67105865577402,-0.0958887940295707,-0.0478008198491052,9.578296083835982,-1.4777507002527623,367.1936818628556,12854.016116492656,1666.0,-7.497324582368906
103,14,0.237288136,7574.095001757494,7636.585776413405,20785.2,6103.918201570187,3102.322471236617,1.056965093796851,187645.5410209933,17030.0,3064.607888892214,652.7421690570438,421.5541122451906,191358.34361729343,1070.7067734724585,5371.833972883091,5681.840828856485,4843.950993447873,651.9097368831762,478.4072789083262,450.57647175539495,0.2460750560094861,0.5076224719293847,1483.3880819707883,5545.0,1337.1808468919107,515.6853770254947,0.088120522640741,43151.047890223344,20900.0,1177.0,18995.0,349.16571996689623,19.988555115677315,-0.6398768321784085,-0.0587792063888635,11.313212551319657,-1.4889128376970169,365.9381095212686,12885.978330272004,1720.6,-8.605412522567725
103,13,0.220338983,7751.961759525266,7246.320791746103,19026.8,5937.772521323294,2660.844393718413,0.8026612497612975,192907.76688012204,13197.0,2674.342904224912,717.4280117055132,620.8840308283335,191143.3131097903,629.2286959542546,5485.094762812605,5178.712795783335,4187.645731112969,342.98913465553966,653.0163365224973,700.4114063928853,0.0678947552799429,-0.1363875555307948,827.0828196358843,1375.0,446.2803886739112,628.9461669550092,0.0766536224116319,44066.84053679552,19829.6,-1662.0,16156.0,322.0843057337645,21.59143186274488,-1.283886859638588,-0.1201635723754801,10.403152498041914,-1.475302584113012,341.71289118205647,1663.6536475561406,1721.6,-8.511459355434834
103,12,0.203389831,7420.3373798657,6591.59726586186,16386.4,5516.044314070946,2615.562010922966,0.4357935291329258,191043.76982066297,9890.0,2019.6193783406688,987.013410178313,816.509123694721,184844.8853425941,583.9463131588075,3889.741304227992,4296.906840857726,3589.814512447206,564.4921174902073,850.5663929964113,843.9672197394451,-0.0961814133416913,-0.4536211398224573,229.25160097012167,-1639.0,-4.5939490814580495,-966.407291629604,0.0784220521608399,43285.10474127872,18732.4,-613.0,17205.0,320.3814913505477,20.620764222487463,-1.6011204439302504,-0.1575649468169937,10.616204289283903,-1.5033023183951262,335.99732141789457,3749.9523411410178,1757.0,-8.52549881511039
103,11,0.186440678,7146.824839149378,6571.485041065,16726.8,5453.973963324643,5070.724609967299,0.4301362935334653,184734.6804169489,22755.0,1999.5071535438085,1023.4658917662812,906.8670422628372,163081.84763027407,3039.108912203141,6433.418645175343,6407.257857444873,5995.380593493636,551.800114981333,821.941219043353,748.2673480694964,-0.113697814505281,1.1814571810129708,2634.817682016552,11359.0,1844.8942214584424,1577.2700493177472,1.3635515316995424,43453.51517009085,19147.0,5921.0,23739.0,417.1888061777319,20.797259729137075,0.0339578769051776,-0.1334758498154139,10.711060018748752,-0.9229658203473772,337.8138540675914,12616.466158378782,1817.4,-6.658049415749527
103,10,0.169491525,7205.444827406226,7981.235261944759,17129.8,5620.961194525442,4255.385696430307,0.5020973083014408,184300.79112512927,21663.0,3409.257374423568,1242.1179764150052,972.6097016191536,191075.5659256944,2223.769998666148,7185.339531976403,6857.97968511935,5519.153412362372,623.4264324349448,1010.0341611158004,913.6796643110332,-0.0157516826530967,1.4114155839181004,2158.590500885288,10249.0,2146.5447595174555,2329.1909361188077,1.374872274199524,43599.43305647977,19642.4,4299.0,22117.0,414.9333681448156,20.453158427083885,0.2639162798103072,-0.1360318438548503,9.882968818486264,-0.9437663521856546,315.322533289329,12278.92038409174,1834.0,-7.138021449154614
103,9,0.152542373,7251.131682831289,7865.020053538722,17765.0,5775.7377763383065,4002.662756446098,0.6493513981806869,185577.300244154,20300.0,3293.0421660175307,1253.2396297213766,1081.7422417433534,197740.8892124172,1971.0470586819397,6278.08091861175,6503.850232470765,5881.970815914035,669.8255245817131,1074.3368606983513,1012.6430971410284,0.0487305207898977,1.2438929213256145,2521.40790443695,8721.0,2111.063755956231,1421.9323227541545,1.3342905093423645,43097.87280238816,20141.6,3673.0,21491.0,791.769979223765,22.595561841521043,0.0963936172178212,-0.1337385999124323,9.093731272152326,-0.8445555906029956,316.5986418164171,13442.568503997409,1766.4,-6.300828408460215
103,8,0.13559322,7386.136877434709,7921.346764763204,19038.8,5989.995054774161,3689.645698093269,0.8549809738640175,186259.034172576,19589.0,3349.368877242013,1263.164314494771,972.6065439680472,194551.9827519002,1658.0300003291106,6527.937877606704,6217.540635353732,5264.676581906373,744.6023245607461,1010.8937813015248,890.479601943091,0.1098908394951363,0.8917603228858587,1904.1136704292885,7744.0,1517.5667808531816,1671.7892817491083,1.321896866197732,43302.42076902918,20878.4,2022.0,19840.0,1176.7571117269702,24.833361853914948,-0.2557389812219345,-0.1047804020582185,8.307010350872337,-0.8231903871152992,304.5419511331731,13855.304820139829,1773.0,-6.455939276410373
103,7,0.118644068,7669.527117043566,8008.548463906151,20505.4,6283.1699211959,3467.6976778766307,0.9826690834408452,189367.5523709136,16905.0,3436.570576384959,588.3515703908109,325.8913407256174,200387.4763342819,1436.0819801124724,5542.246878448226,5837.488704338231,5335.402802024213,549.0461550138215,375.5350712279629,320.95379833646723,-0.032473677670168,0.184819408061682,1974.8398905471288,5694.0,1461.2803830272414,686.0982825906303,1.259475623655241,43442.24013819358,20939.2,-309.0,17509.0,1082.6974184877326,27.2832223950408,-0.9626798960461111,-0.0803147763775811,7.097753657657952,-0.682917888099565,304.19237334292256,15152.74915583048,1802.6,-6.628123220987872
103,6,0.101694915,7871.195817517701,7579.828543435663,18554.4,6022.340089350701,2783.7659898376724,0.716052562977082,194761.1811248501,13396.0,3007.850655914472,688.2196327508196,616.7350863635852,190049.9913999565,752.150292073514,5583.435554104071,5242.637491835401,4229.124713907289,149.9224862004417,622.5630133649514,651.5421755026979,-0.1555946612488442,-0.1516254213058462,868.5618024302048,1604.0,540.7450622324504,727.2869582464755,0.3223620223327785,43288.95198169642,19435.6,-1597.0,16221.0,865.7755482802689,26.06254872577272,-1.299124725413639,-0.115444142885847,5.267801592006309,-1.306219547475299,306.52569223476195,4314.415886304672,1809.6,-6.328398127116753
103,5,0.084745763,7629.325360517057,6771.882976941544,16268.4,5609.705585062095,2941.296102151391,0.3698163452146366,193819.1075913219,10405.0,2199.905089420353,978.3791439829944,849.0775807187113,186365.1982580537,909.6804043872328,4017.2962983641337,4408.984255485456,3828.950041999416,558.2316483281373,835.4739476131446,816.1298803150768,-0.3352755828442252,-0.3197655048941263,468.3871305223315,-1181.0,83.37223807442115,-838.8522974934622,0.3105677667098275,42464.887816362745,18083.0,-2464.0,15354.0,568.3427662951301,27.5897391631798,-1.4672648090019196,-0.1324970614858166,4.748450521384492,-1.294350023651441,287.1866988563363,5621.153298069794,1871.6,-5.404176771841946
103,4,0.06779661,7600.846263713746,7722.62456952217,16996.2,5619.17565596694,5532.748050737517,0.3387741660661162,189557.83031204692,23715.0,3150.646682000978,1054.1615200389506,1043.8697879768072,176434.50281604248,3501.132352973358,6646.695777729947,6687.089467642417,6488.215682803374,555.5271242057321,885.2599862056918,830.3252827616285,-0.2987912683182934,1.0886820255830123,3127.652771326289,12360.0,2158.4141104804567,1790.5471818723508,0.3581674837500515,42167.94064599268,18864.6,7581.0,25399.0,575.7644483640864,24.943970754543784,-0.0588172785247809,-0.1086679740338401,4.253919515027539,-1.4404104632889725,273.93210837724007,9014.246114914708,1930.2,-5.715670464083975
103,3,0.050847458,7754.88890854003,8691.559988894618,17788.6,5820.269413481507,4734.087319395784,0.399866045347763,189523.10974627803,23098.0,4119.582101373427,1364.579949938424,1105.414498420849,194378.3799230556,2702.4716216316256,7665.89366596597,7284.842501883949,5835.276120354724,722.8635869698064,1139.753934641644,1036.9561004837758,-0.1217136084621024,1.197219719294093,2474.71320887764,11706.0,2523.035568426016,2809.7450701083744,0.3586261387963221,42617.96527355351,19645.8,5928.0,23746.0,1096.347800654519,26.445811970089583,0.0497204151862997,-0.1214510048381365,3.5958227128956275,-1.4649067576989223,327.01941838367947,9011.219847473634,1989.4,-5.483567419110142
103,2,0.033898305,7855.522661075578,8511.717226583896,18787.4,6056.069189458134,4448.5628358802605,0.5865340073990206,189082.57414712297,21985.0,3939.739339062705,1389.0078174641535,1217.8851385430075,198184.7983385065,2416.947138116102,6703.926739090744,7005.741327368997,6263.347265992195,783.9093849175531,1240.9829195341524,1190.335686868892,0.0650626966153503,1.1181592183179698,2902.784354515111,10688.0,2640.279262910375,1847.7781432331485,0.1994723357919781,43365.16374470484,20729.4,5109.0,22927.0,1941.4205366174533,26.73948151060436,-0.0293400857898233,-0.1229715366551931,3.678650639402359,-1.545209192764206,326.8222758625856,8382.542294596058,2008.0,-2.721371138143305
103,1,0.016949153,8089.723397459946,8750.8322253575,20388.4,6306.870151978719,4323.430686429052,0.7706176807761118,190297.58425586377,21307.0,4178.854337836309,1390.631491913816,1053.7739794122922,196125.04194366065,2291.814988664893,6949.983930364915,6575.559711129179,5442.348926414532,870.973679419653,1143.1282267636752,1036.359095040266,0.2327505198335041,0.7687929455796102,2081.786014937448,9609.0,1794.7498748353746,2093.835334507319,0.1982743786896787,43763.052685941126,21834.6,3929.0,21747.0,1805.644843262373,28.244524679339605,-0.378706358528183,-0.1013430561951544,3.5874833219652915,-1.5209844115514943,357.94720281069385,8943.227743046848,2071.8,-5.102653516349012
103,0,0.0,8490.481558432137,8775.673781802501,22066.2,6758.84470853893,3608.230629428008,0.8836640250649733,191273.467732038,18394.0,4203.69589428131,505.1372124983371,554.5120509070402,191244.6156389248,1576.6149316638496,6318.4462411959175,6711.019979876383,5152.653483047737,376.1079999695285,289.16928115925947,332.5675843410598,0.2348550522247038,0.2454662165501807,1792.0905715706522,7208.0,2343.245020875479,1462.2976453383217,0.2091026714628223,44835.98144044924,22699.2,1859.0,19677.0,6114.094511863551,27.484273825410305,-0.9020330875576126,-0.1077259532551234,10.693923165636456,-1.5503901670146802,338.84701562799694,8683.091211590065,5280.2,4.741717078742932
105,124,1.0,4502.490686673073,4502.490686673073,8516.0,4606.677877152783,1750.3499788683198,-0.5108236488233139,146424.00716978344,8449.0,0.0,,,146424.00716978344,0.0,4799.352465075024,4940.956316061794,3949.8507372662457,,,,0.9378403008804344,-0.5108236488233139,0.0,0.0,0.0,0.0,,14341.097750369769,19213.0,0.0,19213.0,,19.36850308312836,0.0,0.2089174995315602,30.231109583650472,-1.7866831032397243,,,1262.0,1.6197096351128546
105,123,0.991935484,4594.104640840398,4685.718595007725,8398.0,4551.61642048549,1593.475913274798,-0.5956300278551921,146780.65524356315,8105.0,183.22790833465208,208.43801906945947,186.2609475235915,147137.30331734288,-156.8740655935219,4504.576591592812,4187.922676640377,3686.4379791379192,102.43240406966626,532.4751928964694,77.86865878290519,1.3517927910132603,-0.6804364068870704,-263.41275812832646,-236.0,-110.12291333458688,-294.77587348221186,0.0245874536419258,14457.858370701688,18865.0,-696.0,18517.0,510.5310960166873,16.492220731715378,-0.1696127580637565,0.2365226279405843,28.09622784051292,-1.769297148037409,96.873629022557,600.2914548761297,1300.0,-5.970133421913505
105,122,0.983870968,4566.801893812922,4512.196399757967,8198.666666666666,4175.226010187853,1552.272540992576,-0.6728676211480904,147701.2820119115,7783.0,9.705713084894342,642.334501757832,379.13104069572586,149542.5355486083,-198.07743787574373,3569.0927793465107,3659.07442517144,3202.367347265093,76.35897530146605,644.1999323934878,654.2484137561177,1.3900626306914985,-0.8273428077338867,-747.4833900011527,-716.0,-1184.2326875602057,-1230.2596857285134,0.2446345192932127,14323.28444861488,18199.0,-2346.0,16867.0,460.0720957994877,15.53613722801887,-0.3165191589105728,0.2251386557026649,27.95906552659706,-1.6284144822104585,70.72717535242965,1756.645230349019,1283.0,-6.382522613680767
105,121,0.975806452,4628.155122104799,4812.214806980433,8041.25,4041.598579560509,1431.9602934056356,-0.8232763206059697,147962.22274637417,7408.0,309.72412030736086,619.6735850016795,374.1845006975454,148745.04494976203,-318.38968546268416,3630.9074563722897,3381.799576943416,3192.470591655518,128.56338428465182,686.0300556971373,597.3155102616985,1.5773183724620907,-1.2745024189796077,-757.3801456107276,-947.0,-965.9615894743064,-1168.4450087027344,0.2032873636778133,14267.05179447156,17694.0,-3034.0,16179.0,515.5943980817992,15.882721955839369,-0.7636787701562938,0.2222734125982912,27.17183846119874,-1.6095174792876312,58.09475019311125,1485.5819097998556,1304.0,-6.752261456503877
105,120,0.967741935,4666.536541436964,4820.0622187656245,8016.2,3904.316261570744,1383.9064342932677,-0.9354462607777664,147880.15079862147,7483.0,317.57153209255193,602.2961546940497,338.9824191610706,147551.8630076107,-366.4435445750521,3514.573523693128,3650.730403866452,3285.3120020951696,148.0969916846652,619.406922088669,601.5160332548156,1.866089357998013,-1.3841260214649522,-664.538735171076,-600.0,-1251.4908875410952,-1284.778941381896,0.1763170614112547,14156.766888530065,17523.4,-2372.0,16841.0,446.83688298975466,17.35072688455894,-0.8733023726416383,0.2144236376515638,27.58524945338308,-1.6138393300808331,51.14000391083285,1301.7620072504603,1278.4,-5.359679439647152
105,119,0.959677419,4651.62204238897,4427.918191433104,7857.2,3741.313568213165,1673.2828253255366,-1.0664940608570084,148402.267355146,7133.0,-74.5724952399687,406.120587962025,286.69583091747853,149034.58995240612,-77.06715354278322,3809.853675304072,3522.5362771020623,3795.8924039360095,183.59689715936588,305.3676060237016,456.5674548679538,2.3953016798919387,-1.166062649219524,-153.9583333302362,-795.0,-815.013466787897,-989.498789770952,21.29858936841927,17461.780555223108,17253.6,-1349.0,17864.0,487.5920425929856,18.76194811041153,-0.6552390003962102,0.2122613391255277,26.50006607375109,7.9541619763244755,27.307508125055996,1029.0354795568846,1246.8,-5.909655724479785
105,118,0.951612903,4636.169963289311,4608.458199509425,9377.6,3753.2622141588536,2627.753487707521,-0.8039682313372948,146502.69738837486,15590.0,105.9675128363524,472.9465786395392,360.9581572768001,137639.45348348716,877.4035088392011,4659.052404764809,4637.051022482417,3953.1694764033473,183.9776086943886,497.5552165036806,481.38131625906345,2.325525571866929,0.6321927407114963,3.318739137101602,7366.0,-50.37968360614468,-140.30006031021549,20.72353240779356,20829.635924890103,17178.6,-1071.0,18142.0,924.1987340393836,17.96684680513349,1.1430163895348102,0.1796398284182259,27.440145430033407,11.407796765065928,42.21729503414446,5016.179442163148,1249.0,-7.154093165836793
105,117,0.943548387,4661.165879522776,4637.175980925291,9589.6,3851.199839002824,1789.4151100672827,-0.7346987624286097,146603.2469673506,8747.0,134.68529425221823,457.3080583385059,330.22437072252643,150045.283443487,39.06513119896295,4101.470174851502,4198.918346858529,3417.620404234832,173.86753233196484,525.2065339087932,445.7446346662781,2.1315736619248646,-0.4809954631904611,-532.2303330314135,344.0,-694.5445633403515,-697.8822902235224,20.724521769333094,20859.28732948272,17095.0,-2764.0,16449.0,887.0643719595545,15.434224110546603,0.0298281856328527,0.1764883158704556,27.682662860024443,11.406510975163815,38.38359024374868,5077.768850543339,1264.8,-7.97815799436685
105,116,0.935483871,4642.478445674402,4718.777637738567,9775.8,3934.5404129399417,1736.5086820350905,-0.6162909949438173,146787.19427016017,8346.0,216.28695106549455,422.9712427542437,272.191461171476,149664.78146380986,-13.841296833229308,4056.273991717681,3827.793977313648,3567.7872395624795,162.70463395447044,452.6882048661697,435.38716761680007,2.059606689615716,-0.6824635815556459,-382.0634977037662,-16.0,-549.2587197887215,-743.0784733573432,20.703605189959063,20920.183638689137,17133.4,-2842.0,16371.0,865.4092673411805,16.702242901608145,-0.171639932732332,0.1736465533386332,28.368601475336856,11.43336856289474,46.47257255629388,5253.423596836207,1224.0,-7.6134116181444895
105,115,0.927419355,4618.878596476806,4702.062972777644,9838.0,4032.2893219316,1695.3023598493712,-0.5157002283719427,147111.457351606,8241.0,199.5722861045715,315.7292900777743,220.1677982110976,149173.1784148398,-55.04761901894858,4029.4623464225488,4121.058347386172,3858.475935483287,133.66939072471172,417.9684120488947,309.44841111787724,1.9547148888973285,-0.8811721886055789,-91.37480178295893,-289.0,-762.7463425828,-769.8901186524754,20.68833493073432,21094.377313105928,17889.4,1408.0,20621.0,785.732333558954,18.490403809016247,-0.370348539782265,0.1734544899278011,28.42801971549438,11.452778401553529,44.9722136435377,5372.8804325533565,1230.8,-7.139414666109532
105,114,0.919354839,4709.501655854884,4881.033488323494,9875.6,4023.328332654192,1507.2326983488458,-0.5156804479299739,147122.42383946967,7658.0,378.5428016504211,331.8875924039039,226.97327437310847,149089.42239172457,-243.117280519474,3749.2945509638994,3497.9221043832613,3542.571750900396,73.10840912609335,425.9712296158129,318.6697489856764,2.0110205433956123,-1.1659637470096802,-407.2789863658495,-607.0,-859.8184131749344,-1050.0579141111248,7.595879316106929,17793.72876774703,17905.4,-1269.0,17944.0,809.8220174828538,16.817989415139003,-0.6551400981863663,0.1768588794147309,29.334238737568164,1.9292044898013896,44.9722136435377,5394.047744467172,1273.0,-6.942353821353335
105,113,0.911290323,4774.216924339382,4932.034541931913,8278.8,3759.051644401549,1414.1060842240083,-0.911346037963073,149185.80876967512,7808.0,429.54385525884027,291.5357284645604,284.5386317775967,147956.37813451426,-336.24389464431147,3409.890838638251,3508.8807639081097,3072.8211678026573,117.90109987196514,329.47294420795106,314.05807464496127,2.160246190819588,-1.3461352094539984,-877.0295694635884,-618.0,-1371.7631248693624,-1389.4616264367733,0.1073418081312618,14310.077480227308,17513.0,-3033.0,16180.0,673.5675912631186,16.27225991675411,-0.8353115606306846,0.1981812007085767,29.5992799912682,-1.496498763076548,23.66431913239844,782.0462701348919,1249.2,-6.189500429240334
105,112,0.903225806,4792.915187889932,4730.667298678043,8018.6,3686.227899424917,1467.1323064554065,-1.0880551883679574,148127.29387272993,7207.0,228.1766120049706,289.41237512628334,334.315496927572,144752.70895876127,-283.2176724129133,3531.817980723653,3246.286985832412,3107.135275763852,107.52213640701576,338.7739943954552,311.8958356204362,2.498158480799911,-1.364541215214884,-842.7154615023937,-957.0,-1058.663288223515,-1267.5344843513712,0.1022635435226766,14066.449490137824,17187.0,-4394.0,14819.0,694.4841970844257,17.071520319687206,-0.85371756639157,0.2172394200332321,30.079361729465045,-1.5651061291109332,27.94279871451674,2000.802759276008,1234.6,-6.11213748770367
105,111,0.89516129,4810.17947783102,4805.099087444009,9400.4,3820.616140400147,2657.503193303015,-0.8001521719274075,146279.09781422777,15123.0,302.608400770936,567.2380942969268,447.6949524122456,140423.801171299,907.1532144346952,4834.019447458476,4823.13072086359,4083.065206083274,101.87342656754518,637.3167788588605,558.8285599260425,2.56080042130882,0.7570515006471041,133.21446881702832,6893.0,122.68248508743,34.6669823834518,8.701502801783995,16142.70536867459,18558.0,4013.0,23226.0,643.0919840893674,18.750287957678243,1.267875149470418,0.2010333436896113,30.28262687621721,2.2895860955263885,35.185224171518335,3811.5544555777847,1274.4,-8.125065815461156
105,110,0.887096774,4799.80247255844,4650.177946414744,9569.6,3900.495730961758,1804.2093909474029,-0.7050676365663072,146255.97287928523,8991.0,147.68725974167137,624.5167089054594,412.6767883209554,149057.55374012698,53.859412079083086,4483.979131175469,4615.675507201487,3574.154068979474,119.43121992281156,724.3925962513547,590.6345440969741,2.183398177786367,-0.4057495118000775,-375.6966682867719,557.0,-363.3483897747437,-315.3733338995553,8.715085478004154,16275.219112493878,17718.6,-2789.0,16424.0,726.9454587518925,16.226465731571565,0.1050741370232363,0.216463827528878,30.897883095666646,2.265151046461668,45.729640278488944,3769.050403443752,1275.8,-8.660770339657734
105,109,0.879032258,4756.776210957383,4665.902180318209,9720.4,3973.300149303489,1762.565097171446,-0.5889141600719486,146528.76542374073,8513.0,163.41149364513603,608.8141024300758,416.8081188060217,150453.38511400207,12.215118303126246,4117.758714473505,3864.895788948824,3614.437659564697,137.2114684985495,686.1927468901342,589.3963723133468,1.711024157605833,-0.5851963645378874,-335.4130777015489,147.0,-495.7963214662777,-681.5937506015189,8.696485567644777,16352.985682668505,17354.2,-3091.0,16122.0,678.5009211489688,20.04924799817244,-0.0743727157145734,0.2273511802210897,33.210230914118775,2.299596171349009,51.45580628072986,4063.749221010504,1252.4,-8.012385042509544
105,108,0.870967742,4719.99144712709,4748.110722780448,9813.4,4076.815058174022,1667.8393007079185,-0.4925288908872441,146949.88431166724,8346.0,245.6200361073752,502.2533373958876,345.36604659926763,150061.97257414687,-82.51067816040131,3925.2742099898064,4049.7155477889423,3584.7494804152493,93.19378525101124,627.1920550054826,458.1266449125669,1.7030301504819323,-0.864208863530476,-365.1012568509964,-153.0,-854.1885805166976,-874.0782550852177,8.685609122869383,16515.95717880298,17766.8,-970.0,18243.0,495.237619734203,19.90957365355844,-0.3533852147071621,0.2413696295742084,35.02410441666814,2.319122669451584,62.39150583212428,4297.239792959253,1246.4,-7.829799869865002
105,107,0.862903226,4752.506768128142,4893.2439036832975,9894.0,4131.071185383577,1524.8804011230422,-0.4504498032596114,147872.53851012007,7760.0,390.75321701022494,421.3013877848404,245.1322423914801,149365.9799510254,-225.46957774527755,3811.337006427916,3535.1520253035405,3444.9015407902416,116.55276678824347,532.7986846877468,390.9884853268733,1.85261242502336,-1.1541457770767205,-504.9491964760041,-554.0,-787.3826521757401,-988.015458647108,8.679311832570107,16900.985322928875,18205.6,-2200.0,17013.0,423.455664739532,19.188810984025267,-0.6433221282534066,0.2494426142483188,37.2355906869478,2.3300761272975428,59.10752913123672,4205.008658410374,1269.4,-7.603724572474666
105,106,0.85483871,4778.418639076689,4934.658442186744,8380.0,3859.190770195117,1362.8834241776324,-0.9096925540422568,149409.1112329102,7405.0,432.1677555136712,349.24203778320543,207.03330169083472,148106.66478524968,-387.4665546906874,3551.6479600064504,3687.813578455088,3115.036074958484,135.79904871489347,418.6729762495204,340.307246406964,1.9354479476443447,-1.5391622532661238,-834.8146623077619,-677.0,-1236.7195908548742,-1247.7045050685738,0.1252193894722831,14896.728336933136,17211.2,-959.0,18254.0,435.6837155552168,17.496129612059235,-1.0283386044428098,0.2890429346651765,40.39879729645222,-1.5802698313753385,24.221890925359197,912.0986378216048,1256.2,-7.473214523798384
105,105,0.846774194,4724.157355929449,4378.871530678548,8132.4,3775.610336378657,1877.074856287011,-1.04304727405651,148307.78745230337,7493.0,-123.6191559945246,205.0909784847616,221.80255453558863,143550.93483709273,126.72487741869122,3829.465051517683,3579.611992945326,3662.769970801863,247.0101776816638,213.23344888329495,265.4642442443247,2.4761981354934006,-1.0725231118713423,-287.0807664643826,-681.0,-781.2505588570434,-969.887413557341,8.58124249675686,19762.62866217941,17498.8,-1351.0,17862.0,591.8202429792339,19.83267565887884,-0.5616994630480284,0.305532020805187,40.71829443558049,2.276012632980959,32.29086558146124,2687.0963564635376,1327.0,-6.947849716438093
105,104,0.838709677,4740.638304642075,4748.306923881336,9597.6,3917.500335990434,2653.182080464216,-0.7735200385885669,146267.24090723973,15632.0,245.81623720826337,537.7052600828596,411.639424235056,140250.65238868402,902.8321015958963,4941.235167042765,4924.568977379052,4244.128944727508,244.5250643122151,578.2757570883512,538.5760929199678,2.598423254801382,0.7624398128018277,294.2782074612619,7473.0,213.65367659260755,141.882701967741,10.520531172965123,21981.60808568756,19113.6,4983.0,24196.0,466.91466029671807,20.701301007271088,1.2732634616251417,0.2468444728475627,35.892810482415754,6.065344588179225,57.81695253124293,4086.5445918595046,1381.4,-9.86462996839922
105,103,0.830645161,4737.091374435054,4730.376071745343,9860.8,3886.46080917529,1997.9272070833065,-0.6474202345423538,147180.38899613562,9544.0,227.8853850722708,545.4609626662641,424.7598644909649,154627.7130186262,247.5772282149867,3801.690056174239,3810.872721001281,3380.296244273078,244.45491436908392,578.3990329137276,554.6946280987077,2.117019838650832,-0.2337098432994099,-569.5544929931675,1163.0,-1009.3862145924209,-997.6624089007852,10.227599453704698,21538.70529540156,19097.2,-1052.0,18161.0,2297.5146789520195,16.692706466991186,0.2771138055239039,0.2086201631103965,30.023508441756583,6.419091266251511,53.05468876546162,5523.758350604379,1425.8,-6.533519750106226
105,102,0.822580645,4680.356562904146,4609.569846028761,9941.6,3871.28082307515,1701.5801824162877,-0.507512703550152,147951.4659364656,8395.0,107.07915935568872,562.241125277043,427.3635113601392,153221.36465267543,-48.7697964520321,3655.25280756136,3559.5069363280654,3412.616287107112,229.484515207022,574.5681491156931,558.0208077822086,1.6847657278376929,-0.4546081221157114,-537.2344501591338,-150.0,-863.2825826764379,-1144.0996575136642,10.027676517812388,21272.977284570887,19079.0,-2291.0,16922.0,2333.2743730646,16.999063522960206,0.0562155267076024,0.1666856915481993,24.20701851805579,6.631212262320372,54.29732958442799,6164.487662879131,1414.0,-8.302986830630912
105,101,0.814516129,4618.590692826014,4625.829091796081,9999.6,4111.970668376752,1708.0954217304868,-0.394348650924322,147658.4966837819,7998.0,123.33840512300868,643.0010638790652,494.2835455128089,146641.81852183104,-42.25455713783299,4918.285795593138,4932.457842100984,4463.552931927009,183.17845180088167,707.2091279109508,547.1627916047038,1.6258518332262084,-0.973341990136974,513.7021946607633,-387.0,-33.27036434686397,118.93333051811352,10.066474259306093,21522.291444572973,19686.6,2079.0,21292.0,2299.2475508304888,22.63809916574284,-0.4625183413136601,0.1238135367278346,19.855017439343783,6.594098019936378,57.06312294293048,6189.80257154598,1439.2,-10.004650740450671
105,100,0.806451613,4696.230999228153,4767.0730626892455,9972.8,4062.571937923839,1464.9736464089465,-0.3933930409323232,149171.6764204118,7638.0,264.58237601617293,712.544168461342,542.3209682975756,151116.83352024225,-285.3763324593733,3480.001626107435,3355.5759223954246,3332.853728857718,64.72945468947162,758.5211572975247,589.0462525581215,1.4220423245717997,-1.0677450619113484,-616.9970084085276,-815.0,-1028.244211121607,-1319.350838967589,8.277867741336646,16562.079914476762,19428.0,-2644.0,16569.0,2056.5466928810542,18.58234721660455,-0.5569214130880346,0.0715686155965993,16.955025479494655,2.815006075811149,56.52433104425031,5875.35267838613,1419.0,-8.166128951580312
105,99,0.798387097,4717.625116259992,4855.277509040529,8337.0,3907.569535501441,1366.6809783989415,-0.8177405031771985,150200.4471778227,7800.0,352.7868223674568,593.4400152106916,472.1933513799082,145394.5061757385,-383.6690004693783,4385.262198844691,4413.048419668436,3668.350350991069,99.2100958722792,648.8742027406628,416.4946688239918,1.3125715896450154,-1.359297498422548,-281.5003862751769,-706.0,-561.3583355193828,-414.0902662303333,0.9216041510305956,14533.169005419277,18107.6,-1619.0,17594.0,2143.916859395438,19.17361954520893,-0.8484738495992342,0.0932268746275701,18.21992828565225,-1.077789749632935,51.30497051943407,3980.4383692405286,1383.0,-7.752208467371568
105,98,0.790322581,4695.493275199568,4619.71686644322,7990.4,3870.719894689647,1470.081006015694,-1.0142101888146873,148690.22226994476,7609.0,117.2261797701476,684.5519556585602,500.1745332977741,147076.5884792365,-280.2689728526259,3286.8566721581547,3168.4959381923536,3218.351372568442,106.60463296744464,754.2568173349754,456.9916407582457,2.0478109657831083,-1.2160582714868535,-731.4993646978037,-570.0,-1193.6344186513916,-1512.4957929168695,0.5471958055551477,14644.724758244014,17670.2,-3239.0,15974.0,1105.8217306600554,19.32192613062218,-0.7052346226635396,0.1005109101171577,19.48426797536452,-1.4405396094634368,28.411265371327605,3300.8812324067403,1375.6,-6.542192207447388
105,97,0.782258065,4718.151120793319,4722.85907399752,9548.4,4058.9618417196903,2631.7911884001524,-0.7926692349384769,145960.29268238886,15331.0,220.3683873244472,755.6010572047975,532.2058598434036,139571.71671489597,881.4412095318326,4819.414840843324,4792.080598043269,4152.430052843015,98.75322301798045,819.5427448012586,571.0489788177446,2.2445152060065645,0.6530966472653397,202.5793155767692,7640.0,77.92715247378419,20.06237576829972,7.241426110071311,17828.32737127338,18981.8,4267.0,23480.0,725.1360561991103,19.269155987998307,1.1639202960886537,0.0599473790239472,21.93940484212791,1.5808623311564567,32.416045409642415,4273.986438607341,1379.0,-7.967468195953455
105,96,0.774193548,4721.892400399207,4644.535489825517,9780.2,3974.377152765504,1990.019463878123,-0.6621766074680779,147101.3956769195,9112.0,142.04480315244473,655.9163925342094,413.3430378039272,152347.33349448425,239.6694850098031,4383.825737265415,4381.761789654111,4035.619991552149,97.30392739542472,715.535042588819,503.0747623907706,2.087310445046887,-0.3208788527849788,85.76925428590312,772.0,-456.193809117799,-415.5267278096089,7.152521409861557,17559.356303631783,18410.0,-780.0,18433.0,852.4861875713877,18.747642039429444,0.189944796038335,0.0454634626685854,22.011608304971567,1.744042201518339,31.89357302028105,5176.849317498907,1357.8,-7.781463066021289
105,95,0.766129032,4685.791114955415,4586.566635470285,9961.4,4137.1745561994185,1811.9426011448973,-0.543464701273872,147273.04799954392,8572.0,84.07594879721273,568.486340080745,469.3080810317156,151975.09513336452,61.59262227657746,4321.960973327095,4227.524988301357,4429.701936877535,100.75867933090372,611.0822908208605,473.7644567834906,2.2886521782855747,-0.4741855309403193,479.85119961128976,91.0,-214.25719395203487,-477.3914917479288,7.146926955858027,17570.79913181764,19731.6,3964.0,23177.0,764.1938235814258,21.134666945228744,0.0366381178829945,0.0360951874668888,22.994888683232297,1.7547336399993132,31.855925665407984,5304.2371860487965,1326.8,-7.550241785976247
105,94,0.758064516,4685.7775695409455,4855.209781968179,9973.4,4224.112950578871,1409.361032522081,-0.491405658673847,147670.47176326302,7829.0,352.71909529510685,565.9896880592202,457.5505341410086,147381.6249943339,-340.9889463462389,4341.044422283668,4200.580118761615,3785.8082848731233,113.48352064758588,599.5448545161306,492.21932498893744,2.4201800878432342,-1.0990022854224226,-164.0424523931224,-646.0,-126.6663636221183,-458.30804279135646,7.1414240994117,17702.234032857526,19772.2,-1416.0,17797.0,606.958235795511,17.61328069299014,-0.5881786365991087,0.0209313999980969,23.341510113766823,1.7633570580516635,20.45727254547875,5235.269576573889,1339.4,-7.978846480143082
105,93,0.75,4738.201750228797,4881.837769882482,9890.0,4237.308139720353,1463.5648349567643,-0.5303698773837888,148086.78921363057,7322.0,379.347083209409,380.7301621799272,386.2376104277246,149158.17573107406,-286.78514391155545,3749.094342716589,3757.64268925936,3409.5077204849026,134.8057957076865,372.21422412145006,465.1826421824477,2.17784559837019,-1.4108793650365632,-540.3430167813431,-987.0,-1127.6584729439833,-1050.2581223584352,7.153219271378066,18148.93301222601,19751.2,-3344.0,15869.0,776.6857150739926,19.61357364844238,-0.9000557162132493,0.007611153851648,23.920946541285456,1.7433032157268926,32.730719515464344,5260.222188586141,1339.0,-7.142089682483093
105,92,0.741935484,4742.142637152863,4742.563508617851,8270.6,4001.4514657744,1542.0837261311858,-0.8865376130645355,149563.46576306544,8087.0,240.0728219447783,447.69324946748856,482.43092088439073,146955.09946207047,-208.266252737134,3385.1591283346143,3246.855582391042,3226.6118585989766,130.71478759612015,462.8211290784476,480.4080057752559,2.534281768092794,-1.127742031138393,-723.2388786672691,-457.0,-1101.3562172559782,-1414.19333674041,0.3327266700069792,15057.407276785956,18416.8,-2405.0,16808.0,800.8509848904473,18.69727202239961,-0.6169183823150791,0.0379688027589934,23.188534305061516,-1.4869700546013618,28.243583342061928,2511.4133296171312,1338.4,-6.694050848563246
105,91,0.733870968,4790.021210854403,4883.928358333218,9600.8,4098.544500502981,2759.7876846721088,-0.6768167656399153,147232.49424226675,16046.0,381.4376716601455,543.542488445463,483.7371981431993,140692.47589049078,1009.437705803789,4764.082034773197,4744.4688831226495,4045.2533566837214,116.608928479342,562.5670148845539,560.4482206630938,2.5134273744571045,0.7277253843381214,95.40261941747576,7423.0,29.27136452509967,-35.27043030182722,8.609992740669188,17924.150908832446,19417.2,4222.0,23435.0,757.6815294040098,20.39543094484542,1.2385490331614353,0.0243021199660857,22.53293169711241,2.2569725882170344,32.76125760711878,4311.648508190056,1350.0,-7.397992443703545
105,90,0.725806452,4844.131036430268,4857.115763349611,9879.2,4086.63399287572,2011.568103164752,-0.6572804267759083,147030.23685197203,9635.0,354.6250766765388,594.9652033273766,337.3000769474181,150963.80818189096,261.2181242964323,4661.035945881034,4663.736370186534,3861.060564860697,46.91968531665419,629.6333229353592,553.2277765219252,2.023144621811248,-0.3765038366202832,-88.79017240554867,1483.0,-273.8097320883371,-138.31651919398973,8.64454708403357,18155.615268673275,18425.0,-997.0,18216.0,796.4061777761393,18.6715468181227,0.1343198122030307,0.0355186613703024,21.69029949318572,2.190837789468769,104.91091458947444,4115.586706625204,1361.4,-7.5664352344420545
105,89,0.717741935,4817.267128213908,4720.890240886382,10083.0,3983.426664695976,1854.44694857974,-0.516284394436853,148386.21010704996,8653.0,218.39955421330976,597.8719231524998,340.4146030227143,154161.4912697235,104.09696971142012,3899.388534401741,3791.3872483553446,3817.5803869902106,61.7065663989727,643.4151339317318,507.7608969618257,1.8754346894605312,-0.3940221237271473,-132.27035027603506,373.0,-642.7030045208394,-899.9639306732834,8.533401071759375,17788.932920973893,18208.8,-2497.0,16716.0,911.9831687043352,19.25961072807571,0.1168015250961665,0.0544179184921339,20.309232873374707,2.400793797428208,101.97450661807586,5256.626082563133,1388.4,-6.833036443834262
105,88,0.709677419,4780.64789663971,4698.741612011491,10303.6,4006.3357222248583,1748.98650645044,-0.3693077534471253,149372.23094218914,8362.0,196.2509253384187,590.5085793923228,307.97094608812114,154088.27990677,-1.363472417879848,3803.641714998103,3803.083798579869,3687.807174998808,78.9974491715081,638.7191165257997,481.2031958503271,1.679158705280002,-0.6759961600879246,-262.04356226743766,116.0,-1013.1131852995665,-995.7107500769212,8.44085961739018,17678.743595370674,18294.6,-2915.0,16298.0,674.0813749095873,19.818480938155027,-0.1651725112646107,0.0613283862452324,19.45024498277475,2.569555351510353,103.6662915320115,5929.233898301308,1368.4,-6.850581115109428
105,87,0.701612903,4774.736575253776,4713.006901688183,10317.8,4198.739930463969,1692.0151656673186,-0.3249853753826938,149960.44654133412,8059.0,210.51621501511,436.4386162759733,333.0380684336538,149896.17745779542,-58.334813201001225,4397.282174776564,4273.011022840119,4540.391641058148,81.2663544818008,454.4597195883453,419.118572112879,1.768446451836315,-0.9061301408162352,590.5409037919021,-386.0,-139.33517606043006,-402.0702902984604,8.452501111066175,18169.3611727373,19687.2,4558.0,23771.0,910.2259060255312,20.1645549442553,-0.3953064919929213,0.0713696241926248,18.77471587754001,2.5509663413195662,104.04181851544116,5763.089626453626,1375.2,-6.993358476256693
105,86,0.693548387,4717.615879226292,4598.324878195791,8499.6,4093.801877798692,1675.7637354552066,-0.7112140658223893,151467.18903464088,6668.0,95.83419152271836,368.8874255073502,413.2392816957942,148226.18835702445,-74.58624341311315,4429.459641368226,4437.125269978402,4528.035566496494,88.69207685628376,387.5941342979172,340.6179937423344,2.357076351635313,-1.203418067860356,578.1848292302479,-1668.0,-495.4188988012829,-369.8928237067985,0.4952651858070502,15630.03092810401,19659.6,4084.0,23297.0,781.7075540123681,21.1765226404962,-0.6925944190370422,0.1020645170719299,18.333966741058877,-1.3471090939771109,102.91890011071824,2639.9153864564514,1384.0,-7.260257269812604
105,85,0.685483871,4704.505771998595,4791.56522721113,8228.8,4106.942468679199,1589.886773464231,-0.8734230494470558,150154.92798548826,8099.0,289.0745405380576,287.5164583070178,424.35559955304825,144402.50293612792,-160.46320540408874,4243.570828439787,4097.525521727347,3788.065548026358,72.02538449576078,285.0779939367426,353.1822098197615,2.5374128563434204,-1.1875487547436157,-161.7851892398876,129.0,-208.10677768580356,-555.7816366352372,0.530731910129567,15421.952872611966,19369.0,-2450.0,16763.0,649.1261048517455,22.367291230856875,-0.6767251059203018,0.103053845131018,18.315467242294183,-1.3959412351262146,62.07495469188839,4224.129963420315,1374.4,-7.100985028189821
105,84,0.677419355,4721.9512925485415,4808.117843636113,9610.0,4260.964530527698,2741.8839146404,-0.6835303861531734,147463.8908908642,15349.0,305.6271569630408,386.1930521801159,402.0405655692738,140706.30579660318,991.53393577208,4877.44355359967,4837.968232139174,4232.166162872122,77.72225460362017,386.1143402535788,433.9369092525787,2.551399610236382,0.5554411927422652,282.3154256058765,7279.0,127.40730472165797,78.09108852464578,7.0201379723922495,18148.043193733567,20707.0,4193.0,23406.0,846.9250261977145,22.09777982640028,1.066264841565579,0.0846523890425593,17.46241273516555,1.5931224229505303,67.85867667439437,5191.311274288222,1401.6,-7.930380725823488
105,83,0.669354839,4775.53317265264,4966.65101253198,9875.2,4340.398038538391,2090.972871580735,-0.6079593514054282,147445.07482972182,10002.0,464.1603258589075,255.46573746212883,410.4906101251577,153994.19960105806,340.62289271241525,4269.031741901912,4263.320801352934,3659.1366920625337,125.21767923613844,281.8841437934689,295.49090697835874,2.424232420094407,-0.2981409863491991,-290.714045203712,1442.0,-615.9456452461009,-530.3207231731121,7.050170721476284,18306.02806347372,21087.8,-1011.0,18202.0,818.0011002437583,18.738964790334165,0.2126826624741147,0.0854499836228881,16.625166388377743,1.5266335109930913,67.83804242458648,5079.521037044643,1438.6,-7.639190091831805
105,82,0.661290323,4807.858592797814,4874.634002414055,10133.4,4287.767622509648,1824.0042361836515,-0.5135245392140637,147988.75264675944,9306.0,372.14331574098287,304.93513608767165,415.1358834766982,152614.56654298358,73.65425731533173,4078.1397022665296,3958.318789396039,3544.0633702511523,131.53090532692568,341.1464307366873,290.62312976873955,1.7636588202512524,-0.4339560798594129,-405.7873670150934,905.0,-402.4872562041492,-721.2127628084945,7.019874200356631,18313.545353981564,19913.6,-1313.0,17900.0,757.7683023193821,18.95879484497361,0.0768675689639009,0.0847395142114502,15.64141080655062,1.581006293504418,66.8341230211035,5584.6595534678745,1448.0,-7.70124567702012
105,81,0.653225806,4872.413563643696,4921.0997324252,10543.0,4226.881625914998,1754.820682684231,-0.4264663519275785,148869.91295151605,8699.0,418.6090457521277,332.3599619425274,277.1573596616596,152631.98988080758,4.470703815911293,4064.914132814401,4084.735927998054,3596.2570827023224,74.69849255132567,346.9544179883567,360.3672962840053,1.1784656859558926,-0.7681271314279301,-353.59365456392334,380.0,-799.8488817745306,-734.4383322606232,6.976958596661989,18382.782145489116,18888.4,-1042.0,18171.0,805.2880230079163,20.51827282006033,-0.2573034826046162,0.0853112136954128,14.31946063845004,1.654456213266316,29.180472922829683,5968.858022464049,1437.2,-7.94954924621063
105,80,0.64516129,4913.0940191812215,4994.967504898759,10478.8,4095.340854747925,1584.7071052018446,-0.3812462561266531,150596.48334186507,8203.0,492.47681822568666,449.3320005038796,313.2485175153408,153035.35488787285,-165.64287366647525,3641.653440017418,3521.626006967124,3430.1074631433585,84.23565577658705,479.7355096420019,399.89879500499217,1.18616700914942,-0.9614482757389882,-519.7432741228872,-192.0,-865.8106335211705,-1157.6990250576064,6.930372864493997,18723.517974554663,18828.8,-2748.0,16465.0,490.53012139928575,20.914430496817687,-0.4506246269156743,0.0858302058340286,12.685228547673391,1.7332615841345098,29.49237189511885,5563.15314292218,1476.6,-7.420484603096628
105,79,0.637096774,4959.537419731608,5040.334846388043,8864.2,3839.708750562353,1504.7016420353011,-0.7645375535043915,152717.1591878032,7762.0,537.8441597149704,258.4412658926836,114.3984279586504,151309.68502629394,-245.64833683301867,3747.0245225574313,3755.214613894271,3383.8021310363133,55.51474848220688,288.2165637332597,280.08751980102346,1.2630219582049418,-1.3610152941464262,-566.0486062299324,-794.0,-1150.7532162062016,-1052.3279425175929,0.1683673033237184,16408.547848521943,17374.0,-3081.0,16132.0,444.9587621341983,21.78035139373932,-0.8501916453231123,0.1116299620650178,12.070528638314393,-1.4144948403716238,29.02068228005669,940.8560117311672,1449.0,-7.179390085765967
105,78,0.629032258,4896.66565310848,4652.292179416344,8612.6,3831.7818029001887,1869.0125182151671,-0.910499004837195,152197.29632319458,8318.0,149.8014927432714,192.9874001891468,110.58036694421456,151394.88527801496,118.66253934684732,3846.415540710232,3731.8529810638406,3646.045107851272,136.4609335536343,217.79901116274127,275.2640789560932,1.5789513977577585,-1.0279482430132174,-303.80562941497374,184.0,-655.5803835569222,-952.936924364792,15.939347613025962,19721.76808599129,17074.2,-2510.0,16703.0,534.3385630852392,22.45819317150268,-0.5171245941899035,0.1211480154209744,12.12765288659902,5.647222539420066,31.381523226255236,911.380826204,1548.0,-7.296109047136543
105,77,0.620967742,4920.894591478459,4995.778694263948,9871.4,3969.0481852083335,2795.415104884836,-0.7017777143149303,150559.3150418217,15338.0,493.2880075908752,563.5827812134675,412.004763207233,144424.6601361192,1045.0651260165164,5035.780920905221,5008.997759354694,4402.028262457584,138.86547052269398,588.1799835476005,545.6909745508719,1.7297427298522847,0.6096503727519111,452.1775251913382,7199.0,283.84465533657385,236.42845583019695,16.564795135233798,20991.081613044924,18182.2,4227.0,23440.0,489.8211918649483,22.560454096766897,1.120474021575225,0.0985588067102044,12.396119610789327,10.105847942463225,35.366650958211984,3663.803544826996,1575.0,-8.153802398364512
105,76,0.612903226,4928.308908197119,4958.171316018505,10155.6,3975.758223245045,2188.555732331985,-0.5811491415780872,151271.2368952603,10202.0,455.68062934543286,563.7065966999243,408.7489699914677,156191.59914800056,438.20575346366513,4094.284457880995,4089.096376712015,3686.22398886942,139.03076347306384,588.3022830047536,543.3990434509797,1.494601138980747,-0.164984267743715,-263.62674839682586,1801.0,-766.2986915909673,-705.0680071940292,16.4284197257389,20772.68575227254,17821.6,-2845.0,16368.0,1028.5879641527983,19.48561089004108,0.3458393810795989,0.0969064951555195,12.626791683485523,10.265744307738704,34.28119017770528,4442.004981618306,1579.0,-7.069741353321433
105,75,0.60483871,4909.133413134807,4899.090029587188,10379.6,4048.173700456825,1914.161785526217,-0.4575768861593282,151625.78119031055,9159.0,396.59934291411537,514.9702903384201,377.853907184274,154808.07636312404,163.81180665789725,4013.820316535951,3899.100455548772,3755.404351711886,130.1746753084273,529.4138496353173,528.1838422072994,1.4280730128241728,-0.3435869986451932,-194.4463855543595,928.0,-503.7332474622745,-785.5321485390732,16.38803230555615,20726.952248977792,18232.8,-692.0,18521.0,1106.17774340293,19.758009466912032,0.1672366501781206,0.1065196278762949,12.63323460609726,10.311558289870884,35.79385422108098,4639.784742297758,1584.0,-7.752791678680773
105,74,0.596774194,4896.93547040587,4979.345132743363,10700.2,4083.8234465335954,1794.7989194479435,-0.3233398976169313,152176.51603145944,8980.0,476.8544460702906,488.1942676491725,373.2811007663152,154063.3592320384,44.448940579623695,3906.624718764062,3907.592620368981,3401.7039058659693,121.96457370591844,508.8160672802542,482.2332148076056,1.0610449804119262,-0.6898303514344416,-548.1468314002764,809.0,-972.5044858223504,-892.7277463109622,16.3402492816722,20821.125807812736,18227.4,-3108.0,16105.0,1073.8788572273868,19.60346095435326,-0.1790067026111277,0.1097019217447481,12.519251944914007,10.364499106302238,30.835044997534816,4781.798120744217,1561.6,-7.566469856277142
105,73,0.588709677,4967.859252315299,5006.911088963491,10663.6,4086.172579790923,1647.9988154806674,-0.3049761316493941,152532.741084543,8427.0,504.4204022904187,484.5885280391129,370.4616435046972,153176.01054343264,-102.35116338765238,3868.046212757029,3746.0214540495176,3681.580006138841,42.84889632155334,506.09514976259146,481.4529968995834,1.0210010927725015,-0.9361294131755316,-268.2707311274048,1.0,-643.8347172702825,-931.3062523179952,9.85714780612928,17831.837261717268,18176.8,-2763.0,16450.0,1041.257989165028,21.94505155740626,-0.4253057643522177,0.1086791310959592,12.426367732621523,3.223484351481212,31.212177110864868,4766.247069531038,1468.6,-7.679046404428556
105,72,0.580645161,4982.422419567968,5068.59453052729,9112.4,3780.513447946151,1580.2648572979078,-0.6778033263587928,154301.48207998334,7666.0,566.1038438542173,178.77061235643689,154.70522929006935,153268.365113321,-170.08512157041196,3624.1758788159113,3637.527405180389,3465.1186396768744,50.60282794846273,172.24897406928886,290.3312625624786,1.2712450354042937,-1.2544856007950824,-484.7320975893713,-557.0,-1244.4510038872886,-1175.1765862591128,0.3422728491620953,16587.04545288803,16777.0,-2772.0,16441.0,1035.5743334015176,22.795014297271457,-0.7436619519717685,0.1339389369025407,11.339860417412511,-1.2314612034693797,41.809089920733705,1294.843833617159,1464.4,-7.484153048413591
105,71,0.572580645,4913.184560383304,4611.982020095188,8649.2,3788.8712967142737,1871.1809972315143,-0.8475256910000122,153585.75148359317,7953.0,109.49133342211552,146.1021224342202,185.11440098640557,152612.94616604972,120.83101836319452,3781.947223691169,3664.806081438393,3828.5940410018375,159.34148195635618,127.2627988210959,293.0740216306056,1.865140268578198,-1.0135960909498116,-121.25669626440822,-515.0,-724.5094477503508,-1017.4052413838554,15.785134716183258,19491.83591862145,17068.4,-1388.0,17825.0,557.254250768891,23.239462564438,-0.5027724421264977,0.1480212347454615,11.591287150387918,5.687337168870295,43.274703927352256,784.3750796284054,1502.6,-7.505821725734277
105,70,0.564516129,4900.6040444318205,4836.187449829768,10028.4,3900.4745317638,2855.3942866083344,-0.6651455770521101,151089.5035511848,15469.0,333.69676315669585,460.7292755595915,310.2432854050118,142326.8367010823,1105.0443077400146,4796.409610540593,4763.440044841808,4173.808267726463,168.1684586806447,470.0738265343432,485.5901487156331,1.718660887203504,0.5683135710943172,223.9575304602172,7824.0,54.2829277853516,-2.942854534430808,15.600133453483531,22376.54286794577,17940.4,3668.0,22881.0,538.4224178096576,23.12974028479978,1.079137219917631,0.1163016346911337,11.46586659614048,8.734156877954632,45.10321496301563,4955.702295033645,1496.6,-8.322030854832226
105,69,0.556451613,4893.431095239475,4943.480386781638,10298.0,3926.1972875803526,2380.383707071463,-0.5364741706029942,152272.95142765008,10625.0,440.9897001085656,458.3259643709535,263.64104422791627,159980.59861436475,630.0337282031433,3981.8457857748094,3973.514329860938,3909.519964360726,163.92188939559634,469.72604292730216,471.1486976964575,1.783970407278248,-0.0464733191888623,-40.33077290551955,2157.0,-843.8907067395835,-817.5066793002147,15.31176491361142,21798.108804047355,18289.4,-1363.0,17850.0,432.08679683600303,21.800696421108988,0.4643503296344515,0.1000626602067693,11.016152670147829,9.116978598675612,42.245709841355456,6306.827143147937,1543.8,-7.382205105187178
105,68,0.548387097,4880.420257886646,4941.856902199345,10648.8,3960.0147669749335,2032.50793954949,-0.3915921640891275,152780.6672787202,10205.0,439.3662155262728,451.381332920997,254.20510629313785,155714.58979878333,282.1579606811701,4035.4490875058495,3944.115208235845,3799.17105025828,151.9614410529065,455.6181394976592,480.4137617541447,1.6188321072152156,-0.2117193806061982,-150.67968700796564,1755.0,-474.7473202973788,-763.9033775691746,15.251384389100574,21794.09675104906,18619.2,-1114.0,18099.0,377.8379282179032,21.94481954695158,0.2991042682171156,0.0937629307475084,10.513212758677437,9.18713531737925,41.34972793139029,6501.755680360762,1535.8,-7.570447717976229
105,67,0.540322581,4857.1655630781415,4952.321056484767,10966.2,3988.7443655718207,1977.1289717443024,-0.2401441431319676,153886.36469025098,9320.0,449.8303698116943,428.6306969023412,172.107876890227,158796.85217097483,226.77899287598257,3730.2904206791686,3739.371402827054,3730.153014666928,131.39888989674805,437.4626038168733,438.1652839735053,1.2959928313091431,-0.4972454960092827,-219.69772259931776,1030.0,-1100.8030109028537,-1069.0620443958555,15.077471183359329,21542.89290691328,18598.8,-2874.0,16339.0,534.8488571549882,23.892070591016505,0.0135781528140311,0.0921632423591803,9.919443735019682,9.393956072293644,22.472205054244192,6992.829557877419,1530.2,-7.468575164140699
105,66,0.532258065,4954.336936652649,5097.838887967722,11081.0,3969.093413345233,1700.0909416807797,-0.2136464365061334,154480.54352203856,8657.0,595.3482012946497,448.3359785493296,211.89704669640412,155583.84032498757,-50.25903718754012,3675.8282761288897,3575.6598131874207,3616.882222160245,121.3145323630965,456.79703419462487,446.2683186963441,1.178831695036368,-0.8811075578206409,-332.9685151060007,59.0,-822.7642088832868,-1123.5241889461345,6.594719868270971,18990.86141216215,18749.6,-634.0,18579.0,554.4435949670598,23.365742671638618,-0.370283908997327,0.0876958900770787,9.054449347642144,2.345884964431076,22.360679774997852,6996.654707228906,1533.8,-8.067988114723505
105,65,0.524193548,5005.338909837154,5091.197315752296,9415.2,3708.177800509243,1631.129685392989,-0.5569504349400194,156958.4113360486,7838.0,588.7066290792236,188.6936097751069,176.51209047240317,154716.17577113258,-119.22029347533088,3615.756239698611,3614.7440546267953,3448.844731000353,94.07145557302542,183.4008376092475,297.05670533286144,1.4699829381487688,-1.1482064210751128,-501.0060062658927,-505.0,-1250.2951363946013,-1183.5962253764133,0.8293533241363599,16261.16821064118,17428.6,-2937.0,16276.0,309.2317900863311,24.63747404719073,-0.637382772251799,0.1213855236148039,8.175581764862681,-0.7384939303043099,36.86190445432788,2228.7827631278888,1546.4,-7.084451182344793
105,64,0.516129032,4942.306798083604,4628.319828013891,8676.0,3719.8878268753097,1795.062903310721,-0.7705757032522277,155821.10101728787,6832.0,125.82914134081877,162.22620252875907,144.19486052653548,154294.04702056115,44.71292444240112,3734.78457637396,3632.329309299377,3775.933981926905,182.62658226848927,148.69682726742184,300.8770557457125,1.8140784152301288,-1.114599660749903,-173.91675533934085,-1539.0,-785.3405749092467,-1064.567888701064,12.523869828073916,18955.06461057276,17266.0,-2176.0,17037.0,404.5488845615528,25.73478310314731,-0.603776011926589,0.1435738596201667,8.250299177278096,4.532827126096574,36.393680770155655,1512.9469559538834,1481.0,-7.42699740426933
105,63,0.508064516,4934.243713997198,4901.541481767316,9812.8,3855.00662716598,2957.912576821139,-0.6263426064858442,153211.44051184616,15512.0,399.05079509424377,565.4361345085306,378.1116099099636,142666.28727157466,1207.562597952819,4948.8934841928285,4931.059383699457,4440.001218547294,184.99767086895088,580.3211960798883,566.5679588475384,1.8015437394471852,0.5094461032257195,490.1504812810485,7439.0,200.84668115597287,149.54101911780435,12.398022819106256,21589.409176239344,18283.8,3975.0,23188.0,475.6976981234999,24.62811412208104,1.0202697520490334,0.1213187708929718,8.294810840066097,7.157361756856297,41.76721202091417,6041.171269161081,1524.0,-7.7663154705016275
105,62,0.5,4942.001023554999,4991.107604273771,10031.6,3975.4081839352175,2302.1249182917404,-0.5402838750247457,153026.63142594573,10414.0,488.6169176006988,583.2383667087249,382.1583473843594,157872.80674147257,551.7749394234206,4408.171040278958,4398.1313424829,3973.811717717165,186.19524180560856,609.1864332356167,537.0213287433293,1.6940387175536102,-0.0669518387037909,23.960980450919124,2124.0,-498.7952270566684,-391.1814247960665,12.474882972196747,21951.70374478082,18681.4,-886.0,18327.0,468.37431611905896,23.083102820564573,0.443871810119523,0.1166879574241154,8.64397280803999,7.058671423476946,59.47520491767975,5888.432779194302,1564.4,-7.5748833997167715
105,61,0.491935484,4876.278683728729,4769.227188836372,10417.8,4051.6645229799446,2255.8704444765435,-0.3911634239834226,153036.3014523279,10411.0,266.7365021632995,539.4315581308208,363.0142590396641,155632.1904568985,505.5204656082237,4104.989736664416,3979.53400855278,4029.579135399557,159.93426949282525,558.4846850179827,530.0569563436039,1.3483913872458984,-0.1355053026140251,79.7283981333112,1990.0,-441.48251365964825,-694.3627284106078,12.490267427515173,22156.434034089853,18318.0,-2451.0,16762.0,887.4201372517958,24.339037161410385,0.3753183462092888,0.0983438790946214,8.599828095648144,7.04040815847029,63.74950980203688,5894.649017925155,1598.0,-7.824563437294467
105,60,0.483870968,4874.2008785547805,5080.808289882551,10812.6,4123.113155214889,2008.448165979655,-0.2425830178966017,153653.63196935013,9786.0,578.3176032094789,466.0034340792509,277.7585168871823,157802.82835624376,258.0981871113352,3986.203929004055,3981.68636435456,3748.119616617413,155.23981291067176,497.751482279056,426.9573530405803,1.0434281170837252,-0.405304390641009,-201.73112064883253,1469.0,-893.0519752198825,-813.1485360709689,12.43548823232,22179.04299229193,18329.0,-2882.0,16331.0,845.5245117676934,24.369065387789576,0.1055192581823049,0.0877794675772214,8.423759901837952,7.106492918781155,61.87891401761991,6193.011341080965,1657.0,-7.3807285024337
105,59,0.475806452,4970.601281011231,5110.321840296139,11219.0,4186.757910525039,1815.2786404418944,-0.1830124428808079,153886.05716069005,8853.0,607.8311536230667,399.8135928588033,260.48025674240944,155456.17297726072,64.92866157357457,4035.049709148599,3908.018350079323,3882.184353013294,138.59541881188693,432.2465682031319,393.1026963856634,0.9034929689364816,-0.8167467856709338,-67.6663842529515,493.0,-467.1167983584946,-764.3027559264251,5.880326707423993,20320.986659548555,18244.2,-2600.0,16613.0,930.0191933503288,25.86221868924948,-0.3059231368476199,0.0752546086857233,8.783809282963626,1.4195393830742993,61.63846201845076,6193.16715858898,1729.4,-7.964771082488647
105,58,0.467741935,5006.48321090211,5080.951131221719,9602.0,4005.150498863288,1752.949922352062,-0.5059372670779609,156305.80333759682,7478.0,578.4604445486466,166.7842825576782,257.8046308992846,154765.0181561086,2.5999434837422086,4200.894230769231,4191.843269230769,4433.438914972752,133.47997020199617,201.46457408293452,193.89798705305455,1.489767470460969,-1.1051780177600457,483.5881777065065,-646.0,-707.1903771527832,-598.4582343057928,0.293421993819307,17829.174538145733,18219.8,3853.0,23066.0,1025.4714525524323,28.46246615802357,-0.5943543689367318,0.0949845391759025,8.215337309258745,-1.2698573442964212,51.55579501860094,1484.2589624641016,1766.6,-7.448723638920158
105,57,0.459677419,4938.729730495566,4652.340202241049,9042.8,3952.644217545897,1906.068710406578,-0.6859647518286011,156313.92712731817,8105.0,149.8495155679766,172.57880670638548,274.8030275766036,157913.42569007925,155.71873153825825,3740.6678874009294,3640.4455862257446,3804.882590030633,197.6905453734369,198.4193344323524,194.66835692968448,1.8807665182786828,-0.9670892624569912,-144.96814723561283,-672.0,-761.3266336436272,-1058.6845776740947,14.172852120940004,22205.8591844309,18077.0,-1600.0,17613.0,999.9002450244705,26.575090640833302,-0.4562656136336773,0.1092526063987141,8.064257418346989,4.972116565906244,42.1817496080947,1207.17375633132,1789.0,-7.657859742033606
105,56,0.451612903,4972.865614559452,4939.906609155803,10144.8,4092.603805376994,2968.064130107108,-0.5615102213455133,153997.2699360845,15194.0,437.4159224827308,480.9365068452903,344.0015809754591,144048.90450073036,1217.7141512387884,5000.9730314472345,4973.684135821183,4434.059485535402,181.22550535697232,506.4944550267566,458.48732509030566,1.8627285042848865,0.4867673498014139,484.20874826915633,7500.0,258.3154254958399,201.6205663722103,14.057904335641403,24741.57281220164,19370.6,4017.0,23230.0,520.3429638228964,25.808709378942496,0.9975909986247278,0.095638282047859,7.919149804191254,7.943823404926569,42.93832786683707,5521.93121496208,1795.4,-7.672581373354638
105,55,0.443548387,4982.82040485391,5130.582241354842,10361.0,4120.500205954509,2414.535094357962,-0.4738952763331222,154550.17448575448,10893.0,628.0915546817696,470.20687173109474,343.1000646885456,160567.3511045934,664.1851154896422,4119.351624958607,4095.171105539524,3752.105378181088,189.1775649322536,500.1783189328008,433.2105430193402,1.6072958430843087,0.0327703344209465,-197.74535908515784,2550.0,-753.5699723323096,-680.0008401164168,13.94473463187914,24614.529253561905,19617.4,-1648.0,17565.0,460.3865766939736,22.64784946043087,0.5435939832442603,0.0869227097517864,7.235667811818057,8.08990268110751,39.74543999001642,6225.151091243703,1771.4,-7.232920973783595
105,54,0.435483871,4972.02603014764,5056.349966764789,10723.6,4143.998720420701,2148.665693606901,-0.3176119059875799,155077.94932910203,10606.0,553.8592800917168,460.9805067781342,340.03580951303786,158095.04719399867,398.3157147385814,4164.789431203115,4057.249691387333,3906.919750082296,177.84402294020535,485.4830966684858,437.66657512781376,1.3723374212463333,-0.0353299339432227,-42.93098718394958,2306.0,-349.62422602753395,-634.5630338719093,13.87544949384952,24553.98677818455,19629.8,-2538.0,16675.0,671.0616961204062,24.36308799274296,0.4754937148800912,0.080609081153934,6.41512047432015,8.171611751079192,41.12541793100706,6473.006224962592,1762.8,-6.561104047816837
105,53,0.427419355,4988.178673962064,5161.714350293837,11180.4,4142.778813469071,2007.1697263664764,-0.1747234957839967,155581.9176703551,10075.0,659.2236636207645,460.7843701154331,283.452198238604,157284.8598623738,256.81974749815663,4209.733788738761,4210.908282686222,3789.4608896516697,188.90677335243436,485.55957441520064,438.5261385514212,0.6748209071400565,-0.3907359667421295,-160.38984761457596,1638.0,-713.2899119109329,-589.618676336263,13.842880653489027,24637.362995562275,18266.8,-2962.0,16251.0,664.9663901280998,24.927519462802262,0.1200876820811843,0.0852415036601841,6.157218990724502,8.209167592573994,52.21781305263556,6550.418612264668,1706.8,-7.811841447603891
105,52,0.419354839,5094.980086922487,5186.347267043163,11433.2,4297.30070877692,1859.9434157534104,-0.1410671274810471,154918.02457550183,9017.0,683.8565803700903,370.4180361654165,391.7904292148668,154593.96021581284,109.59343688509055,4532.397942718838,4400.332896329165,4597.7306879146345,117.59609855730577,374.6566067816135,443.6130918637716,0.745804130930597,-0.7988074209422433,647.8799506483888,592.0,11.282842895623617,-266.9545223561863,6.525962629658205,20705.003831881557,19329.6,3714.0,22927.0,708.2363306128796,28.46188437881845,-0.2879837721189294,0.0862047509254982,6.726846182409673,1.8114641753073883,52.00288453537936,6506.064899317081,1680.6,-7.206452287085702
105,51,0.411290323,5143.234696323418,5181.179656160459,9897.0,4032.667137072412,1757.183173319141,-0.4433809835890517,157167.21157220387,8165.0,678.6889694873862,249.9250806937512,381.4864806940686,155294.83948424069,6.833194450821111,3831.828653295129,3823.237077363897,3639.167671816125,55.63379858061095,211.80110312923568,413.9697027225546,0.9533372817945892,-1.024801930738609,-310.68306545012047,-181.0,-1064.8524330267087,-967.5238117798954,0.5305121795316619,18181.65699351774,17831.2,-3475.0,15738.0,590.9367986510878,26.70113709184977,-0.513978281915295,0.1161689738682307,6.47007524979094,-1.170838329448604,40.85094858139768,2309.243565427366,1639.0,-7.555002490268288
105,50,0.403225806,5046.780073601607,4648.309127745788,9209.0,4041.693615396011,1897.1352784397368,-0.6538022444270194,155959.43019752103,7594.0,145.81844107271536,306.39335315264793,383.2972813035875,154528.44423117937,146.785299571417,3783.015355086373,3685.724728087012,3737.587293349729,216.4966065406352,287.9854361223073,409.5440544465533,1.5082188235868283,-1.019335969768892,-212.26344391651676,-890.0,-708.4375807143106,-1016.3371099886512,11.616741763543668,20943.45506084845,17794.0,-1834.0,17379.0,726.6999380762301,26.19579620600902,-0.5085123209455781,0.1476838475354958,7.46757031589118,3.804696998665676,45.59824558028518,1548.9333539274637,1587.2,-7.538880646179213
105,49,0.39516129,5036.868281190305,5006.79100470828,10186.2,4167.9814258796805,3023.405059340078,-0.553229126922189,153240.65151122003,15019.0,504.3003180352071,518.6995949451078,448.169048063864,144501.15376249346,1273.0550804717582,5028.1630138495,4979.891420468625,4461.422992631011,219.41060817771907,513.056640366828,561.6607128517568,1.5782998999453168,0.4675356535809298,511.5722553647652,7192.0,281.81482639081605,228.81054877447605,11.752698788977234,23599.439117519843,19106.4,4024.0,23237.0,921.3024476250984,26.47126524208054,0.9783593024042436,0.1298592095553093,7.901724964922155,6.493851246434351,57.96723212298477,5090.178620023668,1636.8,-8.209515950298544
105,48,0.387096774,5044.894237952523,5201.844134104931,10505.2,4269.674276181065,2600.211216352109,-0.4418519019503992,154180.62878548115,11610.0,699.3534474318585,542.8032160344575,455.50090368555794,161984.74623367927,849.8612374837894,4661.28294036061,4649.042565402458,4476.697892430649,224.9699125589864,547.3788573163376,545.3067541827138,1.5074766344000738,0.166150158116819,526.8471551644029,3233.0,-204.82566040401525,-138.069524714414,11.566150399956312,23236.62242431302,20489.0,3951.0,23164.0,1318.800856839272,28.128889055949177,0.6769738069401329,0.1146691093458843,7.698821380863931,6.730551487512145,42.66497392475469,6223.111873519549,1650.8,-5.376290157966115
105,47,0.379032258,5065.90244575525,5291.388306056791,10979.6,4260.658138139584,2216.4110171249063,-0.2723618786214393,154914.34157749364,11267.0,788.8976193837188,540.1912871370281,392.9385682408529,158262.5241758754,466.06103825658647,4494.674593183196,4355.13209306663,4141.737982089819,246.7097175545629,545.8364855386073,538.4379381539629,0.9949822823222269,0.048642695702556,191.88724482357293,2964.0,-33.79784731178006,-304.67787189182854,11.483717373135606,23073.25188607993,19244.8,-2507.0,16706.0,1312.7260948118603,27.180856824272773,0.5594663445258699,0.0792033294247132,6.785625788444935,6.823111328473442,42.83339818412728,6474.832994654539,1675.6,-5.718613406651781
105,46,0.370967742,5107.431510423677,5388.824979502597,11488.2,4324.203855545578,2109.435827803893,-0.1091341738834214,155933.34245900024,10671.0,886.3342928295242,477.1026889409972,339.1210483263052,160389.84389177372,359.08584893557327,4153.194588685433,4163.020388084176,3854.424483202068,277.83668251159685,490.1702431864608,442.6159239755966,0.7136573771106116,-0.2086634070485196,-95.42625406417756,2362.0,-747.1238459967299,-646.1578763895914,11.347651297394354,22910.9280107877,19313.4,-3132.0,16081.0,1304.95122514215,27.13929576436549,0.3021602417747943,0.0514809411876926,6.1726041893912535,6.978976821901172,51.717501873157,6943.120103551126,1747.8,-6.510239530301867
105,45,0.362903226,5289.2993248879775,5557.648200067287,11889.0,4318.830451410963,1803.8444024809005,-0.0441934935609519,156675.40299035775,9435.0,1055.1575133942142,485.3623332301965,447.8427765194506,158238.74688796682,53.494423612580704,3758.585903330717,3648.18016148929,3412.717615953037,219.29893102098305,503.3186474167584,449.1941778240181,0.2786069984656927,-0.6946325681565443,-537.1331213132089,1114.0,-735.3046013873914,-1040.7665617443072,5.90141870872156,20525.436297779357,19155.6,-2623.0,16590.0,1255.301278578174,26.08190372921198,-0.1838089193332304,0.0083767257582834,5.322388099166434,1.817647741395065,51.2981481147224,6954.366284310613,1839.2,-6.900903069761639
105,44,0.35483871,5352.973541905098,5325.162089793885,10345.8,4043.956719220831,1741.2162479362455,-0.3409629187601597,159490.02192962068,7636.0,822.6714031208121,398.5484075487395,405.8877876462078,158574.24845880814,-9.133730932074286,3824.45283018868,3833.942711252257,3724.338531259518,140.1062784396969,400.3061865665137,433.6937621211829,0.5985502851362454,-1.0163114724151094,-225.5122060067279,-524.0,-1092.5538345598447,-974.8996348863444,0.4481146939203607,17746.711786221997,18023.2,-1638.0,17575.0,710.096331493127,29.30597908604703,-0.5054878235917956,0.0110296529654445,4.394290108725206,-0.846826000651799,72.24264668462803,1634.9705043904196,1821.2,-6.82289988506039
105,43,0.346774194,5226.584873455153,4569.900791855203,9422.0,3907.793753246643,2155.453829316973,-0.532535641556528,158272.06304487577,7004.0,67.41010518213079,353.0829955059106,261.98079060027777,155894.95180995474,405.1038504486533,3617.9388009049776,3518.00407239819,3798.776457458817,360.6714222669776,349.98421549075334,398.7000936628138,0.9754606969231048,-0.7917134558650222,-151.0742798074289,-1386.0,-885.6404902749555,-1181.4136641700466,8.631170719579254,22745.498758740847,16769.4,-2318.0,16895.0,431.7678774526845,29.79704821623628,-0.2808898070417083,0.0172095741911495,4.4219221271717615,2.837022873217353,66.3799668574789,1650.9999978572705,1882.4,-6.873786233932406
105,42,0.338709677,5194.670643476813,5131.8171561650925,10321.8,3972.859328336794,3482.3645998406414,-0.4439586115863534,155671.95588857247,15734.0,629.3264694920199,567.1758817132433,506.6082218208589,145261.9883943589,1732.0146209723216,5028.33840082805,4991.440263941002,4764.04449383269,357.36218121672226,589.1566589192919,536.9496835586594,1.042612078727963,0.4915278455534289,814.1937565664443,7463.0,291.53002813897456,228.98593575302584,9.3866654054119,24860.038290857232,18281.2,5052.0,24265.0,1231.3443060330426,25.08997289215925,1.0023514943767426,0.0063145851632368,4.360786117365076,5.781596814662657,87.0298799263793,5945.82933798716,1932.8,-7.118036174777185
105,41,0.330645161,5214.868286000192,5489.813192119495,11026.0,4202.243384325516,3459.5043466221987,-0.3487659519463379,154209.87479370987,14396.0,987.3225054464228,823.0475397491248,627.3516002457353,153079.43841746074,1709.154367753879,5394.409412825135,5363.182140097862,4755.371145510835,367.7970199340549,845.2547663819921,697.4411206704945,0.9347198053107356,0.2672998911515578,805.5204082445894,5883.0,399.7964339468817,595.0569477501112,9.617149912593884,25928.747477934703,18748.0,-798.0,18415.0,1152.7921755459631,26.154352182294364,0.7781235399748716,-0.0128387564333339,4.8588520853094845,5.530096858201981,94.20191080864548,5328.327688555063,1899.2,-8.395476276715208
105,40,0.322580645,5184.189618943527,5404.254864783954,11818.8,4529.732225829458,3267.8843912251523,-0.1896404543132852,152921.47639905234,13325.0,901.7641781108814,867.9204411969824,629.4713076732347,151796.7549146792,1517.5344123568325,5404.491135282573,5295.515251305592,5116.366494797245,323.7724865660672,862.6951970439028,867.0514125462724,1.0110284475296307,0.1009949200087192,1166.515757530999,5078.0,902.1396061323176,605.1386702075488,9.747560691987156,26813.833272964694,19523.6,1255.0,20468.0,1210.8909116844486,27.28570062641778,0.6118185688320331,-0.0260219423449681,5.803011526812112,5.3866413415718215,99.27335997134377,4899.729945353075,1863.6,-8.24990806693969
105,39,0.314516129,5135.488596179227,5081.656975972388,12807.2,4821.753793256708,3145.2102727466004,0.0130690373662693,151234.83240887042,12654.0,579.1662892993154,768.1246793358313,559.8072147653049,150141.0285078986,1394.8602938782806,5369.90890083632,5352.448161423072,5215.054042096307,319.5929557757634,789.5993643561359,660.8421879012786,0.7920887757716595,-0.0027640140173365,1265.2033048300614,4418.0,367.5540025764085,570.5564357612957,9.904326699548664,27833.528645066708,20992.8,5708.0,24921.0,1044.8248657071651,26.58289896581721,0.5080596348059774,-0.0365471483236266,6.978131956410292,5.203547848188453,51.96825954368682,3932.396482330536,1901.4,-8.051669321556805
105,38,0.306451613,5210.393565301681,4944.425637467476,13716.6,5093.937670607944,2940.1950666153707,0.144772450528931,149807.76800004515,11255.0,441.93495079440345,226.19628452562895,207.17151232029065,148759.6297658283,1189.845087747051,4935.037294015611,4828.775021682567,5011.888869387953,223.62037435160565,242.1824367446131,241.1214722481257,0.7429581557246203,-0.1331963900517137,1062.038132121707,3161.0,475.27889648121527,135.68482894058707,6.898389193021838,24046.797806300685,22636.6,5901.0,25114.0,711.4625780742061,26.314936971027915,0.3776272587716002,-0.0633636325686224,7.996136261017433,1.1798764107173465,8.590692637965576,3088.365018498745,1897.0,-8.240097849138042
105,37,0.298387097,5162.174798832756,4890.723323820466,12296.8,5028.511092699957,2717.324664792709,-0.0173830619400566,150447.45432843774,8849.0,388.2326371473937,236.4775798569484,201.9986112967299,148460.42003632186,966.9746859243892,4984.23968718728,5051.579926615025,4785.206688515359,267.0670435776921,232.6338810552019,334.00235285291274,1.0514363354234957,-0.3192497167915095,835.3559512491133,364.0,-35.60286140095832,184.8872221122556,0.047435444493835,22520.070851644523,22696.6,5352.0,24565.0,823.8196404553586,26.01052187338728,0.1915739320318044,-0.0599457823561237,9.06197616493721,-1.893093988822936,5.44977063737512,2211.0010341536617,1816.6,-8.348993861776316
105,36,0.290322581,5034.516480746054,4851.521601685985,11131.4,4949.05295529757,2623.439880798549,-0.1466052293420812,149443.41812993953,8462.0,349.0309150129124,403.12706063247725,438.7707434198002,148059.25742496975,873.0899019302292,4410.670569410296,4289.215431448308,4118.249078238042,225.1229310425778,430.7213054248522,384.06126302885656,1.3259755154894972,-0.3788109458585652,168.3983409717962,56.0,2.5057469349503663,-388.6818956647285,8.38975855369663,25427.5179544218,22615.6,-1203.0,18010.0,757.0754916122936,25.934648189848858,0.1320127029647487,-0.0303699528506567,9.453385057056122,1.8704149299970525,6.534523701081511,1723.1596214959868,1831.8,-8.034197758035926
105,35,0.282258065,5056.922554552433,5516.285233815854,11634.4,4913.767823274893,3446.544100966751,-0.0705838337306873,148157.70518714792,15816.0,1013.7945471427812,420.8179604256984,413.378514019379,145368.1902007211,1696.1941220984313,5475.262040574718,5441.185075068611,4839.2604715998805,321.47633904291456,462.5436106743848,323.0322635426389,1.2969953480660203,0.4811018980656886,889.4097343336348,7593.0,725.7139460189328,675.9095754996943,9.152678019859662,26969.42404079748,23465.2,5503.0,24716.0,586.4608256311716,27.985541802821093,0.9919255468890024,-0.0168617952800644,8.814200923082229,4.716880656824581,9.607288899580157,1650.9423868161214,1944.0,-6.843556954793062
105,34,0.274193548,5329.064138797208,6442.364897196262,11990.4,5011.471391254288,2993.0004521455858,0.0066924486481517,149601.50434538125,14321.0,1939.8742105231893,595.4566213611618,344.67823801178014,157360.0242990654,1242.650473277266,5982.144560747664,5912.122504672897,4559.3983052119365,689.9861622563549,614.2321724745235,408.4711304293528,0.9744210576372184,0.3836173978768589,609.5475679456908,6198.0,856.071842473385,1182.7920956726402,9.126140255748762,26929.856109624576,21963.8,-1799.0,17414.0,928.2600389976916,29.160527898994275,0.8944410467001728,-0.0200893468956039,7.965981858036534,4.746500558831225,9.126883367283492,4623.070365944056,1930.6,-6.6933214858320005
105,33,0.266129032,5717.531526353198,6886.762575247424,12483.2,5066.406615448008,3009.1520995658843,0.0378110503156616,152849.53635568873,13665.0,2384.271888574352,582.5362896866686,286.8609944061779,164999.78981736558,1258.8021206975643,5178.3371084583205,5027.263799612285,4664.077860287844,909.1548500811494,598.1547137893674,437.742372165212,0.5446526827600924,0.0223966182858358,714.2271230215979,5625.0,749.955017449809,378.9846433832963,8.89329245156934,26287.884638005093,20354.0,-2148.0,17065.0,924.2474235830988,31.651671010267847,0.5332202671091497,-0.008596339350669,6.601192198294257,5.024511288791476,87.67838958375089,8232.49677642568,1941.8,-6.928200892141913
105,32,0.258064516,6098.043661724262,6793.28400067579,13384.8,5056.898578564466,2780.0210969160844,0.0777989269104344,156273.0004702918,13082.0,2290.793314002717,574.6506650588203,285.5711785936178,165577.74060933717,1029.6711180477646,5084.671340879653,5050.057892662049,4313.105812215156,882.1720275531894,598.2140638707856,451.4913908530894,0.036364838282937,-0.1193103338176456,363.2550749489105,4872.0,-83.14304581866145,285.318875804629,8.632986177330274,25793.310634689573,18762.4,-2606.0,16607.0,985.2998020907116,32.35551455850458,0.3915133150056682,-0.0012454711841304,4.737263081274515,5.314674802584021,150.87179988321208,9329.725063457478,2019.2,-6.544432379788913
105,31,0.25,6452.796543644268,6625.286011286012,14078.6,5138.083843648909,2598.9153607679823,0.0863931647505946,159437.960152509,11733.0,2122.795324612939,455.9823699846792,207.7903512201606,163884.05583605584,848.5653818996625,4776.095574695575,4614.203029403029,4408.404357378513,505.5719000089994,489.9911316251574,382.0079438898563,-0.2103730948617264,-0.3358397566577639,458.55362011226725,3525.0,408.4320723571664,-23.256890379449032,5.90452673580046,22282.58780103105,18496.8,-2531.0,16682.0,942.31640121564,33.314949513198094,0.17498389216555,-0.0163070148392109,3.5473286168132234,1.7723542587310626,139.6334487148405,8431.956679004858,2031.0,-6.7090922022435056
105,30,0.241935484,6656.9337810937,6536.971421063005,12813.0,4801.708008414737,2312.2092471991164,-0.1293350321706514,163217.4610914069,9677.0,2034.4807343899329,633.1847264424819,441.8753999953065,164265.69489521056,561.8592683307966,4248.638000131397,4225.263517508705,3545.5000715276537,178.88844682108973,628.1755694129602,740.4541238866675,-0.2990315661496628,-0.5975390865405418,-404.350665738592,1265.0,-956.1652301519292,-550.7144649436268,0.5616321016542164,19842.98199975785,16773.8,-3112.0,16101.0,765.1331910197043,31.324063569567144,-0.0867154377172279,-0.0072444435089911,2.845628584671548,-0.7872280640103277,156.81262704259498,3214.5109713174998,1964.6,-6.337743619395669
105,29,0.233870968,6550.7692697211005,5911.542340333272,11653.0,4481.962128170357,2366.262863526885,-0.3078965996058898,163497.3048842606,8717.0,1409.051653660199,671.6339058370415,619.1918064202201,158759.24326333395,615.9128846585654,3558.2381217865327,3400.632720064424,3209.342571613751,393.6308223957941,683.9288452329412,728.729057793888,0.0154589049118865,-0.509190439299333,-740.5081656524949,398.0,-742.6575587485213,-1241.1143432884917,0.3369663524952618,19071.75034455432,16740.0,-1968.0,17245.0,526.3286045808225,29.91518180872681,0.0016332095239808,0.0238266740367735,2.186301929158041,-0.6779956472731031,103.47076881902436,2733.7388662087674,1940.8,-6.600263966384395
105,28,0.225806452,6306.193521381145,5663.883833547646,12025.8,4492.989449279933,3543.962639978224,-0.2005274920653282,159760.79664309332,15734.0,1161.3931468745732,768.3362366436276,640.4751708895321,146317.2486115291,1793.6126611099044,5546.517961204891,5496.937265738284,4744.335774927133,479.2710620844141,802.6664684366947,745.497979369465,0.0198289643057988,0.5592421559886437,794.485037660887,7489.0,805.091622997691,747.1654961298673,5.194285890090758,21594.669501642773,17049.0,-603.0,18610.0,523.2805175047084,27.971871201401378,1.0700658048119576,0.0206382871023525,2.444392797319214,1.585313682877718,161.7065242963313,7780.039428441381,1968.4,-6.431260624221103
105,27,0.217741935,6277.452110057939,6649.576944059759,12393.6,4602.829891632857,3025.6098571632,-0.0641616746272568,159056.29163675738,14866.0,2147.086257386686,870.2816542922294,636.092736877886,162055.21557765748,1275.2598782948803,5600.212304335054,5557.322590121281,4268.554519542254,440.3546544951671,905.9172935651296,790.2402462650605,0.0377227489254409,0.5625187533727113,318.70378227600804,6711.0,466.0591659459615,800.8598392600297,5.298141805086758,22157.433726537165,17041.4,-2644.0,16569.0,661.7917346114222,26.008799638849087,1.0733424021960252,0.0101487923085843,2.629560132027727,1.3998611906355127,176.64427531058,7303.413040556313,1921.4,-6.182635578281317
105,26,0.209677419,6321.403936514326,6845.045143567949,12843.2,4660.901754742166,2963.9029001597896,0.0304451419602497,159615.20162638254,14091.0,2342.554456894876,885.0983167623995,678.8840616084296,166678.60578418162,1213.5529212914698,5100.982896237172,4962.098839017311,4648.292423877933,492.6995472683293,914.943931790766,837.3744866852201,-0.0149288308196985,0.1371943262797688,698.4416866116876,5773.0,698.7913879037105,301.63043116214794,5.243477838648,22054.247520667104,17328.2,-1097.0,18116.0,577.4926839363376,30.416825902318887,0.6480179751030827,0.003439790411108,2.425625657834258,1.5149373985765966,177.95308370466634,7910.519246532471,1985.2,-6.123358882695456
105,25,0.201612903,6391.612209389548,6888.012785439116,13672.0,4850.406851940175,2807.074287905181,0.1486836014069378,160145.55438984506,13641.0,2385.522098766043,832.6607722544584,609.4253010804766,166917.45871252302,1056.724309036861,5160.347886773491,5137.206800290324,4283.49907617844,558.9642121833474,879.7791156671979,634.0916535451729,-0.0470842015206472,-0.006346789307101,333.6483389121945,5409.0,-8.639744161883755,360.995421698467,5.244356545637108,22385.444309975654,17350.0,-3003.0,16210.0,585.0779435254714,31.24447225707392,0.5044768595162129,-0.014820803950299,2.415734702369444,1.513117871590287,188.6671672549307,8396.728199654224,1996.0,-6.224276175376514
105,24,0.193548387,6602.804314183617,6967.502864303616,14439.4,5122.862640270303,2681.0109009875887,0.1860540125839877,161683.59388612205,12331.0,2465.012177630543,293.3990232784519,215.85895458599836,166449.44074471894,930.6609221192688,4926.0674304809645,4782.980606277599,4565.346713503887,503.4407044659784,335.220456123266,318.3806002047457,-0.2319316171252711,-0.3223383834140836,615.4959762376416,4235.0,619.6213829021162,126.71496540594036,5.1895279090822,22849.261803540718,17647.4,-481.0,18732.0,770.4283224285009,32.73731334100142,0.1884852654092302,-0.0555712809375363,2.582883184261737,1.6035246444424118,185.73691070974556,8753.082330041603,2109.4,-6.110179293748626
105,23,0.185483871,6837.366211094876,6836.69331810394,13242.4,4820.057379113232,2453.6683428317265,-0.0263252608045659,165476.7675282429,10045.0,2334.202631430868,379.100836784594,405.3281858166733,165283.1168221334,703.3183639634067,4556.275461640968,4534.572054064344,3616.659406250106,120.41642470986764,385.50549228516405,584.0505497116936,-0.2449038862928816,-0.502654210954125,-333.1913310161399,1504.0,-708.9346827876584,-243.07700343405577,0.3968065534995943,20553.810537516096,17166.0,-3010.0,16203.0,1050.7446407191403,31.912404262164102,0.0081694378691888,-0.0786944992652598,2.114605711891796,-0.7359743742751069,129.75669539565186,2006.294439088659,2136.0,-5.7723436129752015
105,22,0.177419355,6790.235398406415,6413.922880617453,12183.8,4619.183093859599,2723.583436081918,-0.210108383252654,165325.28432806057,9712.0,1911.4321939443807,610.2614623198084,657.2087121744981,161297.79957674592,973.2334572135984,3677.032242001743,3524.9582347815262,3121.6176650437947,244.07183697844067,634.9226660999453,644.9614870256048,-0.2198765867741215,-0.3563968588677288,-828.233072222451,1418.0,-538.3122603222096,-1122.320223073281,0.3474574534409734,20185.20449981486,16844.6,-4251.0,14962.0,865.6516042843077,31.84051353944196,0.154426789955585,-0.0881315252996194,1.9507411144712736,-0.7082540072528895,125.59538208071176,2319.601053310772,2192.8,-5.963348458317302
105,21,0.169354839,6682.867128578645,6308.2037944291005,12806.2,4767.21296366345,3881.617381928872,-0.1120950660640807,162224.94268907915,17201.0,1805.713107756028,911.1788996192864,792.0542001979196,151176.89758927457,2131.267403060552,6180.129182684968,6119.738817259517,5138.514451469069,302.6310012413952,942.0607477305628,882.9024085045608,-0.1651625997931808,0.6272609122226352,1188.6637142028237,8885.0,1438.9407369229666,1380.7767176099442,4.109608147214975,21962.32456294177,17974.4,4552.0,23765.0,851.778316230224,31.35244497930588,1.1380845610459491,-0.0747589498857679,2.1162995261708266,1.0139117810064524,180.48046985754436,6528.752787432809,2230.0,-5.81212598724988
105,20,0.161290323,6948.162158068966,8214.487932890723,13786.6,5016.4492900528885,3964.5451644041686,0.0002635802349538,163053.99408312578,18691.0,3711.99724621765,1205.9265650461307,902.87781588739,171062.71568275616,2214.195185535849,6630.980575991387,6579.145029607034,5094.967998173585,752.9511118885,1237.7763519036612,992.3200651088906,-0.0542812867346382,0.555446442188072,1145.1172609073396,10311.0,1237.5418877853108,1831.6281109163629,4.14237876285975,22788.085445125555,18670.2,476.0,19689.0,979.7533873378524,34.30052880604001,1.0662700910113858,-0.0813080835707476,2.010309881682264,0.9487758681418508,287.3861513712864,7484.911450699915,2418.6,-3.7814361633696807
105,19,0.153225806,7296.165783404574,8707.520990981653,15072.4,5343.287313028951,4100.608925751715,0.1147334912566182,164906.61749217933,18547.0,4205.0303043085805,1317.5711545114686,1097.4667595648182,175712.55778998652,2350.2589468833958,6494.361874157769,6305.831502021354,5674.781650744981,1066.8749879942936,1322.2007531477325,1300.1084382561423,-0.1327571174581672,0.2500111716942383,1724.930913478735,10664.0,2253.81149778243,1695.0094090827452,4.092082947149327,23406.346848288464,18996.4,1150.0,20363.0,1571.2884203735466,39.218066170318544,0.7608348205175521,-0.0796626629309014,1.7115157622627333,1.0614573719190594,276.90395446797066,9499.81859815001,2445.4,-2.643375500825523
105,18,0.14516129,7557.280971976227,8142.269260962207,16704.8,5680.31140040915,3746.640497832543,0.2668404879094422,167145.8578038769,17893.0,3639.778574289135,1249.333190203667,994.3380581239376,176479.3183806213,1996.2905189642236,6479.623920601099,6438.889929348436,5229.513072105894,1098.8686299410472,1279.5470997221423,1019.926546470812,-0.0956416694437015,0.257880772309995,1279.6623348396483,9666.0,976.1857541133376,1680.2714555260743,4.041694504096199,24218.07107912306,19553.2,-226.0,18987.0,1436.9960681922528,38.61210332806435,0.768704421133309,-0.080052280370519,1.5307541094477812,1.1575182394003818,342.5679494640442,10823.7433279981,2569.0,-3.736128626096287
105,17,0.137096774,7876.381481964866,8009.425430560645,17908.6,6022.964794692968,3241.86451337386,0.3400092327930023,170106.47139530673,15424.0,3506.934743887572,522.4787206866839,363.3985527677141,176100.8675338952,1491.5145345055405,5337.467204104068,5169.988884817393,4656.295668409412,872.8330750315305,558.9102162532754,496.4475479899789,-0.1417001114074467,0.0094468655500715,706.4449311431667,7437.0,1174.9547110968806,538.1147390290434,3.948913841109468,25201.082343941787,19945.0,-2292.0,16921.0,2813.173243865368,37.93321752649409,0.5202705143733853,-0.0894022747608075,1.4683425271382522,1.302094105561515,335.08163184513705,10855.08515878583,2685.0,-2.8195843770899627
105,16,0.129032258,8132.738457424869,7589.988671729117,16881.2,5720.9721437065255,3072.303536682274,0.1583339950664153,174634.4967448737,12504.0,3087.497985056045,614.1505548852373,573.8209104954265,173817.0243371094,1321.9535578139544,5511.686854226316,5502.7576247977095,4170.56007304664,369.165980796022,624.0457474537291,827.8615564986869,-0.126419524666189,-0.2811152764102996,220.70933578039467,3748.0,-71.02251800925023,712.3343891512923,0.3264533528765985,24761.11251912756,18779.6,-1275.0,17938.0,2681.185745150827,38.05430852561325,0.2297083724130142,-0.124217371782573,1.2230612362743245,-0.5588706898466793,246.8920816875259,2302.5254595557008,2715.4,-3.191777055752514
105,15,0.120967742,7841.951650245083,6760.553896991796,15476.0,5509.759150153728,3640.466161215031,0.0191915030582086,173846.80944241546,11535.0,2258.063210318724,907.9760615640184,816.1143152799318,167124.2791704649,1890.1161823467116,4315.026834548769,4121.779341385597,3625.0555457533655,732.8864969743939,940.6085481906404,918.3303612451494,-0.026047927455463,-0.1402660178529614,-324.79519151288014,3285.0,181.4769200213277,-484.3256305262548,0.5328575132304283,25296.191222959897,18454.8,-1148.0,18065.0,2564.709769155176,36.378167981572936,0.3705576309703525,-0.1398249783803737,1.315412182291136,-0.6892663070104484,255.69180667358108,3857.1761773516487,2680.8,-3.6306949044410657
105,14,0.112903226,7432.194409836235,6658.734788937409,15903.4,5369.425045874386,4523.45910625513,0.15971896977449,169462.11065214532,20945.0,2156.244102264336,866.4501379836859,836.1931492935163,153789.0638386359,2773.10912738681,6308.367075622097,6253.567921258751,5739.244077674152,684.0505488555361,929.7516000318832,684.0432486032697,0.0370488965324507,0.9526485052756448,1789.3933404079066,12801.0,1552.140976385721,1509.014610547073,3.103662325391043,27454.05766823847,19327.2,5512.0,24725.0,2565.791593251485,30.244535966442115,1.4634721540989588,-0.1017193856837184,1.711109948299065,0.5574872114651631,380.1940294112993,9526.369999275974,2722.6,-3.623808655344958
105,13,0.10483871,7638.003711886888,9171.315771215472,17020.0,5563.4731166377705,5099.973806060993,0.2611085834614594,169436.73039824908,22959.0,4668.825084542399,1142.3644865489523,1003.4559492199344,176352.41711114,3349.6238271926736,7369.813061012098,7320.574216209185,5963.158836124381,1009.3365595178408,1197.8987225875858,871.6259513684746,0.180663392505636,0.7648288407448421,2013.3080988581355,15249.0,1946.4261079302569,2570.460595937074,3.173648798918325,28399.20379945693,20166.8,3972.0,23185.0,1717.200192173293,35.23901648902931,1.275652489568156,-0.0769531334011712,1.7556713158729078,0.4117631956858613,379.3635459555912,9521.179143440502,2733.6,-2.2797198860422867
105,12,0.096774194,7902.343393293433,9331.123837593374,18433.2,5899.538387188457,4925.792420287833,0.3515755752962992,170264.16540816298,22626.0,4828.633150920301,1254.2879151719692,1228.957459079205,180238.04258346464,3175.442441419513,7153.512017887088,7001.574571878652,6475.965879418392,1252.812658279713,1282.4105319155617,1227.8927819954977,0.1963101000469756,0.4617818247242705,2526.1151421521467,14503.0,2855.281063850316,2354.159552812064,3.174496842988457,28837.359162597862,21308.4,3416.0,22629.0,232.07003253327505,37.09092321228825,0.9726054735475844,-0.0450620425778867,1.865410696418,0.4093066549769194,390.00858964899726,10357.63685441216,2781.8,-2.7243235412580966
105,11,0.088709677,8152.054897421103,8838.546192367467,19878.4,6144.154624402519,3828.815512062805,0.437550047041303,171366.3618876587,19229.0,4336.055505694394,1214.9315562695033,1087.8791179741663,179328.00673458815,2078.465533194485,6625.378057905946,6589.895930466816,5520.7171830283005,1320.5425306906127,1260.5136852507624,986.3246756617704,0.1208143152088973,0.1487570823147192,1570.8664457620548,10974.0,1152.058668061054,1826.0255928309216,3.1021104537955795,28519.133567743625,21656.0,463.0,19676.0,723.8071566377296,37.182538604413,0.6595807311380331,-0.0288872412179629,1.827065583753529,0.5916895269957433,376.14930546260473,11097.436437855476,2736.8,-3.336077873223698
105,10,0.080645161,8592.442710737976,8962.492963576158,20994.2,6651.83300744641,3683.4459380073786,0.4384273885782853,173416.93509803122,16812.0,4460.002276903086,444.5630359561707,442.5275023531702,177377.14522232735,1933.0959591390588,6537.899243140965,6302.443472090823,5332.790482562357,1040.5628790645417,459.7094728657598,735.1826777283367,-0.1214585801349949,-0.1358793101680498,1382.9397452961116,8864.0,2719.8688352407835,1738.546778065941,3.0031735242415105,28662.40147777258,21836.2,-247.0,18966.0,784.4485324098674,41.83827619681322,0.3749443386552641,-0.0638266846334423,1.7504957521398494,0.7244178567371733,384.1559579129288,11096.516992929668,2711.4,-5.235960671452208
105,9,0.072580645,8974.1781276476,8567.411873485526,19314.8,6324.451815491419,3247.044337249883,0.1717072954646022,177960.34588597296,13070.0,4064.921186812453,502.4033574543799,954.2814456464116,176506.1177783446,1496.6943583815632,6115.436678995026,6072.287654635888,3930.7643735167526,231.44299211034425,507.7311197202666,1216.509226127689,-0.2173272757019828,-0.3809519602927702,-19.086363749493103,4404.0,-84.76498338923193,1316.0842139200022,0.3984951625635099,27052.365062978854,19714.2,-5098.0,14115.0,1056.1035460597575,40.69070820971023,0.1298716885305437,-0.1637870411244527,1.283918868465993,-0.6358213816568009,279.7566799917384,1664.139390246152,2656.0,-5.2306797265242775
105,8,0.064516129,8759.833828476063,8099.59427535779,17160.8,6148.557860547182,3669.1939955278194,-0.0032658596711606,177211.27505045827,12762.0,3597.1035886847176,914.3500834921382,1255.6879461578965,172607.06293356666,1918.8440166595,4737.6533966627085,4449.765827135804,3378.4313586457256,490.48091304146885,976.7863886783604,1238.5644020975622,-0.2490334359954643,-0.1100369349339726,-571.4193786205201,4479.0,1066.9563332090693,-61.69906841231568,0.3971615180913522,26468.429403558723,18436.8,-2415.0,16798.0,1112.5715707315169,39.82519386105723,0.4007867138893413,-0.22969304786719,1.1792091587706124,-0.6348737025735155,252.5513809108949,2885.772620577214,2630.6,-4.512672487763112
105,7,0.056451613,8412.522194575498,7594.565668090554,16889.6,6065.449521399701,4433.744562830459,0.0578905783102076,172312.6233301588,21092.0,3092.074981417481,914.6118141696636,1067.895587292163,155744.7839819672,2683.3945839621388,7154.552713965688,7082.372747638064,5791.112307759775,567.6019733616538,996.2525162488864,1138.283928659523,-0.2546169985397898,0.7675640146311122,1841.2615704935288,13147.0,2439.739368112909,2355.200248890664,3.3430716484032765,27129.16307170626,18865.2,5558.0,24771.0,1486.1314544817342,36.968215113798855,1.278387663454426,-0.2259021125919314,1.308497781562019,0.8094954192878747,283.4390587057471,9688.710206126954,2636.6,-2.64445486317228
105,6,0.048387097,8485.059621970557,9201.233329342753,17608.2,6221.763763097186,4930.019388233189,0.1730228516804145,170602.14463777645,22768.0,4698.74264266968,1086.6734322943971,1087.521140106482,170775.61327267648,3179.669409364869,7536.683905981883,7495.538688694681,5630.066016152178,638.3670799404536,1174.1742231429084,1139.298906039884,-0.0644215958453245,0.7244184491657535,1680.2152788859323,14567.0,1933.6298765484817,2737.331440906859,3.503213297060667,28204.27899404555,19385.4,3064.0,22277.0,1090.641325092716,34.239155923129786,1.2352420979890677,-0.2268214935662648,1.368642750719659,0.5076925293702776,339.82833901839314,8879.450023187284,2708.0,-3.444710920044652
105,5,0.040322581,8714.239112491261,10108.390416179684,18623.8,6280.994742789315,4914.774801627871,0.2544706239046118,170984.65640331147,22314.0,5605.899729506611,1132.191857560211,1237.7756101411364,179289.70405000253,3164.4248227595517,7112.748615275166,6912.400376035368,6155.579342977015,944.8728568520684,1208.2187157876738,1216.1977566025532,-0.0007280088040904,0.2713595509529366,2205.728605710769,13942.0,3016.023733701427,2313.396150200142,3.476962879729041,28107.90109210996,20099.8,3325.0,22538.0,1352.6394567659172,36.176194627527046,0.7821831997762505,-0.1848381785219488,1.4063715403500168,0.5678760607273701,318.2274343924482,9204.487718739929,2738.6,-4.304215290902216
105,4,0.032258065,8928.155577839687,9636.994200227657,20093.2,6560.992531536198,4619.443280263358,0.3472958955411195,171141.39424392424,20287.0,5134.503513554584,1118.6035218460013,1093.424530486646,177289.8069814082,2869.0933013950385,6978.118109382623,6943.634668545721,5407.301667926964,1045.6437969501055,1211.523237878598,799.8645021507214,0.052506672019554,0.083174397889768,1457.4509306607183,11751.0,1315.2239603451844,2178.7656443075984,3.4796744303555043,28284.8572632947,21332.2,1064.0,20277.0,1350.2972635682838,37.17777007507349,0.5939980467130819,-0.1167684787558803,1.5446935294309136,0.5622029965009112,350.9796290384955,9274.795921531428,2834.6,-4.196787812594008
105,3,0.024193548,9201.05450128714,9464.088892595064,21912.2,6755.898222263471,4322.565281488348,0.4391191487000229,172044.38206859626,21576.0,4961.598205921991,549.8330353427734,389.3205102996452,177122.00205692684,2572.215302620028,6056.952357126974,5844.4383477874135,5125.194577334149,897.1374286202532,611.2224732512927,630.3541837034945,-0.0066411495479581,0.3490793308605449,1175.3438400679029,13574.0,2041.484786845438,1257.5998920519496,3.5036726344196536,29157.54921642133,22016.8,1008.0,20221.0,885.2930023444188,39.80816586568528,0.8599029796838588,-0.0624117112487961,1.6360318423804934,0.5232510185431385,345.79227868765366,9625.934498537736,2880.8,-3.184943301247723
105,2,0.016129032,9465.203091698082,8915.308620145248,20620.8,6318.328887514091,3912.733087622576,0.2297502698469996,176594.072623008,15224.0,4412.817933472175,680.4297273588516,626.6026817016675,178493.2367540259,2162.383108754256,5994.934954215346,5958.720239974739,4461.471408156446,389.99680801873376,706.2211137455176,1018.2708241964792,-0.0323400079813825,-0.2792803796340046,511.6206708902005,6690.0,251.89269436600443,1195.5824891403215,0.404763744824777,28721.460372640693,20240.8,-3322.0,15891.0,2295.9801175097305,39.95278016009338,0.2315432691893093,-0.0958443121303489,1.39581478117255,-1.0085083141608435,259.57561518755944,3293.757441198404,2882.0,-2.9381797319464966
105,1,0.008064516,9286.922454448748,8309.830143096078,18823.0,6068.661761601936,4158.745583230314,0.0635962561921593,176984.79901759615,14028.0,3807.3394564230057,1008.660668526484,906.6547717630458,172729.2452456173,2408.395604361994,4592.996964628632,4381.644242086353,3782.598108693209,689.9541786814179,1044.9361335593942,1099.9962619847763,-0.0537996671143317,-0.1063516191084477,-167.25262857303687,5578.0,685.2942469877107,-206.3555004463924,0.2988166477397883,28150.275034640545,19140.4,-2438.0,16775.0,2293.620435032788,39.01089050769141,0.4044720297148662,-0.1412374557080893,1.3157201852938123,-0.9312671876986336,240.7079142861737,2516.3549379175934,2890.0,-3.9731647450114833
105,0,0.0,8609.189625976764,6719.726273819774,19194.8,5859.471007024969,4674.830290607631,0.2897552048950774,170252.61995743652,23939.0,2217.2355871467016,968.0519361032326,775.25353128591,145628.80874920444,2924.4803117393108,6933.118715136086,6884.972988656359,5709.413106520758,1154.39098042214,1039.058036817375,784.9004482184278,0.1218115536760866,1.402154294467527,1759.5623692545128,15801.0,1970.0699608165924,2133.7662500610622,3.588977200114142,28106.26293023739,19274.0,3993.0,23206.0,2666.460069080352,35.20017536774298,1.9129779432908407,-0.1110475023548072,2.3299490658911948,0.5709273800937484,382.1364939390112,13855.1414742447,8872.8,10.305329342211952
